season,team,date,time,round,day,venue,result,gf,ga,opp,tm_std_Gls,tm_std_Sh,tm_std_SoT,tm_std_Sot%,tm_std_G_Sh,tm_std_G_SoT,tm_std_Dist,tm_std_FK,tm_std_PK,tm_std_PKatt,tm_exp_xG,tm_exp_npxG,tm_exp_npxG_Sh,tm_exp_G_xG,tm_exp_np_G_xG,opp_std_Gls,opp_std_Sh,opp_std_SoT,opp_std_Sot%,opp_std_G_Sh,opp_std_G_SoT,opp_std_Dist,opp_std_FK,opp_std_PK,opp_std_PKatt,opp_exp_xG,opp_exp_npxG,opp_exp_npxG_Sh,opp_exp_G_xG,opp_exp_np_G_xG
2025,Angel City FC,2025-03-16 00:00:00,15:50 (18:50),Regular Season,Sun,Home,D,1,1,Wave,1,11,5,45.5,0.09,0.2,15.9,0,0,0,0.7,0.7,0.06,0.3,0.3,1.0,17.0,6.0,35.3,0.06,0.17,19.9,0.0,0.0,0.0,1.3,1.3,0.07,-0.3,-0.3
2025,Angel City FC,2025-03-21 00:00:00,19:00 (22:00),Regular Season,Fri,Away,D,1,1,Thorns,1,10,5,50.0,0.1,0.2,19.8,0,0,0,0.5,0.5,0.05,0.5,0.5,1.0,21.0,9.0,42.9,0.05,0.11,19.8,0.0,0.0,0.0,1.7,1.7,0.08,-0.7,-0.7
2025,Angel City FC,2025-03-30 00:00:00,17:00 (20:00),Regular Season,Sun,Home,W,2,1,Reign,2,16,5,31.3,0.13,0.4,15.8,0,0,0,1.4,1.4,0.09,0.6,0.6,1.0,5.0,1.0,20.0,0.0,0.0,21.0,0.0,1.0,1.0,1.5,0.7,0.14,-0.5,-0.7
2025,Angel City FC,2025-04-12 00:00:00,16:00 (17:00),Regular Season,Sat,Away,W,3,1,Dash,3,13,6,46.2,0.23,0.5,15.8,0,0,0,1.6,1.6,0.12,1.4,1.4,1.0,14.0,3.0,21.4,0.07,0.33,13.1,0.0,0.0,0.0,1.8,1.8,0.13,-0.8,-0.8
2025,Angel City FC,2025-04-18 00:00:00,19:30 (22:30),Regular Season,Fri,Home,L,0,4,Gotham FC,0,9,0,0.0,0.0,,21.5,0,0,0,0.5,0.5,0.06,-0.5,-0.5,3.0,12.0,4.0,33.3,0.25,0.75,14.2,0.0,0.0,0.0,1.3,1.3,0.11,1.7,1.7
2025,Angel City FC,2025-04-25 00:00:00,20:00,Regular Season,Fri,Away,L,2,3,Pride,2,10,5,50.0,0.2,0.4,16.8,0,0,0,0.8,0.8,0.08,1.2,1.2,2.0,13.0,5.0,38.5,0.15,0.4,15.1,0.0,0.0,0.0,1.3,1.3,0.1,0.7,0.7
2025,Angel City FC,2025-05-02 00:00:00,20:00,Regular Season,Fri,Away,W,4,3,Spirit,4,23,8,34.8,0.17,0.5,14.4,1,0,0,2.3,2.3,0.1,1.7,1.7,3.0,10.0,3.0,30.0,0.3,1.0,10.1,0.0,0.0,0.0,2.4,2.4,0.25,0.6,0.6
2025,Angel City FC,2025-05-09 00:00:00,19:30 (22:30),Regular Season,Fri,Home,W,2,0,Royals,2,19,6,31.6,0.11,0.33,17.4,0,0,0,1.8,1.8,0.09,0.2,0.2,0.0,15.0,7.0,46.7,0.0,0.0,22.0,1.0,0.0,0.0,1.0,1.0,0.07,-1.0,-1.0
2025,Angel City FC,2025-05-17 00:00:00,19:00 (22:00),Regular Season,Sat,Away,L,0,2,Bay FC,0,17,4,23.5,0.0,0.0,17.5,1,0,0,1.1,1.1,0.06,-1.1,-1.1,2.0,11.0,3.0,27.3,0.09,0.33,22.3,0.0,1.0,1.0,1.3,0.6,0.06,0.7,0.4
2025,Angel City FC,2025-05-24 00:00:00,19:00 (22:00),Regular Season,Sat,Home,L,2,3,Louisville,2,13,6,46.2,0.08,0.17,16.9,0,1,1,1.6,0.9,0.07,0.4,0.1,3.0,14.0,4.0,28.6,0.14,0.5,19.4,0.0,1.0,1.0,1.5,0.8,0.06,1.5,1.2
2025,Angel City FC,2025-06-07 00:00:00,19:00 (22:00),Regular Season,Sat,Home,D,2,2,Chicago Stars,2,15,5,33.3,0.13,0.4,16.6,1,0,0,1.5,1.5,0.1,0.5,0.5,2.0,10.0,4.0,40.0,0.2,0.5,23.3,0.0,0.0,0.0,0.5,0.5,0.05,1.5,1.5
2025,Angel City FC,2025-06-14 00:00:00,19:00 (22:00),Regular Season,Sat,Home,L,1,2,Courage,1,13,2,15.4,0.08,0.5,20.0,0,0,0,1.4,1.4,0.11,-0.4,-0.4,2.0,24.0,6.0,25.0,0.08,0.33,13.6,0.0,0.0,0.0,2.9,2.9,0.13,-0.9,-0.9
2025,Angel City FC,2025-06-20 00:00:00,19:00 (20:00),Regular Season,Fri,Away,L,0,1,Current,0,2,1,50.0,0.0,0.0,29.8,0,0,1,0.8,0.1,0.05,-0.8,-0.1,1.0,13.0,7.0,53.8,0.08,0.14,15.6,0.0,0.0,0.0,2.1,2.1,0.18,-1.1,-1.1
2025,Bay FC,2025-03-15 00:00:00,17:30 (19:30),Regular Season,Sat,Away,D,1,1,Royals,1,12,5,41.7,0.08,0.2,19.1,0,0,0,0.8,0.8,0.07,0.2,0.2,1.0,13.0,4.0,30.8,0.08,0.25,24.7,1.0,0.0,0.0,1.0,1.0,0.08,0.0,0.0
2025,Bay FC,2025-03-22 00:00:00,19:00 (22:00),Regular Season,Sat,Home,W,2,0,Louisville,2,8,4,50.0,0.25,0.5,20.0,0,0,0,0.9,0.9,0.11,1.1,1.1,0.0,12.0,3.0,25.0,0.0,0.0,13.1,0.0,0.0,0.0,1.4,1.4,0.12,-1.4,-1.4
2025,Bay FC,2025-03-28 00:00:00,20:00,Regular Season,Fri,Away,L,0,2,Spirit,0,9,2,22.2,0.0,0.0,15.1,0,0,0,1.3,1.3,0.14,-1.3,-1.3,2.0,8.0,5.0,62.5,0.25,0.4,13.9,0.0,0.0,0.0,1.1,1.1,0.15,0.9,0.9
2025,Bay FC,2025-04-13 00:00:00,16:00 (19:00),Regular Season,Sun,Home,L,1,2,Chicago Stars,1,12,2,16.7,0.0,0.0,18.3,0,1,1,1.7,1.0,0.08,-0.7,-1.0,2.0,8.0,5.0,62.5,0.25,0.4,11.5,0.0,0.0,0.0,1.5,1.5,0.19,0.5,0.5
2025,Bay FC,2025-04-19 00:00:00,19:00,Regular Season,Sat,Away,W,1,0,Courage,1,11,4,36.4,0.09,0.25,17.9,0,0,0,0.5,0.5,0.04,0.5,0.5,0.0,5.0,1.0,20.0,0.0,0.0,19.2,0.0,0.0,0.0,0.3,0.3,0.06,-0.3,-0.3
2025,Bay FC,2025-04-26 00:00:00,19:00 (22:00),Regular Season,Sat,Home,D,1,1,Reign,1,10,3,30.0,0.1,0.33,18.5,0,0,0,0.6,0.6,0.06,0.4,0.4,1.0,9.0,5.0,55.6,0.11,0.2,13.3,0.0,0.0,0.0,1.1,1.1,0.12,-0.1,-0.1
2025,Bay FC,2025-05-04 00:00:00,17:00 (20:00),Regular Season,Sun,Away,L,1,2,Wave,1,6,2,33.3,0.17,0.5,13.5,0,0,0,0.8,0.8,0.14,0.2,0.2,2.0,16.0,4.0,25.0,0.13,0.5,16.2,0.0,0.0,1.0,1.9,1.2,0.07,0.1,0.8
2025,Bay FC,2025-05-11 00:00:00,11:50 (12:50),Regular Season,Sun,Away,L,1,4,Current,1,11,3,27.3,0.09,0.33,20.3,0,0,0,0.7,0.7,0.07,0.3,0.3,4.0,18.0,6.0,33.3,0.22,0.67,15.1,1.0,0.0,0.0,2.5,2.5,0.14,1.5,1.5
2025,Bay FC,2025-05-17 00:00:00,19:00 (22:00),Regular Season,Sat,Home,W,2,0,Angel City,2,11,3,27.3,0.09,0.33,22.3,0,1,1,1.3,0.6,0.06,0.7,0.4,0.0,17.0,4.0,23.5,0.0,0.0,17.5,1.0,0.0,0.0,1.1,1.1,0.06,-1.1,-1.1
2025,Bay FC,2025-05-24 00:00:00,19:00 (20:00),Regular Season,Sat,Away,D,2,2,Dash,2,17,8,47.1,0.12,0.25,15.7,0,0,0,2.2,2.2,0.13,-0.2,-0.2,2.0,12.0,5.0,41.7,0.17,0.4,22.1,1.0,0.0,0.0,0.8,0.8,0.07,1.2,1.2
2025,Bay FC,2025-06-07 00:00:00,16:30 (19:30),Regular Season,Sat,Home,W,1,0,Thorns,1,10,2,20.0,0.1,0.5,16.6,0,0,0,0.9,0.9,0.09,0.1,0.1,0.0,16.0,5.0,31.3,0.0,0.0,15.1,0.0,0.0,0.0,1.1,1.1,0.07,-1.1,-1.1
2025,Bay FC,2025-06-13 00:00:00,19:00 (22:00),Regular Season,Fri,Home,L,0,1,Pride,0,20,5,25.0,0.0,0.0,18.7,1,0,0,1.7,1.7,0.09,-1.7,-1.7,1.0,7.0,4.0,57.1,0.14,0.25,16.2,0.0,0.0,0.0,0.4,0.4,0.05,0.6,0.6
2025,Bay FC,2025-06-21 00:00:00,19:30,Regular Season,Sat,Away,L,1,2,Gotham FC,1,11,5,45.5,0.09,0.2,11.9,0,0,0,2.8,2.8,0.26,-1.8,-1.8,2.0,8.0,3.0,37.5,0.25,0.67,14.7,0.0,0.0,0.0,0.9,0.9,0.11,1.1,1.1
2025,Chicago Stars,2025-03-14 00:00:00,20:00,Regular Season,Fri,Away,L,0,6,Pride,0,8,2,25.0,0.0,0.0,12.6,0,0,0,1.1,1.1,0.14,-1.1,-1.1,5.0,27.0,8.0,29.6,0.19,0.63,18.2,1.0,0.0,0.0,2.1,2.1,0.08,2.9,2.9
2025,Chicago Stars,2025-03-23 00:00:00,14:00 (15:00),Regular Season,Sun,Home,L,1,2,Dash,1,11,6,54.5,0.09,0.17,17.2,0,0,0,1.1,1.1,0.1,-0.1,-0.1,2.0,15.0,4.0,26.7,0.13,0.5,16.8,0.0,0.0,0.0,2.2,2.2,0.15,-0.2,-0.2
2025,Chicago Stars,2025-03-30 00:00:00,15:00 (16:00),Regular Season,Sun,Home,L,0,1,Louisville,0,11,3,27.3,0.0,0.0,15.5,0,0,0,0.9,0.9,0.09,-0.9,-0.9,1.0,16.0,3.0,18.8,0.06,0.33,13.2,0.0,0.0,0.0,1.8,1.8,0.13,-0.8,-0.8
2025,Chicago Stars,2025-04-13 00:00:00,16:00 (19:00),Regular Season,Sun,Away,W,2,1,Bay FC,2,8,5,62.5,0.25,0.4,11.5,0,0,0,1.5,1.5,0.19,0.5,0.5,1.0,12.0,2.0,16.7,0.0,0.0,18.3,0.0,1.0,1.0,1.7,1.0,0.08,-0.7,-1.0
2025,Chicago Stars,2025-04-18 00:00:00,19:30 (21:30),Regular Season,Fri,Away,L,0,1,Royals,0,9,1,11.1,0.0,0.0,15.9,0,0,0,0.5,0.5,0.05,-0.5,-0.5,1.0,8.0,0.0,0.0,0.0,,25.8,0.0,1.0,1.0,1.0,0.3,0.03,0.0,-0.3
2025,Chicago Stars,2025-04-26 00:00:00,18:30 (19:30),Regular Season,Sat,Home,L,0,3,Wave,0,11,4,36.4,0.0,0.0,18.8,0,0,0,0.7,0.7,0.07,-0.7,-0.7,2.0,9.0,5.0,55.6,0.22,0.4,16.1,0.0,0.0,0.0,0.9,0.9,0.1,1.1,1.1
2025,Chicago Stars,2025-05-04 00:00:00,13:00,Regular Season,Sun,Away,D,0,0,Gotham FC,0,4,1,25.0,0.0,0.0,23.5,0,0,0,0.2,0.2,0.05,-0.2,-0.2,0.0,14.0,6.0,42.9,0.0,0.0,17.0,0.0,0.0,0.0,1.2,1.2,0.08,-1.2,-1.2
2025,Chicago Stars,2025-05-10 00:00:00,11:50 (12:50),Regular Season,Sat,Home,L,2,3,Spirit,2,12,4,33.3,0.17,0.5,13.1,0,0,0,2.1,2.1,0.18,-0.1,-0.1,2.0,9.0,2.0,22.2,0.22,1.0,17.2,0.0,0.0,0.0,1.5,1.5,0.17,0.5,0.5
2025,Chicago Stars,2025-05-17 00:00:00,17:00,Regular Season,Sat,Away,L,0,2,Courage,0,10,4,40.0,0.0,0.0,17.6,1,0,0,0.9,0.9,0.09,-0.9,-0.9,2.0,14.0,8.0,57.1,0.14,0.25,17.4,0.0,0.0,0.0,1.4,1.4,0.1,0.6,0.6
2025,Chicago Stars,2025-05-24 00:00:00,18:30 (19:30),Regular Season,Sat,Home,L,1,3,Current,1,1,1,100.0,1.0,1.0,14.8,0,0,0,0.1,0.1,0.05,0.9,0.9,3.0,12.0,7.0,58.3,0.25,0.43,14.7,0.0,0.0,0.0,1.9,1.9,0.16,1.1,1.1
2025,Chicago Stars,2025-06-07 00:00:00,19:00 (22:00),Regular Season,Sat,Away,D,2,2,Angel City,2,10,4,40.0,0.2,0.5,23.3,0,0,0,0.5,0.5,0.05,1.5,1.5,2.0,15.0,5.0,33.3,0.13,0.4,16.6,1.0,0.0,0.0,1.5,1.5,0.1,0.5,0.5
2025,Chicago Stars,2025-06-14 00:00:00,16:00 (17:00),Regular Season,Sat,Home,D,2,2,Reign,2,8,5,62.5,0.25,0.4,17.0,0,0,0,1.0,1.0,0.13,1.0,1.0,2.0,17.0,6.0,35.3,0.12,0.33,17.5,0.0,0.0,0.0,1.1,1.1,0.07,0.9,0.9
2025,Chicago Stars,2025-06-21 00:00:00,19:00 (22:00),Regular Season,Sat,Away,L,0,1,Thorns,0,6,3,50.0,0.0,0.0,15.8,0,0,0,0.3,0.3,0.05,-0.3,-0.3,1.0,12.0,3.0,25.0,0.08,0.33,16.0,0.0,0.0,0.0,0.9,0.9,0.08,0.1,0.1
2025,Gotham FC,2025-03-15 00:00:00,19:00 (22:00),Regular Season,Sat,Away,D,1,1,Reign,1,11,4,36.4,0.09,0.25,16.4,0,0,0,1.3,1.3,0.12,-0.3,-0.3,1.0,7.0,1.0,14.3,0.14,1.0,14.5,0.0,0.0,0.0,0.5,0.5,0.08,0.5,0.5
2025,Gotham FC,2025-03-23 00:00:00,17:00,Regular Season,Sun,Home,L,0,2,Pride,0,15,4,26.7,0.0,0.0,15.9,0,0,0,1.1,1.1,0.07,-1.1,-1.1,1.0,5.0,3.0,60.0,0.0,0.0,20.5,0.0,1.0,1.0,1.0,0.3,0.06,0.0,-0.3
2025,Gotham FC,2025-03-28 00:00:00,19:00 (20:00),Regular Season,Fri,Away,D,0,0,Dash,0,9,2,22.2,0.0,0.0,17.2,0,0,0,0.4,0.4,0.04,-0.4,-0.4,0.0,3.0,1.0,33.3,0.0,0.0,17.5,0.0,0.0,0.0,0.1,0.1,0.04,-0.1,-0.1
2025,Gotham FC,2025-04-13 00:00:00,16:00,Regular Season,Sun,Home,W,3,1,Courage,3,20,8,40.0,0.15,0.38,15.4,0,0,0,2.4,2.4,0.13,0.6,0.6,1.0,9.0,4.0,44.4,0.11,0.25,23.0,0.0,0.0,0.0,0.7,0.7,0.08,0.3,0.3
2025,Gotham FC,2025-04-18 00:00:00,19:30 (22:30),Regular Season,Fri,Away,W,4,0,Angel City,3,12,4,33.3,0.25,0.75,14.2,0,0,0,1.3,1.3,0.11,1.7,1.7,0.0,9.0,0.0,0.0,0.0,,21.5,0.0,0.0,0.0,0.5,0.5,0.06,-0.5,-0.5
2025,Gotham FC,2025-04-22 00:00:00,19:30 (22:30),Regular Season,Tue,Away,L,1,4,Thorns,1,5,3,60.0,0.2,0.33,15.8,0,0,0,0.7,0.7,0.15,0.3,0.3,4.0,10.0,6.0,60.0,0.3,0.5,18.8,1.0,1.0,1.0,2.1,1.4,0.14,1.9,1.6
2025,Gotham FC,2025-04-26 00:00:00,13:00,Regular Season,Sat,Away,W,3,0,Spirit,3,10,6,60.0,0.2,0.33,20.7,0,1,1,1.9,1.1,0.11,1.1,0.9,0.0,12.0,3.0,25.0,0.0,0.0,10.1,0.0,0.0,0.0,2.6,2.6,0.21,-2.6,-2.6
2025,Gotham FC,2025-05-04 00:00:00,13:00,Regular Season,Sun,Home,D,0,0,Chicago Stars,0,14,6,42.9,0.0,0.0,17.0,0,0,0,1.2,1.2,0.08,-1.2,-1.2,0.0,4.0,1.0,25.0,0.0,0.0,23.5,0.0,0.0,0.0,0.2,0.2,0.05,-0.2,-0.2
2025,Gotham FC,2025-05-09 00:00:00,20:00,Regular Season,Fri,Away,L,0,1,Louisville,0,13,5,38.5,0.0,0.0,19.1,1,0,0,1.0,1.0,0.08,-1.0,-1.0,1.0,9.0,5.0,55.6,0.11,0.2,22.1,0.0,0.0,0.0,0.7,0.7,0.08,0.3,0.3
2025,Gotham FC,2025-05-16 00:00:00,19:30,Regular Season,Fri,Home,L,0,1,Wave,0,10,2,20.0,0.0,0.0,21.8,0,0,0,0.5,0.5,0.05,-0.5,-0.5,1.0,6.0,2.0,33.3,0.17,0.5,16.3,0.0,0.0,0.0,0.3,0.3,0.05,0.7,0.7
2025,Gotham FC,2025-06-07 00:00:00,13:00,Regular Season,Sat,Home,L,1,2,Current,0,11,2,18.2,0.0,0.0,16.3,0,0,0,0.9,0.9,0.08,-0.9,-0.9,2.0,8.0,5.0,62.5,0.25,0.4,12.4,0.0,0.0,0.0,1.9,1.9,0.23,0.1,0.1
2025,Gotham FC,2025-06-13 00:00:00,19:30 (21:30),Regular Season,Fri,Away,W,3,0,Royals,3,5,3,60.0,0.4,0.67,19.7,0,1,1,1.6,0.9,0.18,1.4,1.1,0.0,6.0,3.0,50.0,0.0,0.0,18.5,1.0,0.0,0.0,0.6,0.6,0.1,-0.6,-0.6
2025,Gotham FC,2025-06-21 00:00:00,19:30,Regular Season,Sat,Home,W,2,1,Bay FC,2,8,3,37.5,0.25,0.67,14.7,0,0,0,0.9,0.9,0.11,1.1,1.1,1.0,11.0,5.0,45.5,0.09,0.2,11.9,0.0,0.0,0.0,2.8,2.8,0.26,-1.8,-1.8
2025,Houston Dash,2025-03-14 00:00:00,19:00 (20:00),Regular Season,Fri,Home,L,1,2,Spirit,1,10,4,40.0,0.1,0.25,16.3,0,0,0,1.0,1.0,0.1,0.0,0.0,2.0,8.0,4.0,50.0,0.25,0.5,18.5,0.0,0.0,0.0,1.4,1.4,0.19,0.6,0.6
2025,Houston Dash,2025-03-23 00:00:00,14:00 (15:00),Regular Season,Sun,Away,W,2,1,Chicago Stars,2,15,4,26.7,0.13,0.5,16.8,0,0,0,2.2,2.2,0.15,-0.2,-0.2,1.0,11.0,6.0,54.5,0.09,0.17,17.2,0.0,0.0,0.0,1.1,1.1,0.1,-0.1,-0.1
2025,Houston Dash,2025-03-28 00:00:00,19:00 (20:00),Regular Season,Fri,Home,D,0,0,Gotham FC,0,3,1,33.3,0.0,0.0,17.5,0,0,0,0.1,0.1,0.04,-0.1,-0.1,0.0,9.0,2.0,22.2,0.0,0.0,17.2,0.0,0.0,0.0,0.4,0.4,0.04,-0.4,-0.4
2025,Houston Dash,2025-04-12 00:00:00,16:00 (17:00),Regular Season,Sat,Home,L,1,3,Angel City,1,14,3,21.4,0.07,0.33,13.1,0,0,0,1.8,1.8,0.13,-0.8,-0.8,3.0,13.0,6.0,46.2,0.23,0.5,15.8,0.0,0.0,0.0,1.6,1.6,0.12,1.4,1.4
2025,Houston Dash,2025-04-19 00:00:00,18:30 (19:30),Regular Season,Sat,Away,L,0,2,Current,0,5,2,40.0,0.0,0.0,11.5,0,0,0,0.6,0.6,0.11,-0.6,-0.6,2.0,13.0,4.0,30.8,0.08,0.25,18.1,0.0,1.0,1.0,1.6,0.8,0.06,0.4,0.2
2025,Houston Dash,2025-04-25 00:00:00,19:00 (20:00),Regular Season,Fri,Home,W,1,0,Royals,1,7,4,57.1,0.14,0.25,14.6,1,0,0,1.0,1.0,0.14,0.0,0.0,0.0,13.0,5.0,38.5,0.0,0.0,21.4,1.0,0.0,0.0,1.0,1.0,0.08,-1.0,-1.0
2025,Houston Dash,2025-05-02 00:00:00,19:00 (20:00),Regular Season,Fri,Home,L,1,2,Louisville,1,12,6,50.0,0.08,0.17,14.6,0,0,0,1.0,1.0,0.09,0.0,0.0,2.0,11.0,4.0,36.4,0.18,0.5,22.5,1.0,0.0,0.0,0.8,0.8,0.07,1.2,1.2
2025,Houston Dash,2025-05-11 00:00:00,17:00 (20:00),Regular Season,Sun,Away,W,1,0,Reign,1,3,2,66.7,0.33,0.5,13.7,0,0,0,1.0,1.0,0.34,0.0,0.0,0.0,6.0,1.0,16.7,0.0,0.0,15.1,0.0,0.0,0.0,0.6,0.6,0.11,-0.6,-0.6
2025,Houston Dash,2025-05-16 00:00:00,19:00 (20:00),Regular Season,Fri,Home,L,1,4,Thorns,0,8,2,25.0,0.0,0.0,13.7,0,0,0,1.0,1.0,0.15,-1.0,-1.0,4.0,13.0,6.0,46.2,0.23,0.5,17.4,0.0,1.0,1.0,1.6,0.9,0.07,2.4,2.1
2025,Houston Dash,2025-05-24 00:00:00,19:00 (20:00),Regular Season,Sat,Home,D,2,2,Bay FC,2,12,5,41.7,0.17,0.4,22.1,1,0,0,0.8,0.8,0.07,1.2,1.2,2.0,17.0,8.0,47.1,0.12,0.25,15.7,0.0,0.0,0.0,2.2,2.2,0.13,-0.2,-0.2
2025,Houston Dash,2025-06-07 00:00:00,19:00,Regular Season,Sat,Away,L,0,1,Pride,0,8,4,50.0,0.0,0.0,18.4,0,0,0,0.6,0.6,0.07,-0.6,-0.6,1.0,22.0,8.0,36.4,0.05,0.13,16.2,0.0,0.0,0.0,1.4,1.4,0.07,-0.4,-0.4
2025,Houston Dash,2025-06-13 00:00:00,19:00 (20:00),Regular Season,Fri,Home,L,2,3,Wave,2,11,3,27.3,0.18,0.67,20.5,1,0,0,0.8,0.8,0.07,1.2,1.2,3.0,18.0,10.0,55.6,0.17,0.3,17.2,0.0,0.0,0.0,1.9,1.9,0.11,1.1,1.1
2025,Houston Dash,2025-06-21 00:00:00,19:30,Regular Season,Sat,Away,L,1,2,Courage,1,6,2,33.3,0.17,0.5,20.2,0,0,0,0.5,0.5,0.08,0.5,0.5,2.0,14.0,5.0,35.7,0.14,0.4,12.1,0.0,0.0,0.0,2.1,2.1,0.15,-0.1,-0.1
2025,Kansas City Current,2025-03-15 00:00:00,11:45 (12:45),Regular Season,Sat,Home,W,3,1,Thorns,3,15,6,40.0,0.2,0.5,16.0,0,0,0,1.9,1.9,0.13,1.1,1.1,1.0,11.0,3.0,27.3,0.09,0.33,22.0,1.0,0.0,1.0,1.2,0.5,0.04,-0.2,0.5
2025,Kansas City Current,2025-03-22 00:00:00,19:30,Regular Season,Sat,Away,W,2,0,Spirit,2,14,5,35.7,0.07,0.2,17.5,0,1,1,3.1,2.5,0.18,-1.1,-1.5,0.0,11.0,3.0,27.3,0.0,0.0,13.5,0.0,0.0,0.0,1.2,1.2,0.12,-1.2,-1.2
2025,Kansas City Current,2025-03-29 00:00:00,18:30 (19:30),Regular Season,Sat,Home,W,3,0,Royals,3,16,6,37.5,0.19,0.5,14.0,1,0,0,3.1,3.1,0.19,-0.1,-0.1,0.0,7.0,3.0,42.9,0.0,0.0,25.7,1.0,0.0,0.0,0.2,0.2,0.03,-0.2,-0.2
2025,Kansas City Current,2025-04-12 00:00:00,19:00 (22:00),Regular Season,Sat,Away,W,2,0,Wave,2,7,3,42.9,0.14,0.33,22.0,0,1,1,1.1,0.5,0.07,0.9,0.5,0.0,9.0,4.0,44.4,0.0,0.0,19.1,0.0,0.0,0.0,0.6,0.6,0.07,-0.6,-0.6
2025,Kansas City Current,2025-04-19 00:00:00,18:30 (19:30),Regular Season,Sat,Home,W,2,0,Dash,2,13,4,30.8,0.08,0.25,18.1,0,1,1,1.6,0.8,0.06,0.4,0.2,0.0,5.0,2.0,40.0,0.0,0.0,11.5,0.0,0.0,0.0,0.6,0.6,0.11,-0.6,-0.6
2025,Kansas City Current,2025-04-26 00:00:00,19:00,Regular Season,Sat,Away,L,2,3,Courage,2,15,4,26.7,0.13,0.5,17.5,0,0,0,1.1,1.1,0.08,0.9,0.9,3.0,14.0,8.0,57.1,0.21,0.38,20.9,1.0,0.0,0.0,1.2,1.2,0.09,1.8,1.8
2025,Kansas City Current,2025-05-02 00:00:00,19:30 (22:30),Regular Season,Fri,Away,L,0,1,Reign,0,13,3,23.1,0.0,0.0,18.4,0,0,0,0.7,0.7,0.06,-0.7,-0.7,1.0,5.0,2.0,40.0,0.2,0.5,18.7,0.0,0.0,0.0,0.3,0.3,0.07,0.7,0.7
2025,Kansas City Current,2025-05-11 00:00:00,11:50 (12:50),Regular Season,Sun,Home,W,4,1,Bay FC,4,18,6,33.3,0.22,0.67,15.1,1,0,0,2.5,2.5,0.14,1.5,1.5,1.0,11.0,3.0,27.3,0.09,0.33,20.3,0.0,0.0,0.0,0.7,0.7,0.07,0.3,0.3
2025,Kansas City Current,2025-05-16 00:00:00,20:00,Regular Season,Fri,Away,W,1,0,Pride,1,12,5,41.7,0.08,0.2,16.5,1,0,0,1.0,1.0,0.08,0.0,0.0,0.0,11.0,4.0,36.4,0.0,0.0,14.0,0.0,0.0,0.0,1.4,1.4,0.13,-1.4,-1.4
2025,Kansas City Current,2025-05-24 00:00:00,18:30 (19:30),Regular Season,Sat,Away,W,3,1,Chicago Stars,3,12,7,58.3,0.25,0.43,14.7,0,0,0,1.9,1.9,0.16,1.1,1.1,1.0,1.0,1.0,100.0,1.0,1.0,14.8,0.0,0.0,0.0,0.1,0.1,0.05,0.9,0.9
2025,Kansas City Current,2025-06-07 00:00:00,13:00,Regular Season,Sat,Away,W,2,1,Gotham FC,2,8,5,62.5,0.25,0.4,12.4,0,0,0,1.9,1.9,0.23,0.1,0.1,0.0,11.0,2.0,18.2,0.0,0.0,16.3,0.0,0.0,0.0,0.9,0.9,0.08,-0.9,-0.9
2025,Kansas City Current,2025-06-14 00:00:00,18:30 (19:30),Regular Season,Sat,Home,W,4,2,Louisville,3,13,6,46.2,0.23,0.5,17.0,0,0,0,2.1,2.1,0.16,0.9,0.9,2.0,12.0,4.0,33.3,0.17,0.5,16.5,0.0,0.0,0.0,1.1,1.1,0.09,0.9,0.9
2025,Kansas City Current,2025-06-20 00:00:00,19:00 (20:00),Regular Season,Fri,Home,W,1,0,Angel City,1,13,7,53.8,0.08,0.14,15.6,0,0,0,2.1,2.1,0.18,-1.1,-1.1,0.0,2.0,1.0,50.0,0.0,0.0,29.8,0.0,0.0,1.0,0.8,0.1,0.05,-0.8,-0.1
2025,North Carolina Courage,2025-03-15 00:00:00,20:00,Regular Season,Sat,Away,D,1,1,Louisville,1,15,5,33.3,0.07,0.2,18.4,0,0,0,1.2,1.2,0.08,-0.2,-0.2,1.0,13.0,7.0,53.8,0.08,0.14,16.9,0.0,0.0,0.0,1.7,1.7,0.13,-0.7,-0.7
2025,North Carolina Courage,2025-03-22 00:00:00,19:00,Regular Season,Sat,Home,L,1,2,Reign,1,13,5,38.5,0.08,0.2,14.9,0,0,0,1.3,1.3,0.1,-0.3,-0.3,2.0,12.0,5.0,41.7,0.17,0.4,16.4,0.0,0.0,0.0,1.1,1.1,0.1,0.9,0.9
2025,North Carolina Courage,2025-03-29 00:00:00,19:00 (22:00),Regular Season,Sat,Away,D,0,0,Thorns,0,14,4,28.6,0.0,0.0,15.7,0,0,1,2.2,1.4,0.11,-2.2,-1.4,0.0,19.0,2.0,10.5,0.0,0.0,15.1,0.0,0.0,0.0,1.7,1.7,0.09,-1.7,-1.7
2025,North Carolina Courage,2025-04-13 00:00:00,16:00,Regular Season,Sun,Away,L,1,3,Gotham FC,1,9,4,44.4,0.11,0.25,23.0,0,0,0,0.7,0.7,0.08,0.3,0.3,3.0,20.0,8.0,40.0,0.15,0.38,15.4,0.0,0.0,0.0,2.4,2.4,0.13,0.6,0.6
2025,North Carolina Courage,2025-04-19 00:00:00,19:00,Regular Season,Sat,Home,L,0,1,Bay FC,0,5,1,20.0,0.0,0.0,19.2,0,0,0,0.3,0.3,0.06,-0.3,-0.3,1.0,11.0,4.0,36.4,0.09,0.25,17.9,0.0,0.0,0.0,0.5,0.5,0.04,0.5,0.5
2025,North Carolina Courage,2025-04-26 00:00:00,19:00,Regular Season,Sat,Home,W,3,2,Current,3,14,8,57.1,0.21,0.38,20.9,1,0,0,1.2,1.2,0.09,1.8,1.8,2.0,15.0,4.0,26.7,0.13,0.5,17.5,0.0,0.0,0.0,1.1,1.1,0.08,0.9,0.9
2025,North Carolina Courage,2025-05-03 00:00:00,20:00 (22:00),Regular Season,Sat,Away,W,2,0,Royals,1,15,6,40.0,0.07,0.17,18.3,0,0,1,2.9,2.3,0.16,-1.9,-1.3,0.0,9.0,1.0,11.1,0.0,0.0,18.6,0.0,0.0,0.0,0.6,0.6,0.07,-0.6,-0.6
2025,North Carolina Courage,2025-05-10 00:00:00,19:30,Regular Season,Sat,Home,D,1,1,Pride,1,7,2,28.6,0.14,0.5,17.2,0,0,0,1.0,1.0,0.18,0.0,0.0,1.0,13.0,3.0,23.1,0.08,0.33,14.1,0.0,0.0,0.0,2.0,2.0,0.16,-1.0,-1.0
2025,North Carolina Courage,2025-05-17 00:00:00,17:00,Regular Season,Sat,Home,W,2,0,Chicago Stars,2,14,8,57.1,0.14,0.25,17.4,0,0,0,1.4,1.4,0.1,0.6,0.6,0.0,10.0,4.0,40.0,0.0,0.0,17.6,1.0,0.0,0.0,0.9,0.9,0.09,-0.9,-0.9
2025,North Carolina Courage,2025-05-25 00:00:00,19:00 (22:00),Regular Season,Sun,Away,L,2,5,Wave,2,12,4,33.3,0.17,0.5,15.0,0,0,0,1.8,1.8,0.15,0.2,0.2,5.0,11.0,7.0,63.6,0.45,0.71,15.1,0.0,0.0,0.0,1.6,1.6,0.15,3.4,3.4
2025,North Carolina Courage,2025-06-08 00:00:00,16:00,Regular Season,Sun,Away,L,1,3,Spirit,1,15,8,53.3,0.07,0.13,10.6,0,0,0,2.7,2.7,0.21,-1.7,-1.7,3.0,11.0,5.0,45.5,0.27,0.6,15.4,1.0,0.0,0.0,1.5,1.5,0.13,1.5,1.5
2025,North Carolina Courage,2025-06-14 00:00:00,19:00 (22:00),Regular Season,Sat,Away,W,2,1,Angel City,2,24,6,25.0,0.08,0.33,13.6,0,0,0,2.9,2.9,0.13,-0.9,-0.9,1.0,13.0,2.0,15.4,0.08,0.5,20.0,0.0,0.0,0.0,1.4,1.4,0.11,-0.4,-0.4
2025,North Carolina Courage,2025-06-21 00:00:00,19:30,Regular Season,Sat,Home,W,2,1,Dash,2,14,5,35.7,0.14,0.4,12.1,0,0,0,2.1,2.1,0.15,-0.1,-0.1,1.0,6.0,2.0,33.3,0.17,0.5,20.2,0.0,0.0,0.0,0.5,0.5,0.08,0.5,0.5
2025,Orlando Pride,2025-03-14 00:00:00,20:00,Regular Season,Fri,Home,W,6,0,Chicago Stars,5,27,8,29.6,0.19,0.63,18.2,1,0,0,2.1,2.1,0.08,2.9,2.9,0.0,8.0,2.0,25.0,0.0,0.0,12.6,0.0,0.0,0.0,1.1,1.1,0.14,-1.1,-1.1
2025,Orlando Pride,2025-03-23 00:00:00,17:00,Regular Season,Sun,Away,W,2,0,Gotham FC,1,5,3,60.0,0.0,0.0,20.5,0,1,1,1.0,0.3,0.06,0.0,-0.3,0.0,15.0,4.0,26.7,0.0,0.0,15.9,0.0,0.0,0.0,1.1,1.1,0.07,-1.1,-1.1
2025,Orlando Pride,2025-03-29 00:00:00,12:00,Regular Season,Sat,Home,W,2,1,Wave,2,8,3,37.5,0.13,0.33,20.9,0,1,1,1.8,1.1,0.14,0.2,-0.1,1.0,5.0,1.0,20.0,0.2,1.0,21.7,0.0,0.0,0.0,0.3,0.3,0.06,0.7,0.7
2025,Orlando Pride,2025-04-12 00:00:00,16:30 (19:30),Regular Season,Sat,Away,W,1,0,Reign,1,7,4,57.1,0.14,0.25,13.3,0,0,0,1.5,1.5,0.22,-0.5,-0.5,0.0,13.0,5.0,38.5,0.0,0.0,17.0,0.0,0.0,0.0,1.3,1.3,0.1,-1.3,-1.3
2025,Orlando Pride,2025-04-19 00:00:00,17:05,Regular Season,Sat,Home,L,0,1,Spirit,0,20,6,30.0,0.0,0.0,17.5,0,0,0,1.6,1.6,0.08,-1.6,-1.6,1.0,9.0,2.0,22.2,0.11,0.5,16.3,0.0,0.0,0.0,1.4,1.4,0.15,-0.4,-0.4
2025,Orlando Pride,2025-04-25 00:00:00,20:00,Regular Season,Fri,Home,W,3,2,Angel City,2,13,5,38.5,0.15,0.4,15.1,0,0,0,1.3,1.3,0.1,0.7,0.7,2.0,10.0,5.0,50.0,0.2,0.4,16.8,0.0,0.0,0.0,0.8,0.8,0.08,1.2,1.2
2025,Orlando Pride,2025-05-03 00:00:00,16:30 (19:30),Regular Season,Sat,Away,L,0,1,Thorns,0,11,4,36.4,0.0,0.0,11.1,0,0,0,1.0,1.0,0.09,-1.0,-1.0,1.0,16.0,6.0,37.5,0.06,0.17,18.3,0.0,0.0,0.0,1.6,1.6,0.1,-0.6,-0.6
2025,Orlando Pride,2025-05-10 00:00:00,19:30,Regular Season,Sat,Away,D,1,1,Courage,1,13,3,23.1,0.08,0.33,14.1,0,0,0,2.0,2.0,0.16,-1.0,-1.0,1.0,7.0,2.0,28.6,0.14,0.5,17.2,0.0,0.0,0.0,1.0,1.0,0.18,0.0,0.0
2025,Orlando Pride,2025-05-16 00:00:00,20:00,Regular Season,Fri,Home,L,0,1,Current,0,11,4,36.4,0.0,0.0,14.0,0,0,0,1.4,1.4,0.13,-1.4,-1.4,1.0,12.0,5.0,41.7,0.08,0.2,16.5,1.0,0.0,0.0,1.0,1.0,0.08,0.0,0.0
2025,Orlando Pride,2025-05-23 00:00:00,19:30 (21:30),Regular Season,Fri,Away,W,3,1,Royals,3,13,10,76.9,0.23,0.3,11.3,0,0,0,3.8,3.8,0.32,-0.8,-0.8,1.0,14.0,5.0,35.7,0.07,0.2,24.8,0.0,0.0,0.0,0.7,0.7,0.05,0.3,0.3
2025,Orlando Pride,2025-06-07 00:00:00,19:00,Regular Season,Sat,Home,W,1,0,Dash,1,22,8,36.4,0.05,0.13,16.2,0,0,0,1.4,1.4,0.07,-0.4,-0.4,0.0,8.0,4.0,50.0,0.0,0.0,18.4,0.0,0.0,0.0,0.6,0.6,0.07,-0.6,-0.6
2025,Orlando Pride,2025-06-13 00:00:00,19:00 (22:00),Regular Season,Fri,Away,W,1,0,Bay FC,1,7,4,57.1,0.14,0.25,16.2,0,0,0,0.4,0.4,0.05,0.6,0.6,0.0,20.0,5.0,25.0,0.0,0.0,18.7,1.0,0.0,0.0,1.7,1.7,0.09,-1.7,-1.7
2025,Orlando Pride,2025-06-20 00:00:00,20:00,Regular Season,Fri,Away,L,0,2,Louisville,0,16,7,43.8,0.0,0.0,21.4,0,0,0,0.9,0.9,0.05,-0.9,-0.9,2.0,13.0,2.0,15.4,0.08,0.5,19.7,1.0,1.0,1.0,2.5,1.8,0.14,-0.5,-0.8
2025,Portland Thorns FC,2025-03-15 00:00:00,11:45 (12:45),Regular Season,Sat,Away,L,1,3,Current,1,11,3,27.3,0.09,0.33,22.0,1,0,1,1.2,0.5,0.04,-0.2,0.5,3.0,15.0,6.0,40.0,0.2,0.5,16.0,0.0,0.0,0.0,1.9,1.9,0.13,1.1,1.1
2025,Portland Thorns FC,2025-03-21 00:00:00,19:00 (22:00),Regular Season,Fri,Home,D,1,1,Angel City,1,21,9,42.9,0.05,0.11,19.8,0,0,0,1.7,1.7,0.08,-0.7,-0.7,1.0,10.0,5.0,50.0,0.1,0.2,19.8,0.0,0.0,0.0,0.5,0.5,0.05,0.5,0.5
2025,Portland Thorns FC,2025-03-29 00:00:00,19:00 (22:00),Regular Season,Sat,Home,D,0,0,Courage,0,19,2,10.5,0.0,0.0,15.1,0,0,0,1.7,1.7,0.09,-1.7,-1.7,0.0,14.0,4.0,28.6,0.0,0.0,15.7,0.0,0.0,1.0,2.2,1.4,0.11,-2.2,-1.4
2025,Portland Thorns FC,2025-04-11 00:00:00,20:00 (22:00),Regular Season,Fri,Away,W,1,0,Royals,1,10,2,20.0,0.1,0.5,12.3,0,0,0,2.4,2.4,0.27,-1.4,-1.4,0.0,8.0,1.0,12.5,0.0,0.0,18.6,0.0,0.0,0.0,0.8,0.8,0.1,-0.8,-0.8
2025,Portland Thorns FC,2025-04-18 00:00:00,19:00 (22:00),Regular Season,Fri,Away,L,0,1,Reign,0,13,4,30.8,0.0,0.0,19.3,1,0,0,1.2,1.2,0.1,-1.2,-1.2,1.0,9.0,5.0,55.6,0.11,0.2,16.5,0.0,0.0,0.0,1.1,1.1,0.12,-0.1,-0.1
2025,Portland Thorns FC,2025-04-22 00:00:00,19:30 (22:30),Regular Season,Tue,Home,W,4,1,Gotham FC,4,10,6,60.0,0.3,0.5,18.8,1,1,1,2.1,1.4,0.14,1.9,1.6,1.0,5.0,3.0,60.0,0.2,0.33,15.8,0.0,0.0,0.0,0.7,0.7,0.15,0.3,0.3
2025,Portland Thorns FC,2025-04-27 00:00:00,13:00 (16:00),Regular Season,Sun,Home,D,3,3,Louisville,3,10,1,10.0,0.1,1.0,17.9,0,2,2,2.3,0.9,0.09,0.7,0.1,3.0,18.0,6.0,33.3,0.17,0.5,14.0,0.0,0.0,0.0,2.9,2.9,0.19,0.1,0.1
2025,Portland Thorns FC,2025-05-03 00:00:00,16:30 (19:30),Regular Season,Sat,Home,W,1,0,Pride,1,16,6,37.5,0.06,0.17,18.3,0,0,0,1.6,1.6,0.1,-0.6,-0.6,0.0,11.0,4.0,36.4,0.0,0.0,11.1,0.0,0.0,0.0,1.0,1.0,0.09,-1.0,-1.0
2025,Portland Thorns FC,2025-05-10 00:00:00,19:00 (22:00),Regular Season,Sat,Away,D,1,1,Wave,1,20,3,15.0,0.0,0.0,18.9,2,1,1,2.7,1.9,0.1,-1.7,-1.9,1.0,5.0,3.0,60.0,0.2,0.33,18.2,0.0,0.0,0.0,0.6,0.6,0.13,0.4,0.4
2025,Portland Thorns FC,2025-05-16 00:00:00,19:00 (20:00),Regular Season,Fri,Away,W,4,1,Dash,4,13,6,46.2,0.23,0.5,17.4,0,1,1,1.6,0.9,0.07,2.4,2.1,0.0,8.0,2.0,25.0,0.0,0.0,13.7,0.0,0.0,0.0,1.0,1.0,0.15,-1.0,-1.0
2025,Portland Thorns FC,2025-06-07 00:00:00,16:30 (19:30),Regular Season,Sat,Away,L,0,1,Bay FC,0,16,5,31.3,0.0,0.0,15.1,0,0,0,1.1,1.1,0.07,-1.1,-1.1,1.0,10.0,2.0,20.0,0.1,0.5,16.6,0.0,0.0,0.0,0.9,0.9,0.09,0.1,0.1
2025,Portland Thorns FC,2025-06-15 00:00:00,13:00 (16:00),Regular Season,Sun,Home,W,2,0,Spirit,2,17,6,35.3,0.12,0.33,17.6,0,0,0,1.7,1.7,0.1,0.3,0.3,0.0,13.0,4.0,30.8,0.0,0.0,18.3,1.0,0.0,0.0,1.1,1.1,0.09,-1.1,-1.1
2025,Portland Thorns FC,2025-06-21 00:00:00,19:00 (22:00),Regular Season,Sat,Home,W,1,0,Chicago Stars,1,12,3,25.0,0.08,0.33,16.0,0,0,0,0.9,0.9,0.08,0.1,0.1,0.0,6.0,3.0,50.0,0.0,0.0,15.8,0.0,0.0,0.0,0.3,0.3,0.05,-0.3,-0.3
2025,Racing Louisville,2025-03-15 00:00:00,20:00,Regular Season,Sat,Home,D,1,1,Courage,1,13,7,53.8,0.08,0.14,16.9,0,0,0,1.7,1.7,0.13,-0.7,-0.7,1.0,15.0,5.0,33.3,0.07,0.2,18.4,0.0,0.0,0.0,1.2,1.2,0.08,-0.2,-0.2
2025,Racing Louisville,2025-03-22 00:00:00,19:00 (22:00),Regular Season,Sat,Away,L,0,2,Bay FC,0,12,3,25.0,0.0,0.0,13.1,0,0,0,1.4,1.4,0.12,-1.4,-1.4,2.0,8.0,4.0,50.0,0.25,0.5,20.0,0.0,0.0,0.0,0.9,0.9,0.11,1.1,1.1
2025,Racing Louisville,2025-03-30 00:00:00,15:00 (16:00),Regular Season,Sun,Away,W,1,0,Chicago Stars,1,16,3,18.8,0.06,0.33,13.2,0,0,0,1.8,1.8,0.13,-0.8,-0.8,0.0,11.0,3.0,27.3,0.0,0.0,15.5,0.0,0.0,0.0,0.9,0.9,0.09,-0.9,-0.9
2025,Racing Louisville,2025-04-12 00:00:00,17:00,Regular Season,Sat,Home,L,0,2,Spirit,0,12,3,25.0,0.0,0.0,17.9,0,0,0,0.9,0.9,0.07,-0.9,-0.9,2.0,11.0,6.0,54.5,0.18,0.33,21.7,1.0,0.0,0.0,0.6,0.6,0.06,1.4,1.4
2025,Racing Louisville,2025-04-19 00:00:00,15:00,Regular Season,Sat,Home,L,1,4,Wave,1,13,1,7.7,0.0,0.0,21.3,1,1,1,1.4,0.7,0.05,-0.4,-0.7,4.0,11.0,6.0,54.5,0.36,0.67,20.0,1.0,0.0,0.0,0.7,0.7,0.07,3.3,3.3
2025,Racing Louisville,2025-04-27 00:00:00,13:00 (16:00),Regular Season,Sun,Away,D,3,3,Thorns,3,18,6,33.3,0.17,0.5,14.0,0,0,0,2.9,2.9,0.19,0.1,0.1,3.0,10.0,1.0,10.0,0.1,1.0,17.9,0.0,2.0,2.0,2.3,0.9,0.09,0.7,0.1
2025,Racing Louisville,2025-05-02 00:00:00,19:00 (20:00),Regular Season,Fri,Away,W,2,1,Dash,2,11,4,36.4,0.18,0.5,22.5,1,0,0,0.8,0.8,0.07,1.2,1.2,1.0,12.0,6.0,50.0,0.08,0.17,14.6,0.0,0.0,0.0,1.0,1.0,0.09,0.0,0.0
2025,Racing Louisville,2025-05-09 00:00:00,20:00,Regular Season,Fri,Home,W,1,0,Gotham FC,1,9,5,55.6,0.11,0.2,22.1,0,0,0,0.7,0.7,0.08,0.3,0.3,0.0,13.0,5.0,38.5,0.0,0.0,19.1,1.0,0.0,0.0,1.0,1.0,0.08,-1.0,-1.0
2025,Racing Louisville,2025-05-16 00:00:00,19:30,Regular Season,Fri,Home,L,0,1,Reign,0,20,1,5.0,0.0,0.0,19.1,2,0,0,1.1,1.1,0.05,-1.1,-1.1,1.0,4.0,3.0,75.0,0.25,0.33,16.2,0.0,0.0,0.0,0.6,0.6,0.15,0.4,0.4
2025,Racing Louisville,2025-05-24 00:00:00,19:00 (22:00),Regular Season,Sat,Away,W,3,2,Angel City,3,14,4,28.6,0.14,0.5,19.4,0,1,1,1.5,0.8,0.06,1.5,1.2,2.0,13.0,6.0,46.2,0.08,0.17,16.9,0.0,1.0,1.0,1.6,0.9,0.07,0.4,0.1
2025,Racing Louisville,2025-06-06 00:00:00,19:30,Regular Season,Fri,Home,W,3,2,Royals,3,20,9,45.0,0.15,0.33,13.9,0,0,0,1.9,1.9,0.1,1.1,1.1,2.0,17.0,8.0,47.1,0.12,0.25,21.3,0.0,0.0,0.0,1.1,1.1,0.06,0.9,0.9
2025,Racing Louisville,2025-06-14 00:00:00,18:30 (19:30),Regular Season,Sat,Away,L,2,4,Current,2,12,4,33.3,0.17,0.5,16.5,0,0,0,1.1,1.1,0.09,0.9,0.9,3.0,13.0,6.0,46.2,0.23,0.5,17.0,0.0,0.0,0.0,2.1,2.1,0.16,0.9,0.9
2025,Racing Louisville,2025-06-20 00:00:00,20:00,Regular Season,Fri,Home,W,2,0,Pride,2,13,2,15.4,0.08,0.5,19.7,1,1,1,2.5,1.8,0.14,-0.5,-0.8,0.0,16.0,7.0,43.8,0.0,0.0,21.4,0.0,0.0,0.0,0.9,0.9,0.05,-0.9,-0.9
2025,San Diego Wave,2025-03-16 00:00:00,15:50 (18:50),Regular Season,Sun,Away,D,1,1,Angel City,1,17,6,35.3,0.06,0.17,19.9,0,0,0,1.3,1.3,0.07,-0.3,-0.3,1.0,11.0,5.0,45.5,0.09,0.2,15.9,0.0,0.0,0.0,0.7,0.7,0.06,0.3,0.3
2025,San Diego Wave,2025-03-22 00:00:00,19:00 (22:00),Regular Season,Sat,Home,W,3,2,Royals,3,11,4,36.4,0.27,0.75,18.9,2,0,0,2.2,2.2,0.2,0.8,0.8,2.0,11.0,3.0,27.3,0.18,0.67,17.9,2.0,0.0,0.0,1.1,1.1,0.1,0.9,0.9
2025,San Diego Wave,2025-03-29 00:00:00,12:00,Regular Season,Sat,Away,L,1,2,Pride,1,5,1,20.0,0.2,1.0,21.7,0,0,0,0.3,0.3,0.06,0.7,0.7,2.0,8.0,3.0,37.5,0.13,0.33,20.9,0.0,1.0,1.0,1.8,1.1,0.14,0.2,-0.1
2025,San Diego Wave,2025-04-12 00:00:00,19:00 (22:00),Regular Season,Sat,Home,L,0,2,Current,0,9,4,44.4,0.0,0.0,19.1,0,0,0,0.6,0.6,0.07,-0.6,-0.6,2.0,7.0,3.0,42.9,0.14,0.33,22.0,0.0,1.0,1.0,1.1,0.5,0.07,0.9,0.5
2025,San Diego Wave,2025-04-19 00:00:00,15:00,Regular Season,Sat,Away,W,4,1,Louisville,4,11,6,54.5,0.36,0.67,20.0,1,0,0,0.7,0.7,0.07,3.3,3.3,1.0,13.0,1.0,7.7,0.0,0.0,21.3,1.0,1.0,1.0,1.4,0.7,0.05,-0.4,-0.7
2025,San Diego Wave,2025-04-26 00:00:00,18:30 (19:30),Regular Season,Sat,Away,W,3,0,Chicago Stars,2,9,5,55.6,0.22,0.4,16.1,0,0,0,0.9,0.9,0.1,1.1,1.1,0.0,11.0,4.0,36.4,0.0,0.0,18.8,0.0,0.0,0.0,0.7,0.7,0.07,-0.7,-0.7
2025,San Diego Wave,2025-05-04 00:00:00,17:00 (20:00),Regular Season,Sun,Home,W,2,1,Bay FC,2,16,4,25.0,0.13,0.5,16.2,0,0,1,1.9,1.2,0.07,0.1,0.8,1.0,6.0,2.0,33.3,0.17,0.5,13.5,0.0,0.0,0.0,0.8,0.8,0.14,0.2,0.2
2025,San Diego Wave,2025-05-10 00:00:00,19:00 (22:00),Regular Season,Sat,Home,D,1,1,Thorns,1,5,3,60.0,0.2,0.33,18.2,0,0,0,0.6,0.6,0.13,0.4,0.4,1.0,20.0,3.0,15.0,0.0,0.0,18.9,2.0,1.0,1.0,2.7,1.9,0.1,-1.7,-1.9
2025,San Diego Wave,2025-05-16 00:00:00,19:30,Regular Season,Fri,Away,W,1,0,Gotham FC,1,6,2,33.3,0.17,0.5,16.3,0,0,0,0.3,0.3,0.05,0.7,0.7,0.0,10.0,2.0,20.0,0.0,0.0,21.8,0.0,0.0,0.0,0.5,0.5,0.05,-0.5,-0.5
2025,San Diego Wave,2025-05-25 00:00:00,19:00 (22:00),Regular Season,Sun,Home,W,5,2,Courage,5,11,7,63.6,0.45,0.71,15.1,0,0,0,1.6,1.6,0.15,3.4,3.4,2.0,12.0,4.0,33.3,0.17,0.5,15.0,0.0,0.0,0.0,1.8,1.8,0.15,0.2,0.2
2025,San Diego Wave,2025-06-06 00:00:00,19:00 (22:00),Regular Season,Fri,Home,L,1,2,Reign,1,8,4,50.0,0.13,0.25,14.9,0,0,0,0.9,0.9,0.12,0.1,0.1,2.0,7.0,4.0,57.1,0.29,0.5,25.5,0.0,0.0,0.0,0.6,0.6,0.08,1.4,1.4
2025,San Diego Wave,2025-06-13 00:00:00,19:00 (20:00),Regular Season,Fri,Away,W,3,2,Dash,3,18,10,55.6,0.17,0.3,17.2,0,0,0,1.9,1.9,0.11,1.1,1.1,2.0,11.0,3.0,27.3,0.18,0.67,20.5,1.0,0.0,0.0,0.8,0.8,0.07,1.2,1.2
2025,San Diego Wave,2025-06-22 00:00:00,19:00 (22:00),Regular Season,Sun,Home,D,0,0,Spirit,0,16,6,37.5,0.0,0.0,20.6,2,0,0,0.8,0.8,0.05,-0.8,-0.8,0.0,7.0,3.0,42.9,0.0,0.0,18.1,0.0,0.0,0.0,0.8,0.8,0.12,-0.8,-0.8
2025,Seattle Reign FC,2025-03-15 00:00:00,19:00 (22:00),Regular Season,Sat,Home,D,1,1,Gotham FC,1,7,1,14.3,0.14,1.0,14.5,0,0,0,0.5,0.5,0.08,0.5,0.5,1.0,11.0,4.0,36.4,0.09,0.25,16.4,0.0,0.0,0.0,1.3,1.3,0.12,-0.3,-0.3
2025,Seattle Reign FC,2025-03-22 00:00:00,19:00,Regular Season,Sat,Away,W,2,1,Courage,2,12,5,41.7,0.17,0.4,16.4,0,0,0,1.1,1.1,0.1,0.9,0.9,1.0,13.0,5.0,38.5,0.08,0.2,14.9,0.0,0.0,0.0,1.3,1.3,0.1,-0.3,-0.3
2025,Seattle Reign FC,2025-03-30 00:00:00,17:00 (20:00),Regular Season,Sun,Away,L,1,2,Angel City,1,5,1,20.0,0.0,0.0,21.0,0,1,1,1.5,0.7,0.14,-0.5,-0.7,2.0,16.0,5.0,31.3,0.13,0.4,15.8,0.0,0.0,0.0,1.4,1.4,0.09,0.6,0.6
2025,Seattle Reign FC,2025-04-12 00:00:00,16:30 (19:30),Regular Season,Sat,Home,L,0,1,Pride,0,13,5,38.5,0.0,0.0,17.0,0,0,0,1.3,1.3,0.1,-1.3,-1.3,1.0,7.0,4.0,57.1,0.14,0.25,13.3,0.0,0.0,0.0,1.5,1.5,0.22,-0.5,-0.5
2025,Seattle Reign FC,2025-04-18 00:00:00,19:00 (22:00),Regular Season,Fri,Home,W,1,0,Thorns,1,9,5,55.6,0.11,0.2,16.5,0,0,0,1.1,1.1,0.12,-0.1,-0.1,0.0,13.0,4.0,30.8,0.0,0.0,19.3,1.0,0.0,0.0,1.2,1.2,0.1,-1.2,-1.2
2025,Seattle Reign FC,2025-04-26 00:00:00,19:00 (22:00),Regular Season,Sat,Away,D,1,1,Bay FC,1,9,5,55.6,0.11,0.2,13.3,0,0,0,1.1,1.1,0.12,-0.1,-0.1,1.0,10.0,3.0,30.0,0.1,0.33,18.5,0.0,0.0,0.0,0.6,0.6,0.06,0.4,0.4
2025,Seattle Reign FC,2025-05-02 00:00:00,19:30 (22:30),Regular Season,Fri,Home,W,1,0,Current,1,5,2,40.0,0.2,0.5,18.7,0,0,0,0.3,0.3,0.07,0.7,0.7,0.0,13.0,3.0,23.1,0.0,0.0,18.4,0.0,0.0,0.0,0.7,0.7,0.06,-0.7,-0.7
2025,Seattle Reign FC,2025-05-11 00:00:00,17:00 (20:00),Regular Season,Sun,Home,L,0,1,Dash,0,6,1,16.7,0.0,0.0,15.1,0,0,0,0.6,0.6,0.11,-0.6,-0.6,1.0,3.0,2.0,66.7,0.33,0.5,13.7,0.0,0.0,0.0,1.0,1.0,0.34,0.0,0.0
2025,Seattle Reign FC,2025-05-16 00:00:00,19:30,Regular Season,Fri,Away,W,1,0,Louisville,1,4,3,75.0,0.25,0.33,16.2,0,0,0,0.6,0.6,0.15,0.4,0.4,0.0,20.0,1.0,5.0,0.0,0.0,19.1,2.0,0.0,0.0,1.1,1.1,0.05,-1.1,-1.1
2025,Seattle Reign FC,2025-05-23 00:00:00,19:00 (22:00),Regular Season,Fri,Home,L,1,2,Spirit,1,7,2,28.6,0.14,0.5,16.0,0,0,0,0.7,0.7,0.1,0.3,0.3,1.0,17.0,3.0,17.6,0.06,0.33,18.6,0.0,0.0,0.0,2.3,2.3,0.14,-1.3,-1.3
2025,Seattle Reign FC,2025-06-06 00:00:00,19:00 (22:00),Regular Season,Fri,Away,W,2,1,Wave,2,7,4,57.1,0.29,0.5,25.5,0,0,0,0.6,0.6,0.08,1.4,1.4,1.0,8.0,4.0,50.0,0.13,0.25,14.9,0.0,0.0,0.0,0.9,0.9,0.12,0.1,0.1
2025,Seattle Reign FC,2025-06-14 00:00:00,16:00 (17:00),Regular Season,Sat,Away,D,2,2,Chicago Stars,2,17,6,35.3,0.12,0.33,17.5,0,0,0,1.1,1.1,0.07,0.9,0.9,2.0,8.0,5.0,62.5,0.25,0.4,17.0,0.0,0.0,0.0,1.0,1.0,0.13,1.0,1.0
2025,Seattle Reign FC,2025-06-21 00:00:00,15:00 (17:00),Regular Season,Sat,Away,W,4,1,Royals,4,9,5,55.6,0.33,0.6,17.2,0,1,1,2.2,1.5,0.17,1.8,1.5,1.0,15.0,4.0,26.7,0.07,0.25,23.9,0.0,0.0,0.0,1.8,1.8,0.12,-0.8,-0.8
2025,Utah Royals,2025-03-15 00:00:00,17:30 (19:30),Regular Season,Sat,Home,D,1,1,Bay FC,1,13,4,30.8,0.08,0.25,24.7,1,0,0,1.0,1.0,0.08,0.0,0.0,1.0,12.0,5.0,41.7,0.08,0.2,19.1,0.0,0.0,0.0,0.8,0.8,0.07,0.2,0.2
2025,Utah Royals,2025-03-22 00:00:00,19:00 (22:00),Regular Season,Sat,Away,L,2,3,Wave,2,11,3,27.3,0.18,0.67,17.9,2,0,0,1.1,1.1,0.1,0.9,0.9,3.0,11.0,4.0,36.4,0.27,0.75,18.9,2.0,0.0,0.0,2.2,2.2,0.2,0.8,0.8
2025,Utah Royals,2025-03-29 00:00:00,18:30 (19:30),Regular Season,Sat,Away,L,0,3,Current,0,7,3,42.9,0.0,0.0,25.7,1,0,0,0.2,0.2,0.03,-0.2,-0.2,3.0,16.0,6.0,37.5,0.19,0.5,14.0,1.0,0.0,0.0,3.1,3.1,0.19,-0.1,-0.1
2025,Utah Royals,2025-04-11 00:00:00,20:00 (22:00),Regular Season,Fri,Home,L,0,1,Thorns,0,8,1,12.5,0.0,0.0,18.6,0,0,0,0.8,0.8,0.1,-0.8,-0.8,1.0,10.0,2.0,20.0,0.1,0.5,12.3,0.0,0.0,0.0,2.4,2.4,0.27,-1.4,-1.4
2025,Utah Royals,2025-04-18 00:00:00,19:30 (21:30),Regular Season,Fri,Home,W,1,0,Chicago Stars,1,8,0,0.0,0.0,,25.8,0,1,1,1.0,0.3,0.03,0.0,-0.3,0.0,9.0,1.0,11.1,0.0,0.0,15.9,0.0,0.0,0.0,0.5,0.5,0.05,-0.5,-0.5
2025,Utah Royals,2025-04-25 00:00:00,19:00 (20:00),Regular Season,Fri,Away,L,0,1,Dash,0,13,5,38.5,0.0,0.0,21.4,1,0,0,1.0,1.0,0.08,-1.0,-1.0,1.0,7.0,4.0,57.1,0.14,0.25,14.6,1.0,0.0,0.0,1.0,1.0,0.14,0.0,0.0
2025,Utah Royals,2025-05-03 00:00:00,20:00 (22:00),Regular Season,Sat,Home,L,0,2,Courage,0,9,1,11.1,0.0,0.0,18.6,0,0,0,0.6,0.6,0.07,-0.6,-0.6,1.0,15.0,6.0,40.0,0.07,0.17,18.3,0.0,0.0,1.0,2.9,2.3,0.16,-1.9,-1.3
2025,Utah Royals,2025-05-09 00:00:00,19:30 (22:30),Regular Season,Fri,Away,L,0,2,Angel City,0,15,7,46.7,0.0,0.0,22.0,1,0,0,1.0,1.0,0.07,-1.0,-1.0,2.0,19.0,6.0,31.6,0.11,0.33,17.4,0.0,0.0,0.0,1.8,1.8,0.09,0.2,0.2
2025,Utah Royals,2025-05-17 00:00:00,19:30,Regular Season,Sat,Away,D,3,3,Spirit,2,9,5,55.6,0.22,0.4,19.1,0,0,0,0.7,0.7,0.08,1.3,1.3,3.0,28.0,11.0,39.3,0.11,0.27,15.9,2.0,0.0,1.0,3.9,3.1,0.11,-0.9,-0.1
2025,Utah Royals,2025-05-23 00:00:00,19:30 (21:30),Regular Season,Fri,Home,L,1,3,Pride,1,14,5,35.7,0.07,0.2,24.8,0,0,0,0.7,0.7,0.05,0.3,0.3,3.0,13.0,10.0,76.9,0.23,0.3,11.3,0.0,0.0,0.0,3.8,3.8,0.32,-0.8,-0.8
2025,Utah Royals,2025-06-06 00:00:00,19:30,Regular Season,Fri,Away,L,2,3,Louisville,2,17,8,47.1,0.12,0.25,21.3,0,0,0,1.1,1.1,0.06,0.9,0.9,3.0,20.0,9.0,45.0,0.15,0.33,13.9,0.0,0.0,0.0,1.9,1.9,0.1,1.1,1.1
2025,Utah Royals,2025-06-13 00:00:00,19:30 (21:30),Regular Season,Fri,Home,L,0,3,Gotham FC,0,6,3,50.0,0.0,0.0,18.5,1,0,0,0.6,0.6,0.1,-0.6,-0.6,3.0,5.0,3.0,60.0,0.4,0.67,19.7,0.0,1.0,1.0,1.6,0.9,0.18,1.4,1.1
2025,Utah Royals,2025-06-21 00:00:00,15:00 (17:00),Regular Season,Sat,Home,L,1,4,Reign,1,15,4,26.7,0.07,0.25,23.9,0,0,0,1.8,1.8,0.12,-0.8,-0.8,4.0,9.0,5.0,55.6,0.33,0.6,17.2,0.0,1.0,1.0,2.2,1.5,0.17,1.8,1.5
2025,Washington Spirit,2025-03-14 00:00:00,19:00 (20:00),Regular Season,Fri,Away,W,2,1,Dash,2,8,4,50.0,0.25,0.5,18.5,0,0,0,1.4,1.4,0.19,0.6,0.6,1.0,10.0,4.0,40.0,0.1,0.25,16.3,0.0,0.0,0.0,1.0,1.0,0.1,0.0,0.0
2025,Washington Spirit,2025-03-22 00:00:00,19:30,Regular Season,Sat,Home,L,0,2,Current,0,11,3,27.3,0.0,0.0,13.5,0,0,0,1.2,1.2,0.12,-1.2,-1.2,2.0,14.0,5.0,35.7,0.07,0.2,17.5,0.0,1.0,1.0,3.1,2.5,0.18,-1.1,-1.5
2025,Washington Spirit,2025-03-28 00:00:00,20:00,Regular Season,Fri,Home,W,2,0,Bay FC,2,8,5,62.5,0.25,0.4,13.9,0,0,0,1.1,1.1,0.15,0.9,0.9,0.0,9.0,2.0,22.2,0.0,0.0,15.1,0.0,0.0,0.0,1.3,1.3,0.14,-1.3,-1.3
2025,Washington Spirit,2025-04-12 00:00:00,17:00,Regular Season,Sat,Away,W,2,0,Louisville,2,11,6,54.5,0.18,0.33,21.7,1,0,0,0.6,0.6,0.06,1.4,1.4,0.0,12.0,3.0,25.0,0.0,0.0,17.9,0.0,0.0,0.0,0.9,0.9,0.07,-0.9,-0.9
2025,Washington Spirit,2025-04-19 00:00:00,17:05,Regular Season,Sat,Away,W,1,0,Pride,1,9,2,22.2,0.11,0.5,16.3,0,0,0,1.4,1.4,0.15,-0.4,-0.4,0.0,20.0,6.0,30.0,0.0,0.0,17.5,0.0,0.0,0.0,1.6,1.6,0.08,-1.6,-1.6
2025,Washington Spirit,2025-04-26 00:00:00,13:00,Regular Season,Sat,Home,L,0,3,Gotham FC,0,12,3,25.0,0.0,0.0,10.1,0,0,0,2.6,2.6,0.21,-2.6,-2.6,3.0,10.0,6.0,60.0,0.2,0.33,20.7,0.0,1.0,1.0,1.9,1.1,0.11,1.1,0.9
2025,Washington Spirit,2025-05-02 00:00:00,20:00,Regular Season,Fri,Home,L,3,4,Angel City,3,10,3,30.0,0.3,1.0,10.1,0,0,0,2.4,2.4,0.25,0.6,0.6,4.0,23.0,8.0,34.8,0.17,0.5,14.4,1.0,0.0,0.0,2.3,2.3,0.1,1.7,1.7
2025,Washington Spirit,2025-05-10 00:00:00,11:50 (12:50),Regular Season,Sat,Away,W,3,2,Chicago Stars,2,9,2,22.2,0.22,1.0,17.2,0,0,0,1.5,1.5,0.17,0.5,0.5,2.0,12.0,4.0,33.3,0.17,0.5,13.1,0.0,0.0,0.0,2.1,2.1,0.18,-0.1,-0.1
2025,Washington Spirit,2025-05-17 00:00:00,19:30,Regular Season,Sat,Home,D,3,3,Royals,3,28,11,39.3,0.11,0.27,15.9,2,0,1,3.9,3.1,0.11,-0.9,-0.1,2.0,9.0,5.0,55.6,0.22,0.4,19.1,0.0,0.0,0.0,0.7,0.7,0.08,1.3,1.3
2025,Washington Spirit,2025-05-23 00:00:00,19:00 (22:00),Regular Season,Fri,Away,W,2,1,Reign,1,17,3,17.6,0.06,0.33,18.6,0,0,0,2.3,2.3,0.14,-1.3,-1.3,1.0,7.0,2.0,28.6,0.14,0.5,16.0,0.0,0.0,0.0,0.7,0.7,0.1,0.3,0.3
2025,Washington Spirit,2025-06-08 00:00:00,16:00,Regular Season,Sun,Home,W,3,1,Courage,3,11,5,45.5,0.27,0.6,15.4,1,0,0,1.5,1.5,0.13,1.5,1.5,1.0,15.0,8.0,53.3,0.07,0.13,10.6,0.0,0.0,0.0,2.7,2.7,0.21,-1.7,-1.7
2025,Washington Spirit,2025-06-15 00:00:00,13:00 (16:00),Regular Season,Sun,Away,L,0,2,Thorns,0,13,4,30.8,0.0,0.0,18.3,1,0,0,1.1,1.1,0.09,-1.1,-1.1,2.0,17.0,6.0,35.3,0.12,0.33,17.6,0.0,0.0,0.0,1.7,1.7,0.1,0.3,0.3
2025,Washington Spirit,2025-06-22 00:00:00,19:00 (22:00),Regular Season,Sun,Away,D,0,0,Wave,0,7,3,42.9,0.0,0.0,18.1,0,0,0,0.8,0.8,0.12,-0.8,-0.8,0.0,16.0,6.0,37.5,0.0,0.0,20.6,2.0,0.0,0.0,0.8,0.8,0.05,-0.8,-0.8
2024,Angel City FC,2024-03-17 00:00:00,16:30 (19:30),Regular Season,Sun,Home,L,0,1,Bay FC,0,21,10,47.6,0.0,0.0,14.5,0,0,0,1.9,1.9,0.1,-1.9,-1.9,1.0,8.0,6.0,75.0,0.13,0.17,17.0,0.0,0.0,0.0,1.0,1.0,0.13,0.0,0.0
2024,Angel City FC,2024-03-22 00:00:00,20:00,Regular Season,Fri,Away,D,1,1,Pride,1,11,3,27.3,0.0,0.0,18.9,0,1,1,1.8,1.0,0.09,-0.8,-1.0,1.0,14.0,7.0,50.0,0.07,0.14,21.3,0.0,0.0,0.0,0.7,0.7,0.05,0.3,0.3
2024,Angel City FC,2024-03-30 00:00:00,14:30 (15:30),Regular Season,Sat,Away,L,2,4,Current,2,17,5,29.4,0.12,0.4,16.0,1,0,0,1.2,1.2,0.07,0.8,0.8,4.0,17.0,9.0,52.9,0.24,0.44,16.9,0.0,0.0,0.0,2.5,2.5,0.15,1.5,1.5
2024,Angel City FC,2024-04-13 00:00:00,20:30 (21:30),Regular Season,Sat,Away,W,1,0,Red Stars,0,7,2,28.6,0.0,0.0,14.7,0,0,0,1.0,1.0,0.14,-1.0,-1.0,0.0,10.0,1.0,10.0,0.0,0.0,17.7,0.0,0.0,0.0,0.9,0.9,0.09,-0.9,-0.9
2024,Angel City FC,2024-04-21 00:00:00,16:30 (19:30),Regular Season,Sun,Home,W,2,1,Courage,2,5,2,40.0,0.4,1.0,18.9,1,0,0,0.4,0.4,0.08,1.6,1.6,1.0,15.0,3.0,20.0,0.07,0.33,14.1,0.0,0.0,0.0,2.3,2.3,0.17,-1.3,-1.3
2024,Angel City FC,2024-04-26 00:00:00,19:00 (22:00),Regular Season,Fri,Home,L,1,3,Current,1,13,6,46.2,0.08,0.17,18.3,0,0,0,1.0,1.0,0.08,0.0,0.0,3.0,25.0,10.0,40.0,0.12,0.3,17.1,0.0,0.0,0.0,3.0,3.0,0.12,0.0,0.0
2024,Angel City FC,2024-05-03 00:00:00,19:30 (21:30),Regular Season,Fri,Away,W,2,1,Royals,2,4,1,25.0,0.25,1.0,23.6,0,1,1,1.4,0.6,0.16,0.6,0.4,1.0,13.0,4.0,30.8,0.08,0.25,21.8,1.0,0.0,0.0,0.9,0.9,0.07,0.1,0.1
2024,Angel City FC,2024-05-12 00:00:00,16:30 (19:30),Regular Season,Sun,Home,L,0,1,Dash,0,13,2,15.4,0.0,0.0,16.6,0,0,0,0.9,0.9,0.07,-0.9,-0.9,1.0,8.0,3.0,37.5,0.13,0.33,12.9,0.0,0.0,0.0,1.1,1.1,0.14,-0.1,-0.1
2024,Angel City FC,2024-05-18 00:00:00,19:30,Regular Season,Sat,Away,L,2,4,Spirit,1,13,3,23.1,0.08,0.33,13.8,0,0,0,1.4,1.4,0.11,-0.4,-0.4,4.0,16.0,7.0,43.8,0.25,0.57,13.8,0.0,0.0,0.0,2.7,2.7,0.18,1.3,1.3
2024,Angel City FC,2024-05-23 00:00:00,19:00 (22:00),Regular Season,Thu,Home,D,0,0,Wave,0,11,5,45.5,0.0,0.0,16.2,0,0,0,1.1,1.1,0.1,-1.1,-1.1,0.0,16.0,5.0,31.3,0.0,0.0,13.7,0.0,0.0,0.0,1.9,1.9,0.12,-1.9,-1.9
2024,Angel City FC,2024-06-08 00:00:00,12:30,Regular Season,Sat,Away,L,1,2,Gotham FC,1,8,6,75.0,0.13,0.17,20.8,0,0,0,0.5,0.5,0.07,0.5,0.5,2.0,18.0,5.0,27.8,0.11,0.4,16.0,0.0,0.0,0.0,1.9,1.9,0.11,0.1,0.1
2024,Angel City FC,2024-06-15 00:00:00,20:30 (21:30),Regular Season,Sat,Away,D,0,0,Dash,0,13,4,30.8,0.0,0.0,16.9,0,0,1,2.0,1.2,0.1,-2.0,-1.2,0.0,9.0,1.0,11.1,0.0,0.0,19.7,0.0,0.0,0.0,0.7,0.7,0.08,-0.7,-0.7
2024,Angel City FC,2024-06-19 00:00:00,19:00 (22:00),Regular Season,Wed,Home,W,3,2,Louisville,3,10,4,40.0,0.3,0.75,15.4,0,0,0,1.5,1.5,0.15,1.5,1.5,2.0,14.0,3.0,21.4,0.07,0.33,17.4,0.0,1.0,1.0,2.0,1.2,0.09,0.0,-0.2
2024,Angel City FC,2024-06-22 00:00:00,19:00 (22:00),Regular Season,Sat,Away,L,0,1,Bay FC,0,7,1,14.3,0.0,0.0,12.0,0,0,0,1.2,1.2,0.19,-1.2,-1.2,1.0,10.0,3.0,30.0,0.1,0.33,15.1,0.0,0.0,0.0,1.1,1.1,0.11,-0.1,-0.1
2024,Angel City FC,2024-06-30 00:00:00,16:30 (19:30),Regular Season,Sun,Home,L,0,3,Pride,0,13,7,53.8,0.0,0.0,18.6,2,0,0,1.2,1.2,0.09,-1.2,-1.2,3.0,15.0,9.0,60.0,0.2,0.33,16.1,1.0,0.0,0.0,2.4,2.4,0.16,0.6,0.6
2024,Angel City FC,2024-07-06 00:00:00,19:00 (22:00),Regular Season,Sat,Home,L,1,2,Gotham FC,1,10,1,10.0,0.0,0.0,21.4,1,1,1,1.6,0.8,0.08,-0.6,-0.8,2.0,12.0,9.0,75.0,0.17,0.22,15.9,0.0,0.0,0.0,2.6,2.6,0.22,-0.6,-0.6
2024,Angel City FC,2024-08-24 00:00:00,13:30 (16:30),Regular Season,Sat,Away,W,2,1,Wave,2,11,6,54.5,0.18,0.33,11.0,0,0,0,2.7,2.7,0.25,-0.7,-0.7,1.0,11.0,2.0,18.2,0.09,0.5,16.9,0.0,0.0,0.0,0.9,0.9,0.09,0.1,0.1
2024,Angel City FC,2024-09-01 00:00:00,13:00 (16:00),Regular Season,Sun,Home,W,2,1,Red Stars,2,13,7,53.8,0.15,0.29,15.5,0,0,0,1.4,1.4,0.11,0.6,0.6,1.0,13.0,2.0,15.4,0.08,0.5,19.8,0.0,0.0,0.0,1.3,1.3,0.1,-0.3,-0.3
2024,Angel City FC,2024-09-06 00:00:00,19:00 (22:00),Regular Season,Fri,Home,L,2,3,Reign,2,13,7,53.8,0.15,0.29,14.1,0,0,0,1.3,1.3,0.1,0.7,0.7,3.0,11.0,6.0,54.5,0.18,0.33,16.5,0.0,1.0,1.0,2.4,1.7,0.16,0.6,0.3
2024,Angel City FC,2024-09-14 00:00:00,19:30,Regular Season,Sat,Away,L,1,2,Louisville,1,17,5,29.4,0.06,0.2,15.8,0,0,0,1.2,1.2,0.07,-0.2,-0.2,2.0,10.0,6.0,60.0,0.2,0.33,20.9,0.0,0.0,0.0,0.5,0.5,0.05,1.5,1.5
2024,Angel City FC,2024-09-23 00:00:00,19:00 (22:00),Regular Season,Mon,Home,D,2,2,Thorns,2,14,5,35.7,0.14,0.4,14.0,0,0,0,1.6,1.6,0.12,0.4,0.4,2.0,13.0,7.0,53.8,0.15,0.29,15.8,0.0,0.0,0.0,1.6,1.6,0.13,0.4,0.4
2024,Angel City FC,2024-09-27 00:00:00,19:00 (22:00),Regular Season,Fri,Home,L,1,2,Spirit,1,9,5,55.6,0.11,0.2,12.1,1,0,0,1.7,1.7,0.19,-0.7,-0.7,2.0,11.0,5.0,45.5,0.18,0.4,13.1,0.0,0.0,0.0,1.7,1.7,0.16,0.3,0.3
2024,Angel City FC,2024-10-04 00:00:00,19:00 (22:00),Regular Season,Fri,Away,W,1,0,Reign,1,11,2,18.2,0.09,0.5,13.2,0,0,0,1.2,1.2,0.12,-0.2,-0.2,0.0,6.0,1.0,16.7,0.0,0.0,17.5,0.0,0.0,0.0,0.6,0.6,0.11,-0.6,-0.6
2024,Angel City FC,2024-10-12 00:00:00,19:30,Regular Season,Sat,Away,D,1,1,Courage,1,8,4,50.0,0.13,0.25,13.5,0,0,0,1.0,1.0,0.14,0.0,0.0,1.0,13.0,3.0,23.1,0.08,0.33,17.8,0.0,0.0,0.0,1.6,1.6,0.12,-0.6,-0.6
2024,Angel City FC,2024-10-20 00:00:00,16:30 (19:30),Regular Season,Sun,Home,D,1,1,Royals,1,14,4,28.6,0.07,0.25,17.7,0,0,0,1.2,1.2,0.09,-0.2,-0.2,1.0,21.0,10.0,47.6,0.05,0.1,21.1,1.0,0.0,0.0,1.4,1.4,0.07,-0.4,-0.4
2024,Angel City FC,2024-11-01 00:00:00,19:00 (22:00),Regular Season,Fri,Away,L,0,3,Thorns,0,12,3,25.0,0.0,0.0,15.9,0,0,0,0.9,0.9,0.08,-0.9,-0.9,3.0,11.0,6.0,54.5,0.27,0.5,12.9,0.0,0.0,0.0,1.5,1.5,0.14,1.5,1.5
2024,Bay FC,2024-03-17 00:00:00,16:30 (19:30),Regular Season,Sun,Away,W,1,0,Angel City,1,8,6,75.0,0.13,0.17,17.0,0,0,0,1.0,1.0,0.13,0.0,0.0,0.0,21.0,10.0,47.6,0.0,0.0,14.5,0.0,0.0,0.0,1.9,1.9,0.1,-1.9,-1.9
2024,Bay FC,2024-03-23 00:00:00,19:30,Regular Season,Sat,Away,L,1,2,Spirit,1,8,3,37.5,0.13,0.33,25.1,0,0,0,0.8,0.8,0.1,0.2,0.2,2.0,13.0,5.0,38.5,0.15,0.4,17.1,0.0,0.0,0.0,2.1,2.1,0.16,-0.1,-0.1
2024,Bay FC,2024-03-30 00:00:00,19:00 (22:00),Regular Season,Sat,Home,L,2,3,Dash,2,14,5,35.7,0.14,0.4,18.1,0,0,0,1.1,1.1,0.08,0.9,0.9,3.0,14.0,4.0,28.6,0.21,0.75,20.2,0.0,0.0,1.0,2.4,1.4,0.1,0.6,1.6
2024,Bay FC,2024-04-14 00:00:00,17:00 (20:00),Regular Season,Sun,Home,W,3,2,Reign,3,23,7,30.4,0.13,0.43,17.7,0,0,0,1.8,1.8,0.08,1.2,1.2,1.0,8.0,3.0,37.5,0.13,0.33,12.6,0.0,0.0,0.0,1.0,1.0,0.13,0.0,0.0
2024,Bay FC,2024-04-20 00:00:00,18:30 (19:30),Regular Season,Sat,Away,L,2,5,Current,2,15,4,26.7,0.13,0.5,17.5,0,0,0,1.4,1.4,0.1,0.6,0.6,5.0,23.0,11.0,47.8,0.22,0.45,18.5,1.0,0.0,0.0,1.7,1.7,0.08,3.3,3.3
2024,Bay FC,2024-04-27 00:00:00,19:00 (22:00),Regular Season,Sat,Away,L,1,2,Wave,1,23,3,13.0,0.04,0.33,17.4,0,0,0,1.8,1.8,0.08,-0.8,-0.8,2.0,14.0,5.0,35.7,0.14,0.4,15.7,0.0,0.0,0.0,1.4,1.4,0.1,0.6,0.6
2024,Bay FC,2024-05-01 00:00:00,19:00 (22:00),Regular Season,Wed,Home,L,2,3,Thorns,2,18,5,27.8,0.11,0.4,19.7,0,0,0,1.9,1.9,0.1,0.1,0.1,3.0,9.0,5.0,55.6,0.33,0.6,16.8,0.0,0.0,0.0,1.4,1.4,0.15,1.6,1.6
2024,Bay FC,2024-05-05 00:00:00,17:00 (20:00),Regular Season,Sun,Home,L,1,2,Red Stars,1,9,2,22.2,0.11,0.5,14.4,0,0,0,1.0,1.0,0.11,0.0,0.0,2.0,8.0,3.0,37.5,0.25,0.67,18.1,0.0,0.0,1.0,1.8,1.0,0.13,0.2,1.0
2024,Bay FC,2024-05-11 00:00:00,19:30,Regular Season,Sat,Away,L,0,1,Pride,0,6,2,33.3,0.0,0.0,22.3,0,0,0,1.0,1.0,0.18,-1.0,-1.0,1.0,24.0,9.0,37.5,0.0,0.0,19.3,0.0,1.0,1.0,2.0,1.2,0.05,-1.0,-1.2
2024,Bay FC,2024-05-17 00:00:00,19:30 (22:30),Regular Season,Fri,Home,W,2,1,Wave,1,6,2,33.3,0.17,0.5,20.3,0,0,0,0.4,0.4,0.06,0.6,0.6,1.0,14.0,2.0,14.3,0.07,0.5,14.6,0.0,0.0,0.0,1.5,1.5,0.11,-0.5,-0.5
2024,Bay FC,2024-05-24 00:00:00,19:00 (22:00),Regular Season,Fri,Home,L,0,2,Gotham FC,0,9,2,22.2,0.0,0.0,17.0,0,0,0,0.8,0.8,0.09,-0.8,-0.8,2.0,6.0,4.0,66.7,0.33,0.5,16.5,1.0,0.0,0.0,2.1,2.1,0.35,-0.1,-0.1
2024,Bay FC,2024-06-08 00:00:00,18:30 (19:30),Regular Season,Sat,Away,W,2,1,Red Stars,2,20,7,35.0,0.1,0.29,15.4,0,0,0,3.2,3.2,0.16,-1.2,-1.2,1.0,13.0,3.0,23.1,0.08,0.33,22.7,0.0,0.0,0.0,1.2,1.2,0.09,-0.2,-0.2
2024,Bay FC,2024-06-16 00:00:00,19:00 (22:00),Regular Season,Sun,Home,L,0,1,Royals,0,8,2,25.0,0.0,0.0,13.8,0,0,0,0.8,0.8,0.1,-0.8,-0.8,1.0,11.0,5.0,45.5,0.09,0.2,25.4,1.0,0.0,0.0,0.8,0.8,0.07,0.2,0.2
2024,Bay FC,2024-06-22 00:00:00,19:00 (22:00),Regular Season,Sat,Home,W,1,0,Angel City,1,10,3,30.0,0.1,0.33,15.1,0,0,0,1.1,1.1,0.11,-0.1,-0.1,0.0,7.0,1.0,14.3,0.0,0.0,12.0,0.0,0.0,0.0,1.2,1.2,0.19,-1.2,-1.2
2024,Bay FC,2024-06-29 00:00:00,16:00,Regular Season,Sat,Away,W,1,0,Louisville,1,5,0,0.0,0.0,,22.9,0,1,1,1.2,0.4,0.07,-0.2,-0.4,0.0,7.0,1.0,14.3,0.0,0.0,18.5,0.0,0.0,0.0,0.5,0.5,0.07,-0.5,-0.5
2024,Bay FC,2024-07-06 00:00:00,19:00 (22:00),Regular Season,Sat,Home,L,0,3,Spirit,0,19,5,26.3,0.0,0.0,16.7,0,0,0,1.4,1.4,0.07,-1.4,-1.4,3.0,16.0,3.0,18.8,0.13,0.67,16.0,0.0,1.0,1.0,2.4,1.6,0.11,0.6,0.4
2024,Bay FC,2024-08-23 00:00:00,19:30 (21:30),Regular Season,Fri,Away,L,1,2,Royals,1,19,4,21.1,0.05,0.25,17.2,0,0,0,1.4,1.4,0.08,-0.4,-0.4,1.0,11.0,3.0,27.3,0.09,0.33,18.0,0.0,0.0,0.0,0.8,0.8,0.07,0.2,0.2
2024,Bay FC,2024-08-30 00:00:00,19:00 (22:00),Regular Season,Fri,Away,W,3,1,Thorns,3,11,6,54.5,0.27,0.5,14.9,0,0,0,2.3,2.3,0.22,0.7,0.7,1.0,10.0,5.0,50.0,0.1,0.2,21.1,1.0,0.0,0.0,1.1,1.1,0.11,-0.1,-0.1
2024,Bay FC,2024-09-07 00:00:00,19:00 (22:00),Regular Season,Sat,Home,W,1,0,Louisville,1,13,6,46.2,0.08,0.17,18.1,0,0,0,1.5,1.5,0.11,-0.5,-0.5,0.0,11.0,1.0,9.1,0.0,0.0,21.8,0.0,0.0,0.0,1.1,1.1,0.1,-1.1,-1.1
2024,Bay FC,2024-09-13 00:00:00,19:00,Regular Season,Fri,Away,D,1,1,Courage,1,12,6,50.0,0.08,0.17,10.3,0,0,0,2.1,2.1,0.19,-1.1,-1.1,1.0,7.0,2.0,28.6,0.14,0.5,15.7,0.0,0.0,0.0,0.7,0.7,0.1,0.3,0.3
2024,Bay FC,2024-09-20 00:00:00,19:30 (22:30),Regular Season,Fri,Home,L,0,1,Pride,0,13,6,46.2,0.0,0.0,18.3,0,0,0,1.0,1.0,0.08,-1.0,-1.0,1.0,13.0,6.0,46.2,0.08,0.17,14.4,0.0,0.0,0.0,1.3,1.3,0.1,-0.3,-0.3
2024,Bay FC,2024-09-29 00:00:00,15:00 (18:00),Regular Season,Sun,Away,W,1,0,Reign,1,10,5,50.0,0.0,0.0,20.3,0,1,1,2.1,1.3,0.13,-1.1,-1.3,0.0,13.0,3.0,23.1,0.0,0.0,19.9,0.0,0.0,0.0,0.6,0.6,0.05,-0.6,-0.6
2024,Bay FC,2024-10-05 00:00:00,19:30,Regular Season,Sat,Away,L,1,5,Gotham FC,1,15,4,26.7,0.07,0.25,16.4,0,0,0,1.6,1.6,0.11,-0.6,-0.6,5.0,21.0,8.0,38.1,0.19,0.5,14.5,0.0,1.0,1.0,4.0,3.3,0.16,1.0,0.7
2024,Bay FC,2024-10-12 00:00:00,19:00 (22:00),Regular Season,Sat,Home,L,0,1,Current,0,7,2,28.6,0.0,0.0,16.1,1,0,0,0.8,0.8,0.12,-0.8,-0.8,1.0,12.0,4.0,33.3,0.08,0.25,15.5,0.0,0.0,0.0,1.3,1.3,0.11,-0.3,-0.3
2024,Bay FC,2024-10-19 00:00:00,19:00 (22:00),Regular Season,Sat,Home,W,1,0,Courage,1,13,4,30.8,0.08,0.25,15.6,1,0,0,1.7,1.7,0.13,-0.7,-0.7,0.0,8.0,2.0,25.0,0.0,0.0,19.3,1.0,0.0,0.0,0.7,0.7,0.08,-0.7,-0.7
2024,Bay FC,2024-11-02 00:00:00,20:30 (21:30),Regular Season,Sat,Away,W,3,2,Dash,2,18,7,38.9,0.11,0.29,15.8,0,0,0,2.1,2.1,0.12,-0.1,-0.1,2.0,9.0,4.0,44.4,0.22,0.5,21.7,1.0,0.0,0.0,1.1,1.1,0.12,0.9,0.9
2024,Bay FC,2024-11-10 00:00:00,12:30,Quarterfinals,Sun,Away,L,1,2,Spirit,1,13,2,15.4,0.08,0.5,16.4,0,0,0,1.5,1.5,0.11,-0.5,-0.5,1.0,21.0,6.0,28.6,0.05,0.17,18.1,1.0,0.0,0.0,1.7,1.7,0.08,-0.7,-0.7
2024,Chicago Stars,2024-03-16 00:00:00,17:30 (19:30),Regular Season,Sat,Away,W,2,0,Royals,2,12,5,41.7,0.17,0.4,17.6,0,0,0,1.2,1.2,0.1,0.8,0.8,0.0,20.0,5.0,25.0,0.0,0.0,17.1,0.0,0.0,0.0,2.2,2.2,0.12,-2.2,-2.2
2024,Chicago Stars,2024-03-23 00:00:00,15:00 (16:00),Regular Season,Sat,Home,W,2,1,Reign,2,6,3,50.0,0.33,0.67,15.1,0,0,0,0.7,0.7,0.11,1.3,1.3,1.0,16.0,2.0,12.5,0.06,0.5,18.6,1.0,0.0,0.0,0.9,0.9,0.06,0.1,0.1
2024,Chicago Stars,2024-03-29 00:00:00,19:00,Regular Season,Fri,Away,D,1,1,Pride,1,9,3,33.3,0.11,0.33,18.6,0,0,0,0.9,0.9,0.1,0.1,0.1,0.0,21.0,3.0,14.3,0.0,0.0,17.6,1.0,0.0,0.0,1.9,1.9,0.09,-1.9,-1.9
2024,Chicago Stars,2024-04-13 00:00:00,20:30 (21:30),Regular Season,Sat,Home,L,0,1,Angel City,0,10,1,10.0,0.0,0.0,17.7,0,0,0,0.9,0.9,0.09,-0.9,-0.9,0.0,7.0,2.0,28.6,0.0,0.0,14.7,0.0,0.0,0.0,1.0,1.0,0.14,-1.0,-1.0
2024,Chicago Stars,2024-04-21 00:00:00,15:00 (18:00),Regular Season,Sun,Away,W,2,1,Reign,2,12,8,66.7,0.17,0.25,18.2,0,0,0,1.6,1.6,0.14,0.4,0.4,1.0,14.0,2.0,14.3,0.07,0.5,16.0,0.0,0.0,0.0,1.1,1.1,0.08,-0.1,-0.1
2024,Chicago Stars,2024-04-27 00:00:00,18:30 (19:30),Regular Season,Sat,Home,L,0,2,Thorns,0,16,3,18.8,0.0,0.0,14.9,1,0,0,1.6,1.6,0.1,-1.6,-1.6,2.0,13.0,7.0,53.8,0.15,0.29,15.8,0.0,0.0,0.0,1.7,1.7,0.15,0.3,0.3
2024,Chicago Stars,2024-05-01 00:00:00,19:00 (20:00),Regular Season,Wed,Home,L,2,4,Spirit,2,7,4,57.1,0.29,0.5,19.7,0,0,0,0.9,0.9,0.17,1.1,1.1,4.0,10.0,5.0,50.0,0.4,0.8,15.4,0.0,0.0,0.0,1.0,1.0,0.1,3.0,3.0
2024,Chicago Stars,2024-05-05 00:00:00,17:00 (20:00),Regular Season,Sun,Away,W,2,1,Bay FC,2,8,3,37.5,0.25,0.67,18.1,0,0,1,1.8,1.0,0.13,0.2,1.0,1.0,9.0,2.0,22.2,0.11,0.5,14.4,0.0,0.0,0.0,1.0,1.0,0.11,0.0,0.0
2024,Chicago Stars,2024-05-12 00:00:00,16:30 (17:30),Regular Season,Sun,Home,W,3,1,Royals,3,6,3,50.0,0.33,0.67,15.1,0,1,1,2.6,1.8,0.3,0.4,0.2,1.0,16.0,5.0,31.3,0.06,0.2,20.5,0.0,0.0,0.0,1.1,1.1,0.07,-0.1,-0.1
2024,Chicago Stars,2024-05-19 00:00:00,17:00,Regular Season,Sun,Away,L,1,2,Gotham FC,1,8,4,50.0,0.13,0.25,21.1,0,0,0,1.2,1.2,0.15,-0.2,-0.2,2.0,15.0,6.0,40.0,0.13,0.33,17.5,0.0,0.0,0.0,1.9,1.9,0.13,0.1,0.1
2024,Chicago Stars,2024-05-25 00:00:00,18:30 (19:30),Regular Season,Sat,Home,L,0,1,Louisville,0,13,5,38.5,0.0,0.0,20.3,0,0,0,1.4,1.4,0.11,-1.4,-1.4,1.0,21.0,4.0,19.0,0.05,0.25,17.1,0.0,0.0,0.0,2.1,2.1,0.1,-1.1,-1.1
2024,Chicago Stars,2024-06-08 00:00:00,18:30 (19:30),Regular Season,Sat,Home,L,1,2,Bay FC,1,13,3,23.1,0.08,0.33,22.7,0,0,0,1.2,1.2,0.09,-0.2,-0.2,2.0,20.0,7.0,35.0,0.1,0.29,15.4,0.0,0.0,0.0,3.2,3.2,0.16,-1.2,-1.2
2024,Chicago Stars,2024-06-14 00:00:00,19:00 (20:00),Regular Season,Fri,Away,D,2,2,Current,2,8,2,25.0,0.25,1.0,15.5,0,0,0,0.3,0.3,0.04,1.7,1.7,2.0,28.0,7.0,25.0,0.07,0.29,19.5,0.0,0.0,0.0,2.2,2.2,0.08,-0.2,-0.2
2024,Chicago Stars,2024-06-23 00:00:00,18:00,Regular Season,Sun,Away,L,1,3,Courage,1,9,4,44.4,0.11,0.25,17.3,1,0,0,0.7,0.7,0.08,0.3,0.3,3.0,14.0,7.0,50.0,0.21,0.43,17.6,0.0,0.0,0.0,1.2,1.2,0.08,1.8,1.8
2024,Chicago Stars,2024-06-28 00:00:00,19:00 (22:00),Regular Season,Fri,Away,W,3,0,Wave,2,8,4,50.0,0.25,0.5,14.6,1,0,0,1.7,1.7,0.21,0.3,0.3,0.0,15.0,4.0,26.7,0.0,0.0,15.9,1.0,0.0,1.0,2.1,1.4,0.09,-2.1,-1.4
2024,Chicago Stars,2024-07-06 00:00:00,12:00 (13:00),Regular Season,Sat,Home,W,1,0,Dash,1,8,4,50.0,0.13,0.25,12.6,0,0,0,0.9,0.9,0.12,0.1,0.1,0.0,17.0,5.0,29.4,0.0,0.0,18.9,0.0,0.0,0.0,0.8,0.8,0.05,-0.8,-0.8
2024,Chicago Stars,2024-08-24 00:00:00,19:30,Regular Season,Sat,Away,L,1,3,Louisville,1,10,3,30.0,0.1,0.33,13.5,0,0,0,0.6,0.6,0.06,0.4,0.4,3.0,18.0,7.0,38.9,0.17,0.43,20.7,1.0,0.0,0.0,2.0,2.0,0.11,1.0,1.0
2024,Chicago Stars,2024-09-01 00:00:00,13:00 (16:00),Regular Season,Sun,Away,L,1,2,Angel City,1,13,2,15.4,0.08,0.5,19.8,0,0,0,1.3,1.3,0.1,-0.3,-0.3,2.0,13.0,7.0,53.8,0.15,0.29,15.5,0.0,0.0,0.0,1.4,1.4,0.11,0.6,0.6
2024,Chicago Stars,2024-09-08 00:00:00,17:00 (18:00),Regular Season,Sun,Home,L,0,1,Pride,0,3,2,66.7,0.0,0.0,23.2,0,0,0,0.1,0.1,0.04,-0.1,-0.1,1.0,15.0,2.0,13.3,0.07,0.5,16.8,0.0,0.0,0.0,1.3,1.3,0.08,-0.3,-0.3
2024,Chicago Stars,2024-09-13 00:00:00,19:00 (22:00),Regular Season,Fri,Away,W,1,0,Thorns,1,5,2,40.0,0.2,0.5,19.5,0,0,1,1.9,1.1,0.22,-0.9,-0.1,0.0,14.0,2.0,14.3,0.0,0.0,19.0,0.0,0.0,0.0,0.8,0.8,0.06,-0.8,-0.8
2024,Chicago Stars,2024-09-21 00:00:00,20:30 (21:30),Regular Season,Sat,Home,W,1,0,Wave,1,9,2,22.2,0.11,0.5,10.2,0,0,0,1.3,1.3,0.15,-0.3,-0.3,0.0,28.0,2.0,7.1,0.0,0.0,13.6,0.0,0.0,0.0,3.4,3.4,0.13,-3.4,-3.4
2024,Chicago Stars,2024-09-29 00:00:00,17:00 (18:00),Regular Season,Sun,Home,L,1,3,Courage,1,10,3,30.0,0.1,0.33,14.6,0,0,0,1.2,1.2,0.12,-0.2,-0.2,2.0,10.0,5.0,50.0,0.2,0.4,18.6,0.0,0.0,0.0,1.0,1.0,0.1,1.0,1.0
2024,Chicago Stars,2024-10-04 00:00:00,19:00 (20:00),Regular Season,Fri,Away,W,2,0,Dash,2,9,3,33.3,0.11,0.33,19.4,0,1,1,1.8,1.0,0.11,0.2,0.0,0.0,29.0,2.0,6.9,0.0,0.0,14.2,0.0,0.0,0.0,3.0,3.0,0.11,-3.0,-3.0
2024,Chicago Stars,2024-10-12 00:00:00,15:00 (16:00),Regular Season,Sat,Home,L,0,2,Gotham FC,0,2,1,50.0,0.0,0.0,20.1,0,0,0,0.2,0.2,0.09,-0.2,-0.2,2.0,11.0,4.0,36.4,0.09,0.25,17.0,0.0,1.0,1.0,2.2,1.5,0.14,-0.2,-0.5
2024,Chicago Stars,2024-10-20 00:00:00,17:00,Regular Season,Sun,Away,L,0,2,Spirit,0,9,2,22.2,0.0,0.0,16.7,0,0,0,0.6,0.6,0.07,-0.6,-0.6,2.0,23.0,12.0,52.2,0.09,0.17,17.0,0.0,0.0,0.0,2.5,2.5,0.11,-0.5,-0.5
2024,Chicago Stars,2024-11-03 00:00:00,14:00 (15:00),Regular Season,Sun,Home,L,1,3,Current,1,14,4,28.6,0.07,0.25,18.2,0,0,0,1.3,1.3,0.09,-0.3,-0.3,3.0,14.0,6.0,42.9,0.21,0.5,18.3,0.0,0.0,0.0,1.9,1.9,0.14,1.1,1.1
2024,Chicago Stars,2024-11-08 00:00:00,20:00,Quarterfinals,Fri,Away,L,1,4,Pride,1,10,3,30.0,0.1,0.33,16.6,0,0,0,1.2,1.2,0.12,-0.2,-0.2,4.0,26.0,8.0,30.8,0.12,0.38,16.5,1.0,1.0,1.0,4.9,4.2,0.17,-0.9,-1.2
2024,Gotham FC,2024-03-24 00:00:00,16:00 (19:00),Regular Season,Sun,Away,W,1,0,Thorns,1,9,6,66.7,0.11,0.17,19.2,0,0,0,0.7,0.7,0.08,0.3,0.3,0.0,15.0,6.0,40.0,0.0,0.0,14.3,0.0,0.0,0.0,1.2,1.2,0.08,-1.2,-1.2
2024,Gotham FC,2024-03-30 00:00:00,19:00,Regular Season,Sat,Away,L,0,1,Courage,0,15,0,0.0,0.0,,18.9,1,0,0,1.4,1.4,0.09,-1.4,-1.4,1.0,6.0,1.0,16.7,0.17,1.0,13.1,0.0,0.0,0.0,0.8,0.8,0.13,0.2,0.2
2024,Gotham FC,2024-04-14 00:00:00,18:00,Regular Season,Sun,Home,D,1,1,Current,1,14,5,35.7,0.07,0.2,14.4,0,0,0,1.3,1.3,0.1,-0.3,-0.3,1.0,11.0,4.0,36.4,0.09,0.25,19.5,0.0,0.0,0.0,1.3,1.3,0.12,-0.3,-0.3
2024,Gotham FC,2024-04-20 00:00:00,13:00,Regular Season,Sat,Away,L,0,2,Spirit,0,11,3,27.3,0.0,0.0,19.4,0,0,0,0.6,0.6,0.05,-0.6,-0.6,2.0,12.0,4.0,33.3,0.08,0.25,19.8,0.0,1.0,1.0,1.9,1.2,0.1,0.1,-0.2
2024,Gotham FC,2024-04-28 00:00:00,17:00,Regular Season,Sun,Home,D,1,1,Louisville,1,19,3,15.8,0.05,0.33,17.6,0,0,0,1.6,1.6,0.08,-0.6,-0.6,1.0,10.0,6.0,60.0,0.1,0.17,15.0,0.0,0.0,0.0,1.8,1.8,0.18,-0.8,-0.8
2024,Gotham FC,2024-05-04 00:00:00,19:30,Regular Season,Sat,Home,W,1,0,Courage,1,13,2,15.4,0.08,0.5,15.0,0,0,0,1.0,1.0,0.08,0.0,0.0,0.0,10.0,5.0,50.0,0.0,0.0,19.8,0.0,0.0,0.0,0.8,0.8,0.08,-0.8,-0.8
2024,Gotham FC,2024-05-08 00:00:00,19:00 (20:00),Regular Season,Wed,Away,W,1,0,Dash,1,19,5,26.3,0.05,0.2,14.3,0,0,0,2.4,2.4,0.14,-1.4,-1.4,0.0,3.0,2.0,66.7,0.0,0.0,23.0,1.0,0.0,0.0,0.2,0.2,0.05,-0.2,-0.2
2024,Gotham FC,2024-05-12 00:00:00,16:30 (19:30),Regular Season,Sun,Away,D,1,1,Wave,1,14,7,50.0,0.07,0.14,16.7,0,0,0,1.6,1.6,0.11,-0.6,-0.6,1.0,9.0,7.0,77.8,0.11,0.14,13.2,1.0,0.0,0.0,1.4,1.4,0.16,-0.4,-0.4
2024,Gotham FC,2024-05-19 00:00:00,17:00,Regular Season,Sun,Home,W,2,1,Red Stars,2,15,6,40.0,0.13,0.33,17.5,0,0,0,1.9,1.9,0.13,0.1,0.1,1.0,8.0,4.0,50.0,0.13,0.25,21.1,0.0,0.0,0.0,1.2,1.2,0.15,-0.2,-0.2
2024,Gotham FC,2024-05-24 00:00:00,19:00 (22:00),Regular Season,Fri,Away,W,2,0,Bay FC,2,6,4,66.7,0.33,0.5,16.5,1,0,0,2.1,2.1,0.35,-0.1,-0.1,0.0,9.0,2.0,22.2,0.0,0.0,17.0,0.0,0.0,0.0,0.8,0.8,0.09,-0.8,-0.8
2024,Gotham FC,2024-06-08 00:00:00,12:30,Regular Season,Sat,Home,W,2,1,Angel City,2,18,5,27.8,0.11,0.4,16.0,0,0,0,1.9,1.9,0.11,0.1,0.1,1.0,8.0,6.0,75.0,0.13,0.17,20.8,0.0,0.0,0.0,0.5,0.5,0.07,0.5,0.5
2024,Gotham FC,2024-06-15 00:00:00,12:00,Regular Season,Sat,Away,W,2,0,Louisville,2,9,4,44.4,0.22,0.5,16.7,0,0,0,1.2,1.2,0.14,0.8,0.8,0.0,5.0,2.0,40.0,0.0,0.0,16.7,0.0,0.0,0.0,0.4,0.4,0.08,-0.4,-0.4
2024,Gotham FC,2024-06-19 00:00:00,19:00,Regular Season,Wed,Home,W,2,1,Wave,2,14,9,64.3,0.14,0.22,16.7,0,0,0,0.9,0.9,0.06,1.1,1.1,1.0,3.0,1.0,33.3,0.33,1.0,13.0,0.0,0.0,0.0,0.3,0.3,0.1,0.7,0.7
2024,Gotham FC,2024-06-23 00:00:00,18:00,Regular Season,Sun,Home,L,0,2,Spirit,0,9,2,22.2,0.0,0.0,21.9,1,0,1,1.2,0.4,0.05,-1.2,-0.4,2.0,12.0,7.0,58.3,0.17,0.29,16.1,0.0,0.0,0.0,1.6,1.6,0.14,0.4,0.4
2024,Gotham FC,2024-06-30 00:00:00,13:00,Regular Season,Sun,Home,D,1,1,Reign,1,15,5,33.3,0.07,0.2,21.4,0,0,0,1.1,1.1,0.07,-0.1,-0.1,0.0,7.0,3.0,42.9,0.0,0.0,15.5,0.0,0.0,0.0,0.7,0.7,0.1,-0.7,-0.7
2024,Gotham FC,2024-07-06 00:00:00,19:00 (22:00),Regular Season,Sat,Away,W,2,1,Angel City,2,12,9,75.0,0.17,0.22,15.9,0,0,0,2.6,2.6,0.22,-0.6,-0.6,1.0,10.0,1.0,10.0,0.0,0.0,21.4,1.0,1.0,1.0,1.6,0.8,0.08,-0.6,-0.8
2024,Gotham FC,2024-08-24 00:00:00,14:30,Regular Season,Sat,Home,W,2,0,Thorns,2,16,9,56.3,0.13,0.22,18.5,0,0,0,1.0,1.0,0.07,1.0,1.0,0.0,9.0,3.0,33.3,0.0,0.0,17.8,0.0,0.0,0.0,0.4,0.4,0.04,-0.4,-0.4
2024,Gotham FC,2024-09-01 00:00:00,18:00,Regular Season,Sun,Away,L,0,2,Pride,0,16,2,12.5,0.0,0.0,17.7,0,0,0,0.8,0.8,0.05,-0.8,-0.8,2.0,12.0,8.0,66.7,0.17,0.25,14.2,1.0,0.0,0.0,0.8,0.8,0.07,1.2,1.2
2024,Gotham FC,2024-09-08 00:00:00,13:00,Regular Season,Sun,Home,W,2,1,Dash,2,8,3,37.5,0.25,0.67,12.6,0,0,0,1.6,1.6,0.2,0.4,0.4,1.0,7.0,3.0,42.9,0.14,0.33,18.2,0.0,0.0,0.0,0.6,0.6,0.08,0.4,0.4
2024,Gotham FC,2024-09-16 00:00:00,19:00 (22:00),Regular Season,Mon,Away,W,2,0,Reign,2,11,6,54.5,0.18,0.33,17.6,0,0,0,1.1,1.1,0.1,0.9,0.9,0.0,7.0,3.0,42.9,0.0,0.0,27.6,1.0,0.0,0.0,0.3,0.3,0.04,-0.3,-0.3
2024,Gotham FC,,For Gotham FC,For Gotham FC,For Gotham FC,For Gotham FC,For Gotham FC,For Gotham FC,For Gotham FC,For Gotham FC,Standard,Standard,Standard,Standard,Standard,Standard,Standard,Standard,Standard,Standard,Expected,Expected,Expected,Expected,Expected,0.0,12.0,2.0,16.7,0.0,0.0,17.4,0.0,0.0,0.0,0.7,0.7,0.06,-0.7,-0.7
2024,Gotham FC,,Time,Round,Day,Venue,Result,GF,GA,Opponent,Gls,Sh,SoT,SoT%,G/Sh,G/SoT,Dist,FK,PK,PKatt,xG,npxG,npxG/Sh,G-xG,np:G-xG,1.0,15.0,5.0,33.3,0.07,0.2,18.8,0.0,0.0,0.0,2.6,2.6,0.17,-1.6,-1.6
2024,Gotham FC,2024-09-22 00:00:00,13:00,Regular Season,Sun,Home,W,1,0,Royals,1,16,10,62.5,0.06,0.1,20.2,0,0,0,0.7,0.7,0.04,0.3,0.3,1.0,15.0,4.0,26.7,0.07,0.25,16.4,0.0,0.0,0.0,1.6,1.6,0.11,-0.6,-0.6
2024,Gotham FC,2024-09-28 00:00:00,12:00 (13:00),Regular Season,Sat,Away,D,1,1,Current,0,12,6,50.0,0.0,0.0,16.2,0,0,0,1.1,1.1,0.1,-1.1,-1.1,0.0,2.0,1.0,50.0,0.0,0.0,20.1,0.0,0.0,0.0,0.2,0.2,0.09,-0.2,-0.2
2024,Gotham FC,2024-10-05 00:00:00,19:30,Regular Season,Sat,Home,W,5,1,Bay FC,5,21,8,38.1,0.19,0.5,14.5,0,1,1,4.0,3.3,0.16,1.0,0.7,1.0,8.0,1.0,12.5,0.0,0.0,19.2,0.0,1.0,1.0,1.9,1.2,0.15,-0.9,-1.2
2024,Gotham FC,2024-10-12 00:00:00,15:00 (16:00),Regular Season,Sat,Away,W,2,0,Red Stars,2,11,4,36.4,0.09,0.25,17.0,0,1,1,2.2,1.5,0.14,-0.2,-0.5,1.0,7.0,2.0,28.6,0.14,0.5,19.9,0.0,0.0,0.0,1.1,1.1,0.16,-0.1,-0.1
2024,Gotham FC,2024-10-20 00:00:00,17:00,Regular Season,Sun,Home,W,3,1,Pride,3,15,5,33.3,0.2,0.6,18.0,0,0,0,2.0,2.0,0.15,1.0,1.0,,,,,,,,,,,,,,,
2024,Gotham FC,2024-11-01 00:00:00,19:30 (21:30),Regular Season,Fri,Away,W,4,1,Royals,4,23,8,34.8,0.17,0.5,13.3,0,0,0,3.4,3.4,0.15,0.6,0.6,1.0,7.0,2.0,28.6,0.14,0.5,16.4,0.0,0.0,0.0,0.7,0.7,0.1,0.3,0.3
2024,Gotham FC,2024-11-10 00:00:00,15:00,Quarterfinals,Sun,Home,W,2,1,Thorns,2,16,5,31.3,0.13,0.4,21.4,0,0,0,0.8,0.8,0.05,1.2,1.2,1.0,27.0,10.0,37.0,0.04,0.1,16.6,0.0,0.0,0.0,2.0,2.0,0.08,-1.0,-1.0
2024,Gotham FC,2024-11-16 00:00:00,12:00,Semifinals,Sat,Away,D,1 (0),1 (3),Spirit,1,14,5,35.7,0.07,0.2,18.0,0,0,0,0.8,0.8,0.06,0.2,0.2,,,,,,,,,,,,,,,
2024,Houston Dash,2024-03-16 00:00:00,19:00,Regular Season,Sat,Away,L,1,5,Courage,0,7,3,42.9,0.0,0.0,15.5,0,0,0,0.2,0.2,0.04,-0.2,-0.2,5.0,19.0,7.0,36.8,0.21,0.57,16.0,0.0,1.0,1.0,3.2,2.4,0.13,1.8,1.6
2024,Houston Dash,2024-03-23 00:00:00,19:30 (20:30),Regular Season,Sat,Home,D,0,0,Louisville,0,12,4,33.3,0.0,0.0,23.2,0,0,0,0.9,0.9,0.07,-0.9,-0.9,0.0,19.0,9.0,47.4,0.0,0.0,13.9,0.0,0.0,0.0,2.0,2.0,0.11,-2.0,-2.0
2024,Houston Dash,2024-03-30 00:00:00,19:00 (22:00),Regular Season,Sat,Away,W,3,2,Bay FC,3,14,4,28.6,0.21,0.75,20.2,0,0,1,2.4,1.4,0.1,0.6,1.6,2.0,14.0,5.0,35.7,0.14,0.4,18.1,0.0,0.0,0.0,1.1,1.1,0.08,0.9,0.9
2024,Houston Dash,2024-04-12 00:00:00,19:00 (20:00),Regular Season,Fri,Home,L,1,3,Spirit,1,9,2,22.2,0.11,0.5,16.7,0,0,0,0.6,0.6,0.07,0.4,0.4,3.0,12.0,7.0,58.3,0.25,0.43,14.4,0.0,0.0,0.0,2.3,2.3,0.19,0.7,0.7
2024,Houston Dash,2024-04-20 00:00:00,19:00 (22:00),Regular Season,Sat,Away,L,1,4,Thorns,1,7,4,57.1,0.14,0.25,20.5,0,0,0,0.4,0.4,0.05,0.6,0.6,4.0,15.0,9.0,60.0,0.27,0.44,15.1,0.0,0.0,0.0,3.6,3.6,0.24,0.4,0.4
2024,Houston Dash,2024-04-27 00:00:00,17:30 (19:30),Regular Season,Sat,Away,D,0,0,Royals,0,7,1,14.3,0.0,0.0,14.2,0,0,0,0.5,0.5,0.07,-0.5,-0.5,0.0,11.0,4.0,36.4,0.0,0.0,19.6,0.0,0.0,0.0,0.9,0.9,0.08,-0.9,-0.9
2024,Houston Dash,2024-05-05 00:00:00,12:00 (13:00),Regular Season,Sun,Home,D,1,1,Current,1,8,3,37.5,0.13,0.33,17.1,0,0,0,0.8,0.8,0.1,0.2,0.2,1.0,29.0,13.0,44.8,0.03,0.08,19.7,0.0,0.0,0.0,2.5,2.5,0.09,-1.5,-1.5
2024,Houston Dash,2024-05-08 00:00:00,19:00 (20:00),Regular Season,Wed,Home,L,0,1,Gotham FC,0,3,2,66.7,0.0,0.0,23.0,1,0,0,0.2,0.2,0.05,-0.2,-0.2,1.0,19.0,5.0,26.3,0.05,0.2,14.3,0.0,0.0,0.0,2.4,2.4,0.14,-1.4,-1.4
2024,Houston Dash,2024-05-12 00:00:00,16:30 (19:30),Regular Season,Sun,Away,W,1,0,Angel City,1,8,3,37.5,0.13,0.33,12.9,0,0,0,1.1,1.1,0.14,-0.1,-0.1,0.0,13.0,2.0,15.4,0.0,0.0,16.6,0.0,0.0,0.0,0.9,0.9,0.07,-0.9,-0.9
2024,Houston Dash,2024-05-17 00:00:00,19:00 (20:00),Regular Season,Fri,Home,L,0,2,Thorns,0,12,3,25.0,0.0,0.0,13.4,0,0,0,1.1,1.1,0.09,-1.1,-1.1,2.0,22.0,10.0,45.5,0.09,0.2,15.4,0.0,0.0,0.0,2.8,2.8,0.13,-0.8,-0.8
2024,Houston Dash,2024-05-24 00:00:00,19:00 (20:00),Regular Season,Fri,Home,W,3,0,Courage,3,9,6,66.7,0.33,0.5,13.5,0,0,0,1.7,1.7,0.2,1.3,1.3,0.0,13.0,3.0,23.1,0.0,0.0,18.9,1.0,0.0,0.0,1.0,1.0,0.08,-1.0,-1.0
2024,Houston Dash,2024-06-07 00:00:00,20:00,Regular Season,Fri,Away,L,0,2,Louisville,0,13,3,23.1,0.0,0.0,15.6,0,0,0,1.5,1.5,0.12,-1.5,-1.5,2.0,8.0,4.0,50.0,0.25,0.5,11.3,0.0,0.0,0.0,1.3,1.3,0.16,0.7,0.7
2024,Houston Dash,2024-06-15 00:00:00,20:30 (21:30),Regular Season,Sat,Home,D,0,0,Angel City,0,9,1,11.1,0.0,0.0,19.7,0,0,0,0.7,0.7,0.08,-0.7,-0.7,0.0,13.0,4.0,30.8,0.0,0.0,16.9,0.0,0.0,1.0,2.0,1.2,0.1,-2.0,-1.2
2024,Houston Dash,2024-06-22 00:00:00,18:30 (19:30),Regular Season,Sat,Home,D,0,0,Wave,0,6,1,16.7,0.0,0.0,17.4,0,0,0,0.6,0.6,0.1,-0.6,-0.6,0.0,10.0,3.0,30.0,0.0,0.0,21.0,0.0,0.0,0.0,0.5,0.5,0.06,-0.5,-0.5
2024,Houston Dash,2024-06-28 00:00:00,19:00 (20:00),Regular Season,Fri,Away,L,0,2,Current,0,6,2,33.3,0.0,0.0,22.5,0,0,0,0.3,0.3,0.04,-0.3,-0.3,2.0,27.0,9.0,33.3,0.07,0.22,18.7,0.0,0.0,0.0,3.1,3.1,0.12,-1.1,-1.1
2024,Houston Dash,2024-07-06 00:00:00,12:00 (13:00),Regular Season,Sat,Away,L,0,1,Red Stars,0,17,5,29.4,0.0,0.0,18.9,0,0,0,0.8,0.8,0.05,-0.8,-0.8,1.0,8.0,4.0,50.0,0.13,0.25,12.6,0.0,0.0,0.0,0.9,0.9,0.12,0.1,0.1
2024,Houston Dash,2024-08-23 00:00:00,19:00 (20:00),Regular Season,Fri,Home,L,0,1,Pride,0,9,1,11.1,0.0,0.0,17.6,0,0,0,1.3,1.3,0.14,-1.3,-1.3,1.0,21.0,8.0,38.1,0.05,0.13,15.5,0.0,0.0,0.0,2.6,2.6,0.13,-1.6,-1.6
2024,Houston Dash,2024-08-31 00:00:00,20:30 (21:30),Regular Season,Sat,Home,L,1,3,Royals,1,15,4,26.7,0.07,0.25,17.7,1,0,0,1.7,1.7,0.11,-0.7,-0.7,3.0,20.0,8.0,40.0,0.1,0.25,16.5,0.0,1.0,1.0,3.4,2.7,0.14,-0.4,-0.7
2024,Houston Dash,2024-09-08 00:00:00,13:00,Regular Season,Sun,Away,L,1,2,Gotham FC,1,7,3,42.9,0.14,0.33,18.2,0,0,0,0.6,0.6,0.08,0.4,0.4,2.0,8.0,3.0,37.5,0.25,0.67,12.6,0.0,0.0,0.0,1.6,1.6,0.2,0.4,0.4
2024,Houston Dash,2024-09-15 00:00:00,13:00,Regular Season,Sun,Away,L,0,3,Spirit,0,6,2,33.3,0.0,0.0,17.7,0,0,0,0.8,0.8,0.13,-0.8,-0.8,3.0,16.0,7.0,43.8,0.13,0.29,18.1,0.0,1.0,1.0,2.2,1.5,0.09,0.8,0.5
2024,Houston Dash,2024-09-21 00:00:00,19:30 (20:30),Regular Season,Sat,Home,W,1,0,Reign,1,10,2,20.0,0.1,0.5,18.5,0,0,0,0.8,0.8,0.08,0.2,0.2,0.0,11.0,2.0,18.2,0.0,0.0,12.7,0.0,0.0,0.0,1.3,1.3,0.12,-1.3,-1.3
2024,Houston Dash,2024-09-28 00:00:00,19:30,Regular Season,Sat,Away,L,1,3,Pride,1,14,6,42.9,0.07,0.17,16.2,1,0,0,1.2,1.2,0.09,-0.2,-0.2,3.0,23.0,10.0,43.5,0.13,0.3,18.2,1.0,0.0,0.0,3.2,3.2,0.14,-0.2,-0.2
2024,Houston Dash,2024-10-04 00:00:00,19:00 (20:00),Regular Season,Fri,Home,L,0,2,Red Stars,0,29,2,6.9,0.0,0.0,14.2,0,0,0,3.0,3.0,0.11,-3.0,-3.0,2.0,9.0,3.0,33.3,0.11,0.33,19.4,0.0,1.0,1.0,1.8,1.0,0.11,0.2,0.0
2024,Houston Dash,2024-10-13 00:00:00,17:00 (20:00),Regular Season,Sun,Away,W,2,0,Wave,2,4,3,75.0,0.25,0.33,17.8,0,1,1,1.5,0.8,0.19,0.5,0.2,0.0,19.0,3.0,15.8,0.0,0.0,15.2,0.0,0.0,0.0,1.1,1.1,0.06,-1.1,-1.1
2024,Houston Dash,2024-10-18 00:00:00,19:00 (22:00),Regular Season,Fri,Away,L,1,2,Reign,1,9,3,33.3,0.0,0.0,18.9,0,1,1,1.5,0.8,0.09,-0.5,-0.8,2.0,12.0,5.0,41.7,0.17,0.4,15.0,0.0,0.0,0.0,1.6,1.6,0.14,0.4,0.4
2024,Houston Dash,2024-11-02 00:00:00,20:30 (21:30),Regular Season,Sat,Home,L,2,3,Bay FC,2,9,4,44.4,0.22,0.5,21.7,1,0,0,1.1,1.1,0.12,0.9,0.9,2.0,18.0,7.0,38.9,0.11,0.29,15.8,0.0,0.0,0.0,2.1,2.1,0.12,-0.1,-0.1
2024,Kansas City Current,2024-03-16 00:00:00,12:00 (13:00),Regular Season,Sat,Home,W,5,4,Thorns,5,18,7,38.9,0.28,0.71,14.5,0,0,0,2.3,2.3,0.13,2.7,2.7,4.0,19.0,8.0,42.1,0.21,0.5,17.5,0.0,0.0,0.0,1.4,1.4,0.07,2.6,2.6
2024,Kansas City Current,2024-03-23 00:00:00,19:00 (22:00),Regular Season,Sat,Away,W,2,1,Wave,2,13,3,23.1,0.08,0.33,19.5,0,1,1,1.7,0.9,0.07,0.3,0.1,1.0,16.0,5.0,31.3,0.06,0.2,15.1,0.0,0.0,0.0,1.5,1.5,0.1,-0.5,-0.5
2024,Kansas City Current,2024-03-30 00:00:00,14:30 (15:30),Regular Season,Sat,Home,W,4,2,Angel City,4,17,9,52.9,0.24,0.44,16.9,0,0,0,2.5,2.5,0.15,1.5,1.5,2.0,17.0,5.0,29.4,0.12,0.4,16.0,1.0,0.0,0.0,1.2,1.2,0.07,0.8,0.8
2024,Kansas City Current,2024-04-14 00:00:00,18:00,Regular Season,Sun,Away,D,1,1,Gotham FC,1,11,4,36.4,0.09,0.25,19.5,0,0,0,1.3,1.3,0.12,-0.3,-0.3,1.0,14.0,5.0,35.7,0.07,0.2,14.4,0.0,0.0,0.0,1.3,1.3,0.1,-0.3,-0.3
2024,Kansas City Current,2024-04-20 00:00:00,18:30 (19:30),Regular Season,Sat,Home,W,5,2,Bay FC,5,23,11,47.8,0.22,0.45,18.5,1,0,0,1.7,1.7,0.08,3.3,3.3,2.0,15.0,4.0,26.7,0.13,0.5,17.5,0.0,0.0,0.0,1.4,1.4,0.1,0.6,0.6
2024,Kansas City Current,2024-04-26 00:00:00,19:00 (22:00),Regular Season,Fri,Away,W,3,1,Angel City,3,25,10,40.0,0.12,0.3,17.1,0,0,0,3.0,3.0,0.12,0.0,0.0,1.0,13.0,6.0,46.2,0.08,0.17,18.3,0.0,0.0,0.0,1.0,1.0,0.08,0.0,0.0
2024,Kansas City Current,2024-05-05 00:00:00,12:00 (13:00),Regular Season,Sun,Away,D,1,1,Dash,1,29,13,44.8,0.03,0.08,19.7,0,0,0,2.5,2.5,0.09,-1.5,-1.5,1.0,8.0,3.0,37.5,0.13,0.33,17.1,0.0,0.0,0.0,0.8,0.8,0.1,0.2,0.2
2024,Kansas City Current,2024-05-08 00:00:00,19:00 (22:00),Regular Season,Wed,Away,D,0,0,Reign,0,19,5,26.3,0.0,0.0,21.2,0,0,0,1.2,1.2,0.06,-1.2,-1.2,0.0,5.0,1.0,20.0,0.0,0.0,21.8,0.0,0.0,0.0,0.2,0.2,0.05,-0.2,-0.2
2024,Kansas City Current,2024-05-12 00:00:00,17:00 (18:00),Regular Season,Sun,Home,W,1,0,Courage,1,21,8,38.1,0.05,0.13,16.3,0,0,0,2.9,2.9,0.14,-1.9,-1.9,0.0,7.0,2.0,28.6,0.0,0.0,15.1,1.0,0.0,0.0,0.3,0.3,0.05,-0.3,-0.3
2024,Kansas City Current,2024-05-18 00:00:00,20:30 (21:30),Regular Season,Sat,Home,D,3,3,Louisville,3,20,4,20.0,0.1,0.5,19.6,0,1,1,2.0,1.3,0.07,1.0,0.7,2.0,8.0,4.0,50.0,0.25,0.5,19.3,0.0,0.0,0.0,0.5,0.5,0.06,1.5,1.5
2024,Kansas City Current,2024-05-25 00:00:00,20:00 (22:00),Regular Season,Sat,Away,W,1,0,Royals,1,24,7,29.2,0.04,0.14,15.1,0,0,0,3.9,3.9,0.17,-2.9,-2.9,0.0,4.0,2.0,50.0,0.0,0.0,20.9,0.0,0.0,0.0,0.3,0.3,0.07,-0.3,-0.3
2024,Kansas City Current,2024-06-09 00:00:00,17:00 (18:00),Regular Season,Sun,Home,W,5,2,Reign,5,10,5,50.0,0.4,0.8,16.1,0,1,1,2.9,2.1,0.21,2.1,1.9,2.0,13.0,7.0,53.8,0.15,0.29,17.5,0.0,0.0,0.0,1.9,1.9,0.15,0.1,0.1
2024,Kansas City Current,2024-06-14 00:00:00,19:00 (20:00),Regular Season,Fri,Home,D,2,2,Red Stars,2,28,7,25.0,0.07,0.29,19.5,0,0,0,2.2,2.2,0.08,-0.2,-0.2,2.0,8.0,2.0,25.0,0.25,1.0,15.5,0.0,0.0,0.0,0.3,0.3,0.04,1.7,1.7
2024,Kansas City Current,2024-06-23 00:00:00,13:00 (16:00),Regular Season,Sun,Away,W,4,1,Thorns,4,18,7,38.9,0.22,0.57,16.4,0,0,0,2.2,2.2,0.14,1.8,1.8,1.0,14.0,6.0,42.9,0.07,0.17,22.4,1.0,0.0,0.0,0.7,0.7,0.05,0.3,0.3
2024,Kansas City Current,2024-06-28 00:00:00,19:00 (20:00),Regular Season,Fri,Home,W,2,0,Dash,2,27,9,33.3,0.07,0.22,18.7,0,0,0,3.1,3.1,0.12,-1.1,-1.1,0.0,6.0,2.0,33.3,0.0,0.0,22.5,0.0,0.0,0.0,0.3,0.3,0.04,-0.3,-0.3
2024,Kansas City Current,2024-07-06 00:00:00,18:30 (19:30),Regular Season,Sat,Home,L,1,2,Pride,1,23,8,34.8,0.04,0.13,19.1,1,0,0,1.4,1.4,0.06,-0.4,-0.4,2.0,14.0,4.0,28.6,0.07,0.25,21.7,0.0,1.0,1.0,2.1,1.4,0.1,-0.1,-0.4
2024,Kansas City Current,2024-08-25 00:00:00,12:00,Regular Season,Sun,Away,L,1,4,Spirit,1,14,4,28.6,0.07,0.25,18.7,0,0,0,0.9,0.9,0.07,0.1,0.1,4.0,7.0,5.0,71.4,0.57,0.8,16.6,0.0,0.0,0.0,0.6,0.6,0.08,3.4,3.4
2024,Kansas City Current,2024-09-01 00:00:00,14:00,Regular Season,Sun,Away,L,1,2,Courage,1,16,3,18.8,0.06,0.33,15.6,1,0,0,2.2,2.2,0.14,-1.2,-1.2,2.0,11.0,5.0,45.5,0.18,0.4,13.1,0.0,0.0,0.0,1.4,1.4,0.14,0.6,0.6
2024,Kansas City Current,2024-09-07 00:00:00,18:30 (19:30),Regular Season,Sat,Home,W,1,0,Royals,1,13,5,38.5,0.08,0.2,16.0,0,0,0,1.8,1.8,0.14,-0.8,-0.8,0.0,10.0,6.0,60.0,0.0,0.0,18.2,0.0,0.0,0.0,1.2,1.2,0.13,-1.2,-1.2
2024,Kansas City Current,2024-09-13 00:00:00,20:00,Regular Season,Fri,Away,D,0,0,Pride,0,12,3,25.0,0.0,0.0,18.6,0,0,0,1.0,1.0,0.09,-1.0,-1.0,0.0,15.0,5.0,33.3,0.0,0.0,20.6,1.0,0.0,0.0,0.7,0.7,0.04,-0.7,-0.7
2024,Kansas City Current,,For Kansas City Current,For Kansas City Current,For Kansas City Current,For Kansas City Current,For Kansas City Current,For Kansas City Current,For Kansas City Current,For Kansas City Current,Standard,Standard,Standard,Standard,Standard,Standard,Standard,Standard,Standard,Standard,Expected,Expected,Expected,Expected,Expected,0.0,14.0,4.0,28.6,0.0,0.0,22.1,1.0,0.0,0.0,0.6,0.6,0.04,-0.6,-0.6
2024,Kansas City Current,,Time,Round,Day,Venue,Result,GF,GA,Opponent,Gls,Sh,SoT,SoT%,G/Sh,G/SoT,Dist,FK,PK,PKatt,xG,npxG,npxG/Sh,G-xG,np:G-xG,0.0,12.0,6.0,50.0,0.0,0.0,16.2,0.0,0.0,0.0,1.1,1.1,0.1,-1.1,-1.1
2024,Kansas City Current,2024-09-20 00:00:00,19:00 (20:00),Regular Season,Fri,Home,W,3,0,Spirit,3,8,3,37.5,0.38,1.0,15.9,0,0,0,1.0,1.0,0.13,2.0,2.0,0.0,8.0,3.0,37.5,0.0,0.0,14.4,0.0,0.0,0.0,0.6,0.6,0.08,-0.6,-0.6
2024,Kansas City Current,2024-09-28 00:00:00,12:00 (13:00),Regular Season,Sat,Home,D,1,1,Gotham FC,1,15,5,33.3,0.07,0.2,18.8,0,0,0,2.6,2.6,0.17,-1.6,-1.6,0.0,7.0,2.0,28.6,0.0,0.0,16.1,1.0,0.0,0.0,0.8,0.8,0.12,-0.8,-0.8
2024,Kansas City Current,2024-10-05 00:00:00,19:30,Regular Season,Sat,Away,W,2,0,Louisville,2,13,5,38.5,0.15,0.4,18.1,1,0,0,1.4,1.4,0.11,0.6,0.6,1.0,8.0,1.0,12.5,0.13,1.0,17.5,0.0,0.0,0.0,0.8,0.8,0.1,0.2,0.2
2024,Kansas City Current,2024-10-12 00:00:00,19:00 (22:00),Regular Season,Sat,Away,W,1,0,Bay FC,1,12,4,33.3,0.08,0.25,15.5,0,0,0,1.3,1.3,0.11,-0.3,-0.3,1.0,14.0,4.0,28.6,0.07,0.25,18.2,0.0,0.0,0.0,1.3,1.3,0.09,-0.3,-0.3
2024,Kansas City Current,2024-10-19 00:00:00,12:00 (13:00),Regular Season,Sat,Home,W,4,1,Wave,3,15,7,46.7,0.2,0.43,14.9,0,0,0,2.5,2.5,0.17,0.5,0.5,,,,,,,,,,,,,,,
2024,Kansas City Current,2024-11-03 00:00:00,14:00 (15:00),Regular Season,Sun,Away,W,3,1,Red Stars,3,14,6,42.9,0.21,0.5,18.3,0,0,0,1.9,1.9,0.14,1.1,1.1,0.0,12.0,4.0,33.3,0.0,0.0,17.1,0.0,0.0,0.0,1.4,1.4,0.12,-1.4,-1.4
2024,Kansas City Current,2024-11-09 00:00:00,11:00 (12:00),Quarterfinals,Sat,Home,W,1,0,Courage,1,14,4,28.6,0.07,0.25,16.3,0,0,0,1.7,1.7,0.19,-0.7,-0.7,3.0,13.0,5.0,38.5,0.23,0.6,17.5,2.0,0.0,0.0,2.4,2.4,0.19,0.6,0.6
2024,Kansas City Current,2024-11-17 00:00:00,15:00,Semifinals,Sun,Away,L,2,3,Pride,2,19,3,15.8,0.05,0.33,19.9,0,1,1,2.6,1.9,0.1,-0.6,-0.9,,,,,,,,,,,,,,,
2024,Orlando Pride,2024-03-16 00:00:00,16:00,Regular Season,Sat,Away,D,2,2,Louisville,1,8,2,25.0,0.13,0.5,19.4,1,0,0,1.1,1.1,0.14,-0.1,-0.1,2.0,8.0,4.0,50.0,0.25,0.5,14.8,1.0,0.0,0.0,0.9,0.9,0.11,1.1,1.1
2024,Orlando Pride,2024-03-22 00:00:00,20:00,Regular Season,Fri,Home,D,1,1,Angel City,1,14,7,50.0,0.07,0.14,21.3,0,0,0,0.7,0.7,0.05,0.3,0.3,1.0,11.0,3.0,27.3,0.0,0.0,18.9,0.0,1.0,1.0,1.8,1.0,0.09,-0.8,-1.0
2024,Orlando Pride,2024-03-29 00:00:00,19:00,Regular Season,Fri,Home,D,1,1,Red Stars,0,21,3,14.3,0.0,0.0,17.6,1,0,0,1.9,1.9,0.09,-1.9,-1.9,1.0,9.0,3.0,33.3,0.11,0.33,18.6,0.0,0.0,0.0,0.9,0.9,0.1,0.1,0.1
2024,Orlando Pride,2024-04-12 00:00:00,19:30 (21:30),Regular Season,Fri,Away,W,1,0,Royals,1,14,4,28.6,0.07,0.25,15.0,0,0,0,1.8,1.8,0.13,-0.8,-0.8,0.0,5.0,5.0,100.0,0.0,0.0,28.3,0.0,0.0,0.0,0.1,0.1,0.02,-0.1,-0.1
2024,Orlando Pride,2024-04-19 00:00:00,20:00,Regular Season,Fri,Home,W,1,0,Wave,1,21,8,38.1,0.05,0.13,15.6,0,0,0,3.7,3.7,0.18,-2.7,-2.7,0.0,3.0,1.0,33.3,0.0,0.0,14.7,0.0,0.0,0.0,0.2,0.2,0.07,-0.2,-0.2
2024,Orlando Pride,2024-04-26 00:00:00,19:30,Regular Season,Fri,Away,W,3,2,Spirit,3,7,3,42.9,0.29,0.67,14.8,0,1,1,1.5,0.7,0.1,1.5,1.3,2.0,16.0,5.0,31.3,0.13,0.4,20.9,0.0,0.0,0.0,1.8,1.8,0.11,0.2,0.2
2024,Orlando Pride,2024-05-01 00:00:00,19:00,Regular Season,Wed,Home,W,4,1,Courage,4,14,9,64.3,0.29,0.44,14.6,0,0,0,2.1,2.1,0.17,1.9,1.9,0.0,7.0,0.0,0.0,0.0,,17.9,0.0,0.0,0.0,0.6,0.6,0.08,-0.6,-0.6
2024,Orlando Pride,2024-05-05 00:00:00,18:00,Regular Season,Sun,Home,W,1,0,Louisville,1,14,5,35.7,0.07,0.2,17.2,0,0,0,1.3,1.3,0.1,-0.3,-0.3,0.0,9.0,3.0,33.3,0.0,0.0,15.9,0.0,0.0,0.0,1.0,1.0,0.11,-1.0,-1.0
2024,Orlando Pride,2024-05-11 00:00:00,19:30,Regular Season,Sat,Home,W,1,0,Bay FC,1,24,9,37.5,0.0,0.0,19.3,0,1,1,2.0,1.2,0.05,-1.0,-1.2,0.0,6.0,2.0,33.3,0.0,0.0,22.3,0.0,0.0,0.0,1.0,1.0,0.18,-1.0,-1.0
2024,Orlando Pride,2024-05-19 00:00:00,15:00 (18:00),Regular Season,Sun,Away,W,3,2,Reign,3,8,4,50.0,0.38,0.75,11.9,0,0,0,1.4,1.4,0.18,1.6,1.6,2.0,15.0,6.0,40.0,0.13,0.33,20.5,0.0,0.0,0.0,1.6,1.6,0.1,0.4,0.4
2024,Orlando Pride,2024-05-24 00:00:00,19:00,Regular Season,Fri,Home,W,2,1,Thorns,2,22,5,22.7,0.09,0.4,14.8,0,0,0,2.4,2.4,0.11,-0.4,-0.4,1.0,12.0,4.0,33.3,0.08,0.25,16.6,0.0,0.0,0.0,2.5,2.5,0.21,-1.5,-1.5
2024,Orlando Pride,2024-06-07 00:00:00,19:00 (22:00),Regular Season,Fri,Away,D,1,1,Wave,1,9,6,66.7,0.11,0.17,16.2,0,0,0,0.6,0.6,0.06,0.4,0.4,1.0,17.0,5.0,29.4,0.06,0.2,19.2,0.0,0.0,0.0,1.0,1.0,0.06,0.0,0.0
2024,Orlando Pride,2024-06-15 00:00:00,19:30,Regular Season,Sat,Away,D,0,0,Courage,0,21,5,23.8,0.0,0.0,19.0,1,0,0,2.0,2.0,0.09,-2.0,-2.0,0.0,12.0,5.0,41.7,0.0,0.0,16.0,0.0,0.0,0.0,1.0,1.0,0.09,-1.0,-1.0
2024,Orlando Pride,2024-06-21 00:00:00,20:00,Regular Season,Fri,Home,W,6,0,Royals,6,28,12,42.9,0.21,0.5,15.9,1,0,0,3.9,3.9,0.14,2.1,2.1,0.0,11.0,4.0,36.4,0.0,0.0,23.4,0.0,0.0,0.0,0.4,0.4,0.03,-0.4,-0.4
2024,Orlando Pride,2024-06-30 00:00:00,16:30 (19:30),Regular Season,Sun,Away,W,3,0,Angel City,3,15,9,60.0,0.2,0.33,16.1,1,0,0,2.4,2.4,0.16,0.6,0.6,0.0,13.0,7.0,53.8,0.0,0.0,18.6,2.0,0.0,0.0,1.2,1.2,0.09,-1.2,-1.2
2024,Orlando Pride,2024-07-06 00:00:00,18:30 (19:30),Regular Season,Sat,Away,W,2,1,Current,2,14,4,28.6,0.07,0.25,21.7,0,1,1,2.1,1.4,0.1,-0.1,-0.4,1.0,23.0,8.0,34.8,0.04,0.13,19.1,1.0,0.0,0.0,1.4,1.4,0.06,-0.4,-0.4
2024,Orlando Pride,2024-08-23 00:00:00,19:00 (20:00),Regular Season,Fri,Away,W,1,0,Dash,1,21,8,38.1,0.05,0.13,15.5,0,0,0,2.6,2.6,0.13,-1.6,-1.6,0.0,9.0,1.0,11.1,0.0,0.0,17.6,0.0,0.0,0.0,1.3,1.3,0.14,-1.3,-1.3
2024,Orlando Pride,2024-09-01 00:00:00,18:00,Regular Season,Sun,Home,W,2,0,Gotham FC,2,12,8,66.7,0.17,0.25,14.2,1,0,0,0.8,0.8,0.07,1.2,1.2,0.0,16.0,2.0,12.5,0.0,0.0,17.7,0.0,0.0,0.0,0.8,0.8,0.05,-0.8,-0.8
2024,Orlando Pride,2024-09-08 00:00:00,17:00 (18:00),Regular Season,Sun,Away,W,1,0,Red Stars,1,15,2,13.3,0.07,0.5,16.8,0,0,0,1.3,1.3,0.08,-0.3,-0.3,0.0,3.0,2.0,66.7,0.0,0.0,23.2,0.0,0.0,0.0,0.1,0.1,0.04,-0.1,-0.1
2024,Orlando Pride,2024-09-13 00:00:00,20:00,Regular Season,Fri,Home,D,0,0,Current,0,15,5,33.3,0.0,0.0,20.6,1,0,0,0.7,0.7,0.04,-0.7,-0.7,0.0,12.0,3.0,25.0,0.0,0.0,18.6,0.0,0.0,0.0,1.0,1.0,0.09,-1.0,-1.0
2024,Orlando Pride,2024-09-20 00:00:00,19:30 (22:30),Regular Season,Fri,Away,W,1,0,Bay FC,1,13,6,46.2,0.08,0.17,14.4,0,0,0,1.3,1.3,0.1,-0.3,-0.3,0.0,13.0,6.0,46.2,0.0,0.0,18.3,0.0,0.0,0.0,1.0,1.0,0.08,-1.0,-1.0
2024,Orlando Pride,2024-09-28 00:00:00,19:30,Regular Season,Sat,Home,W,3,1,Dash,3,23,10,43.5,0.13,0.3,18.2,1,0,0,3.2,3.2,0.14,-0.2,-0.2,1.0,14.0,6.0,42.9,0.07,0.17,16.2,1.0,0.0,0.0,1.2,1.2,0.09,-0.2,-0.2
2024,Orlando Pride,2024-10-06 00:00:00,17:00,Regular Season,Sun,Home,W,2,0,Spirit,1,16,3,18.8,0.0,0.0,18.5,1,1,1,1.5,0.8,0.05,-0.5,-0.8,0.0,11.0,4.0,36.4,0.0,0.0,18.7,0.0,0.0,0.0,1.0,1.0,0.1,-1.0,-1.0
2024,Orlando Pride,2024-10-11 00:00:00,19:00 (22:00),Regular Season,Fri,Away,L,0,2,Thorns,0,10,4,40.0,0.0,0.0,19.7,1,0,0,0.5,0.5,0.05,-0.5,-0.5,2.0,16.0,6.0,37.5,0.13,0.33,19.2,0.0,0.0,0.0,1.3,1.3,0.08,0.7,0.7
2024,Orlando Pride,2024-10-20 00:00:00,17:00,Regular Season,Sun,Away,L,1,3,Gotham FC,1,8,1,12.5,0.0,0.0,19.2,0,1,1,1.9,1.2,0.15,-0.9,-1.2,3.0,15.0,5.0,33.3,0.2,0.6,18.0,0.0,0.0,0.0,2.0,2.0,0.15,1.0,1.0
2024,Orlando Pride,2024-11-02 00:00:00,17:00,Regular Season,Sat,Home,W,3,2,Reign,3,21,8,38.1,0.14,0.38,17.0,0,0,0,2.9,2.9,0.14,0.1,0.1,2.0,7.0,4.0,57.1,0.29,0.5,14.0,0.0,0.0,0.0,1.4,1.4,0.2,0.6,0.6
2024,Orlando Pride,2024-11-08 00:00:00,20:00,Quarterfinals,Fri,Home,W,4,1,Red Stars,4,26,8,30.8,0.12,0.38,16.5,1,1,1,4.9,4.2,0.17,-0.9,-1.2,1.0,10.0,3.0,30.0,0.1,0.33,16.6,0.0,0.0,0.0,1.2,1.2,0.12,-0.2,-0.2
2024,Orlando Pride,2024-11-17 00:00:00,15:00,Semifinals,Sun,Home,W,3,2,Current,3,13,5,38.5,0.23,0.6,17.5,2,0,0,2.4,2.4,0.19,0.6,0.6,2.0,19.0,3.0,15.8,0.05,0.33,19.9,0.0,1.0,1.0,2.6,1.9,0.1,-0.6,-0.9
2024,Orlando Pride,2024-11-23 00:00:00,19:00 (20:00),Final,Sat,Neutral,W,1,0,Spirit,1,9,3,33.3,0.11,0.33,18.2,0,0,0,0.4,0.4,0.04,0.6,0.6,0.0,26.0,5.0,19.2,0.0,0.0,15.6,0.0,0.0,0.0,1.8,1.8,0.07,-1.8,-1.8
2024,Portland Thorns FC,2024-03-16 00:00:00,12:00 (13:00),Regular Season,Sat,Away,L,4,5,Current,4,19,8,42.1,0.21,0.5,17.5,0,0,0,1.4,1.4,0.07,2.6,2.6,5.0,18.0,7.0,38.9,0.28,0.71,14.5,0.0,0.0,0.0,2.3,2.3,0.13,2.7,2.7
2024,Portland Thorns FC,2024-03-24 00:00:00,16:00 (19:00),Regular Season,Sun,Home,L,0,1,Gotham FC,0,15,6,40.0,0.0,0.0,14.3,0,0,0,1.2,1.2,0.08,-1.2,-1.2,1.0,9.0,6.0,66.7,0.11,0.17,19.2,0.0,0.0,0.0,0.7,0.7,0.08,0.3,0.3
2024,Portland Thorns FC,2024-03-30 00:00:00,16:30 (19:30),Regular Season,Sat,Home,D,2,2,Louisville,2,29,8,27.6,0.07,0.25,21.2,0,0,0,2.0,2.0,0.07,0.0,0.0,2.0,9.0,4.0,44.4,0.22,0.5,11.0,0.0,0.0,0.0,1.4,1.4,0.15,0.6,0.6
2024,Portland Thorns FC,2024-04-13 00:00:00,19:00,Regular Season,Sat,Away,L,0,2,Courage,0,14,4,28.6,0.0,0.0,17.1,0,0,0,1.1,1.1,0.08,-1.1,-1.1,2.0,8.0,3.0,37.5,0.25,0.67,21.2,0.0,0.0,0.0,0.4,0.4,0.05,1.6,1.6
2024,Portland Thorns FC,2024-04-20 00:00:00,19:00 (22:00),Regular Season,Sat,Home,W,4,1,Dash,4,15,9,60.0,0.27,0.44,15.1,0,0,0,3.6,3.6,0.24,0.4,0.4,1.0,7.0,4.0,57.1,0.14,0.25,20.5,0.0,0.0,0.0,0.4,0.4,0.05,0.6,0.6
2024,Portland Thorns FC,2024-04-27 00:00:00,18:30 (19:30),Regular Season,Sat,Away,W,2,0,Red Stars,2,13,7,53.8,0.15,0.29,15.8,0,0,0,1.7,1.7,0.15,0.3,0.3,0.0,16.0,3.0,18.8,0.0,0.0,14.9,1.0,0.0,0.0,1.6,1.6,0.1,-1.6,-1.6
2024,Portland Thorns FC,2024-05-01 00:00:00,19:00 (22:00),Regular Season,Wed,Away,W,3,2,Bay FC,3,9,5,55.6,0.33,0.6,16.8,0,0,0,1.4,1.4,0.15,1.6,1.6,2.0,18.0,5.0,27.8,0.11,0.4,19.7,0.0,0.0,0.0,1.9,1.9,0.1,0.1,0.1
2024,Portland Thorns FC,2024-05-04 00:00:00,19:00 (22:00),Regular Season,Sat,Home,W,2,1,Spirit,2,10,4,40.0,0.2,0.5,17.3,0,0,0,1.5,1.5,0.15,0.5,0.5,1.0,19.0,5.0,26.3,0.05,0.2,18.4,1.0,0.0,0.0,2.2,2.2,0.12,-1.2,-1.2
2024,Portland Thorns FC,2024-05-11 00:00:00,19:00 (22:00),Regular Season,Sat,Home,W,4,0,Reign,4,13,5,38.5,0.23,0.6,22.6,0,1,1,1.4,0.7,0.05,2.6,2.3,0.0,13.0,3.0,23.1,0.0,0.0,18.2,0.0,0.0,0.0,0.8,0.8,0.06,-0.8,-0.8
2024,Portland Thorns FC,2024-05-17 00:00:00,19:00 (20:00),Regular Season,Fri,Away,W,2,0,Dash,2,22,10,45.5,0.09,0.2,15.4,0,0,0,2.8,2.8,0.13,-0.8,-0.8,0.0,12.0,3.0,25.0,0.0,0.0,13.4,0.0,0.0,0.0,1.1,1.1,0.09,-1.1,-1.1
2024,Portland Thorns FC,2024-05-24 00:00:00,19:00,Regular Season,Fri,Away,L,1,2,Pride,1,12,4,33.3,0.08,0.25,16.6,0,0,0,2.5,2.5,0.21,-1.5,-1.5,2.0,22.0,5.0,22.7,0.09,0.4,14.8,0.0,0.0,0.0,2.4,2.4,0.11,-0.4,-0.4
2024,Portland Thorns FC,2024-06-08 00:00:00,19:00 (22:00),Regular Season,Sat,Home,W,1,0,Courage,1,15,4,26.7,0.0,0.0,19.4,0,1,1,1.4,0.6,0.04,-0.4,-0.6,0.0,7.0,1.0,14.3,0.0,0.0,16.2,0.0,0.0,0.0,0.4,0.4,0.05,-0.4,-0.4
2024,Portland Thorns FC,2024-06-16 00:00:00,13:00 (16:00),Regular Season,Sun,Away,D,0,0,Reign,0,6,1,16.7,0.0,0.0,15.0,0,0,0,0.7,0.7,0.12,-0.7,-0.7,0.0,10.0,2.0,20.0,0.0,0.0,21.8,0.0,0.0,0.0,0.5,0.5,0.05,-0.5,-0.5
2024,Portland Thorns FC,2024-06-23 00:00:00,13:00 (16:00),Regular Season,Sun,Home,L,1,4,Current,1,14,6,42.9,0.07,0.17,22.4,1,0,0,0.7,0.7,0.05,0.3,0.3,4.0,18.0,7.0,38.9,0.22,0.57,16.4,0.0,0.0,0.0,2.2,2.2,0.14,1.8,1.8
2024,Portland Thorns FC,2024-06-29 00:00:00,20:00 (22:00),Regular Season,Sat,Away,D,0,0,Royals,0,16,4,25.0,0.0,0.0,17.1,0,0,0,0.9,0.9,0.06,-0.9,-0.9,0.0,24.0,6.0,25.0,0.0,0.0,19.3,0.0,0.0,0.0,1.8,1.8,0.08,-1.8,-1.8
2024,Portland Thorns FC,2024-07-05 00:00:00,19:00 (22:00),Regular Season,Fri,Home,W,1,0,Wave,1,17,8,47.1,0.06,0.13,14.4,0,0,0,2.4,2.4,0.14,-1.4,-1.4,0.0,13.0,2.0,15.4,0.0,0.0,15.3,0.0,0.0,0.0,1.0,1.0,0.08,-1.0,-1.0
2024,Portland Thorns FC,2024-08-24 00:00:00,14:30,Regular Season,Sat,Away,L,0,2,Gotham FC,0,9,3,33.3,0.0,0.0,17.8,0,0,0,0.4,0.4,0.04,-0.4,-0.4,2.0,16.0,9.0,56.3,0.13,0.22,18.5,0.0,0.0,0.0,1.0,1.0,0.07,1.0,1.0
2024,Portland Thorns FC,2024-08-30 00:00:00,19:00 (22:00),Regular Season,Fri,Home,L,1,3,Bay FC,1,10,5,50.0,0.1,0.2,21.1,1,0,0,1.1,1.1,0.11,-0.1,-0.1,3.0,11.0,6.0,54.5,0.27,0.5,14.9,0.0,0.0,0.0,2.3,2.3,0.22,0.7,0.7
2024,Portland Thorns FC,2024-09-07 00:00:00,12:30,Regular Season,Sat,Away,L,1,2,Spirit,1,13,8,61.5,0.08,0.13,17.3,0,0,0,1.8,1.8,0.14,-0.8,-0.8,2.0,17.0,7.0,41.2,0.12,0.29,13.6,0.0,0.0,0.0,3.3,3.3,0.2,-1.3,-1.3
2024,Portland Thorns FC,2024-09-13 00:00:00,19:00 (22:00),Regular Season,Fri,Home,L,0,1,Red Stars,0,14,2,14.3,0.0,0.0,19.0,0,0,0,0.8,0.8,0.06,-0.8,-0.8,1.0,5.0,2.0,40.0,0.2,0.5,19.5,0.0,0.0,1.0,1.9,1.1,0.22,-0.9,-0.1
2024,Portland Thorns FC,2024-09-23 00:00:00,19:00 (22:00),Regular Season,Mon,Away,D,2,2,Angel City,2,13,7,53.8,0.15,0.29,15.8,0,0,0,1.6,1.6,0.13,0.4,0.4,2.0,14.0,5.0,35.7,0.14,0.4,14.0,0.0,0.0,0.0,1.6,1.6,0.12,0.4,0.4
2024,Portland Thorns FC,2024-09-28 00:00:00,19:00 (22:00),Regular Season,Sat,Away,L,0,2,Wave,0,16,6,37.5,0.0,0.0,21.5,0,0,0,1.0,1.0,0.06,-1.0,-1.0,2.0,16.0,4.0,25.0,0.13,0.5,14.9,0.0,0.0,0.0,1.7,1.7,0.11,0.3,0.3
2024,Portland Thorns FC,2024-10-05 00:00:00,19:00 (22:00),Regular Season,Sat,Home,L,1,2,Royals,1,12,3,25.0,0.0,0.0,15.5,0,1,1,2.0,1.3,0.11,-1.0,-1.3,2.0,20.0,9.0,45.0,0.1,0.22,21.7,1.0,0.0,0.0,1.7,1.7,0.08,0.3,0.3
2024,Portland Thorns FC,2024-10-11 00:00:00,19:00 (22:00),Regular Season,Fri,Home,W,2,0,Pride,2,16,6,37.5,0.13,0.33,19.2,0,0,0,1.3,1.3,0.08,0.7,0.7,0.0,10.0,4.0,40.0,0.0,0.0,19.7,1.0,0.0,0.0,0.5,0.5,0.05,-0.5,-0.5
2024,Portland Thorns FC,2024-10-19 00:00:00,19:30,Regular Season,Sat,Away,L,0,1,Louisville,0,14,6,42.9,0.0,0.0,18.6,0,0,0,1.0,1.0,0.07,-1.0,-1.0,1.0,5.0,4.0,80.0,0.2,0.25,16.3,1.0,0.0,0.0,0.9,0.9,0.17,0.1,0.1
2024,Portland Thorns FC,2024-11-01 00:00:00,19:00 (22:00),Regular Season,Fri,Home,W,3,0,Angel City,3,11,6,54.5,0.27,0.5,12.9,0,0,0,1.5,1.5,0.14,1.5,1.5,0.0,12.0,3.0,25.0,0.0,0.0,15.9,0.0,0.0,0.0,0.9,0.9,0.08,-0.9,-0.9
2024,Portland Thorns FC,2024-11-10 00:00:00,15:00,Quarterfinals,Sun,Away,L,1,2,Gotham FC,1,7,2,28.6,0.14,0.5,16.4,0,0,0,0.7,0.7,0.1,0.3,0.3,2.0,16.0,5.0,31.3,0.13,0.4,21.4,0.0,0.0,0.0,0.8,0.8,0.05,1.2,1.2
2024,Racing Louisville,2024-03-16 00:00:00,16:00,Regular Season,Sat,Home,D,2,2,Pride,2,8,4,50.0,0.25,0.5,14.8,1,0,0,0.9,0.9,0.11,1.1,1.1,1.0,8.0,2.0,25.0,0.13,0.5,19.4,1.0,0.0,0.0,1.1,1.1,0.14,-0.1,-0.1
2024,Racing Louisville,2024-03-23 00:00:00,19:30 (20:30),Regular Season,Sat,Away,D,0,0,Dash,0,19,9,47.4,0.0,0.0,13.9,0,0,0,2.0,2.0,0.11,-2.0,-2.0,0.0,12.0,4.0,33.3,0.0,0.0,23.2,0.0,0.0,0.0,0.9,0.9,0.07,-0.9,-0.9
2024,Racing Louisville,2024-03-30 00:00:00,16:30 (19:30),Regular Season,Sat,Away,D,2,2,Thorns,2,9,4,44.4,0.22,0.5,11.0,0,0,0,1.4,1.4,0.15,0.6,0.6,2.0,29.0,8.0,27.6,0.07,0.25,21.2,0.0,0.0,0.0,2.0,2.0,0.07,0.0,0.0
2024,Racing Louisville,2024-04-13 00:00:00,19:30,Regular Season,Sat,Home,D,0,0,Wave,0,12,4,33.3,0.0,0.0,16.9,1,0,0,1.1,1.1,0.09,-1.1,-1.1,0.0,15.0,2.0,13.3,0.0,0.0,17.3,0.0,0.0,0.0,1.0,1.0,0.07,-1.0,-1.0
2024,Racing Louisville,2024-04-20 00:00:00,17:00,Regular Season,Sat,Home,W,5,1,Royals,5,17,9,52.9,0.24,0.44,15.0,0,1,1,3.9,3.1,0.19,1.1,0.9,1.0,11.0,2.0,18.2,0.09,0.5,18.4,0.0,0.0,0.0,0.6,0.6,0.06,0.4,0.4
2024,Racing Louisville,2024-04-28 00:00:00,17:00,Regular Season,Sun,Away,D,1,1,Gotham FC,1,10,6,60.0,0.1,0.17,15.0,0,0,0,1.8,1.8,0.18,-0.8,-0.8,1.0,19.0,3.0,15.8,0.05,0.33,17.6,0.0,0.0,0.0,1.6,1.6,0.08,-0.6,-0.6
2024,Racing Louisville,2024-05-05 00:00:00,18:00,Regular Season,Sun,Away,L,0,1,Pride,0,9,3,33.3,0.0,0.0,15.9,0,0,0,1.0,1.0,0.11,-1.0,-1.0,1.0,14.0,5.0,35.7,0.07,0.2,17.2,0.0,0.0,0.0,1.3,1.3,0.1,-0.3,-0.3
2024,Racing Louisville,2024-05-10 00:00:00,20:00,Regular Season,Fri,Home,L,1,2,Spirit,1,13,5,38.5,0.08,0.2,19.7,3,0,1,1.4,0.6,0.05,-0.4,0.4,1.0,9.0,3.0,33.3,0.11,0.33,17.8,1.0,0.0,0.0,0.9,0.9,0.1,0.1,0.1
2024,Racing Louisville,2024-05-18 00:00:00,20:30 (21:30),Regular Season,Sat,Away,D,3,3,Current,2,8,4,50.0,0.25,0.5,19.3,0,0,0,0.5,0.5,0.06,1.5,1.5,3.0,20.0,4.0,20.0,0.1,0.5,19.6,0.0,1.0,1.0,2.0,1.3,0.07,1.0,0.7
2024,Racing Louisville,2024-05-25 00:00:00,18:30 (19:30),Regular Season,Sat,Away,W,1,0,Red Stars,1,21,4,19.0,0.05,0.25,17.1,0,0,0,2.1,2.1,0.1,-1.1,-1.1,0.0,13.0,5.0,38.5,0.0,0.0,20.3,0.0,0.0,0.0,1.4,1.4,0.11,-1.4,-1.4
2024,Racing Louisville,2024-06-07 00:00:00,20:00,Regular Season,Fri,Home,W,2,0,Dash,2,8,4,50.0,0.25,0.5,11.3,0,0,0,1.3,1.3,0.16,0.7,0.7,0.0,13.0,3.0,23.1,0.0,0.0,15.6,0.0,0.0,0.0,1.5,1.5,0.12,-1.5,-1.5
2024,Racing Louisville,2024-06-15 00:00:00,12:00,Regular Season,Sat,Home,L,0,2,Gotham FC,0,5,2,40.0,0.0,0.0,16.7,0,0,0,0.4,0.4,0.08,-0.4,-0.4,2.0,9.0,4.0,44.4,0.22,0.5,16.7,0.0,0.0,0.0,1.2,1.2,0.14,0.8,0.8
2024,Racing Louisville,2024-06-19 00:00:00,19:00 (22:00),Regular Season,Wed,Away,L,2,3,Angel City,2,14,3,21.4,0.07,0.33,17.4,0,1,1,2.0,1.2,0.09,0.0,-0.2,3.0,10.0,4.0,40.0,0.3,0.75,15.4,0.0,0.0,0.0,1.5,1.5,0.15,1.5,1.5
2024,Racing Louisville,2024-06-23 00:00:00,15:00 (18:00),Regular Season,Sun,Away,D,1,1,Reign,1,7,4,57.1,0.14,0.25,19.0,0,0,0,0.7,0.7,0.09,0.3,0.3,1.0,12.0,2.0,16.7,0.0,0.0,15.2,0.0,1.0,1.0,2.0,1.3,0.1,-1.0,-1.3
2024,Racing Louisville,2024-06-29 00:00:00,16:00,Regular Season,Sat,Home,L,0,1,Bay FC,0,7,1,14.3,0.0,0.0,18.5,0,0,0,0.5,0.5,0.07,-0.5,-0.5,1.0,5.0,0.0,0.0,0.0,,22.9,0.0,1.0,1.0,1.2,0.4,0.07,-0.2,-0.4
2024,Racing Louisville,2024-07-07 00:00:00,16:30,Regular Season,Sun,Away,L,1,3,Courage,1,11,5,45.5,0.09,0.2,19.4,0,0,0,0.8,0.8,0.07,0.2,0.2,3.0,12.0,6.0,50.0,0.25,0.5,16.2,0.0,0.0,0.0,1.9,1.9,0.16,1.1,1.1
2024,Racing Louisville,2024-08-24 00:00:00,19:30,Regular Season,Sat,Home,W,3,1,Red Stars,3,18,7,38.9,0.17,0.43,20.7,1,0,0,2.0,2.0,0.11,1.0,1.0,1.0,10.0,3.0,30.0,0.1,0.33,13.5,0.0,0.0,0.0,0.6,0.6,0.06,0.4,0.4
2024,Racing Louisville,2024-08-31 00:00:00,19:30,Regular Season,Sat,Home,L,2,3,Reign,2,18,6,33.3,0.11,0.33,15.7,0,0,0,2.0,2.0,0.13,0.0,0.0,2.0,4.0,2.0,50.0,0.25,0.5,22.3,1.0,1.0,1.0,1.0,0.3,0.07,1.0,0.7
2024,Racing Louisville,2024-09-07 00:00:00,19:00 (22:00),Regular Season,Sat,Away,L,0,1,Bay FC,0,11,1,9.1,0.0,0.0,21.8,0,0,0,1.1,1.1,0.1,-1.1,-1.1,1.0,13.0,6.0,46.2,0.08,0.17,18.1,0.0,0.0,0.0,1.5,1.5,0.11,-0.5,-0.5
2024,Racing Louisville,2024-09-14 00:00:00,19:30,Regular Season,Sat,Home,W,2,1,Angel City,2,10,6,60.0,0.2,0.33,20.9,0,0,0,0.5,0.5,0.05,1.5,1.5,1.0,17.0,5.0,29.4,0.06,0.2,15.8,0.0,0.0,0.0,1.2,1.2,0.07,-0.2,-0.2
2024,Racing Louisville,2024-09-21 00:00:00,19:30,Regular Season,Sat,Home,W,2,1,Courage,2,14,2,14.3,0.07,0.5,19.0,1,1,1,2.6,2.0,0.14,-0.6,-1.0,1.0,13.0,4.0,30.8,0.08,0.25,15.2,0.0,0.0,0.0,1.2,1.2,0.1,-0.2,-0.2
2024,Racing Louisville,2024-09-28 00:00:00,17:00 (19:00),Regular Season,Sat,Away,L,0,1,Royals,0,10,2,20.0,0.0,0.0,17.6,1,0,0,1.1,1.1,0.11,-1.1,-1.1,1.0,16.0,5.0,31.3,0.06,0.2,17.8,0.0,0.0,0.0,2.1,2.1,0.13,-1.1,-1.1
2024,Racing Louisville,2024-10-05 00:00:00,19:30,Regular Season,Sat,Home,L,0,2,Current,0,8,3,37.5,0.0,0.0,14.4,0,0,0,0.6,0.6,0.08,-0.6,-0.6,2.0,13.0,5.0,38.5,0.15,0.4,18.1,1.0,0.0,0.0,1.4,1.4,0.11,0.6,0.6
2024,Racing Louisville,2024-10-13 00:00:00,17:00,Regular Season,Sun,Away,L,1,4,Spirit,1,10,5,50.0,0.1,0.2,16.7,0,0,0,1.4,1.4,0.14,-0.4,-0.4,4.0,18.0,5.0,27.8,0.17,0.6,17.6,0.0,1.0,1.0,3.4,2.6,0.15,0.6,0.4
2024,Racing Louisville,2024-10-19 00:00:00,19:30,Regular Season,Sat,Home,W,1,0,Thorns,1,5,4,80.0,0.2,0.25,16.3,1,0,0,0.9,0.9,0.17,0.1,0.1,0.0,14.0,6.0,42.9,0.0,0.0,18.6,0.0,0.0,0.0,1.0,1.0,0.07,-1.0,-1.0
2024,Racing Louisville,2024-11-03 00:00:00,14:30 (17:30),Regular Season,Sun,Away,L,1,3,Wave,1,16,4,25.0,0.06,0.25,17.2,1,0,0,1.8,1.8,0.12,-0.8,-0.8,3.0,14.0,8.0,57.1,0.21,0.38,16.5,1.0,0.0,0.0,1.8,1.8,0.14,1.2,1.2
2024,San Diego Wave,2024-03-23 00:00:00,19:00 (22:00),Regular Season,Sat,Home,L,1,2,Current,1,16,5,31.3,0.06,0.2,15.1,0,0,0,1.5,1.5,0.1,-0.5,-0.5,2.0,13.0,3.0,23.1,0.08,0.33,19.5,0.0,1.0,1.0,1.7,0.9,0.07,0.3,0.1
2024,San Diego Wave,2024-03-29 00:00:00,19:00 (22:00),Regular Season,Fri,Home,W,1,0,Reign,1,16,5,31.3,0.06,0.2,17.2,1,0,0,0.9,0.9,0.06,0.1,0.1,0.0,9.0,2.0,22.2,0.0,0.0,19.2,0.0,0.0,0.0,0.5,0.5,0.05,-0.5,-0.5
2024,San Diego Wave,2024-04-13 00:00:00,19:30,Regular Season,Sat,Away,D,0,0,Louisville,0,15,2,13.3,0.0,0.0,17.3,0,0,0,1.0,1.0,0.07,-1.0,-1.0,0.0,12.0,4.0,33.3,0.0,0.0,16.9,1.0,0.0,0.0,1.1,1.1,0.09,-1.1,-1.1
2024,San Diego Wave,2024-04-19 00:00:00,20:00,Regular Season,Fri,Away,L,0,1,Pride,0,3,1,33.3,0.0,0.0,14.7,0,0,0,0.2,0.2,0.07,-0.2,-0.2,1.0,21.0,8.0,38.1,0.05,0.13,15.6,0.0,0.0,0.0,3.7,3.7,0.18,-2.7,-2.7
2024,San Diego Wave,2024-04-27 00:00:00,19:00 (22:00),Regular Season,Sat,Home,W,2,1,Bay FC,2,14,5,35.7,0.14,0.4,15.7,0,0,0,1.4,1.4,0.1,0.6,0.6,1.0,23.0,3.0,13.0,0.04,0.33,17.4,0.0,0.0,0.0,1.8,1.8,0.08,-0.8,-0.8
2024,San Diego Wave,2024-05-03 00:00:00,19:00 (22:00),Regular Season,Fri,Away,L,1,2,Reign,1,13,7,53.8,0.08,0.14,16.4,0,0,0,1.6,1.6,0.13,-0.6,-0.6,2.0,8.0,3.0,37.5,0.25,0.67,21.5,1.0,0.0,0.0,1.7,1.7,0.21,0.3,0.3
2024,San Diego Wave,2024-05-08 00:00:00,19:00 (22:00),Regular Season,Wed,Home,W,2,0,Royals,2,8,2,25.0,0.13,0.5,13.8,0,1,1,2.4,1.7,0.22,-0.4,-0.7,0.0,9.0,1.0,11.1,0.0,0.0,19.8,0.0,0.0,0.0,0.7,0.7,0.08,-0.7,-0.7
2024,San Diego Wave,2024-05-12 00:00:00,16:30 (19:30),Regular Season,Sun,Home,D,1,1,Gotham FC,1,9,7,77.8,0.11,0.14,13.2,1,0,0,1.4,1.4,0.16,-0.4,-0.4,1.0,14.0,7.0,50.0,0.07,0.14,16.7,0.0,0.0,0.0,1.6,1.6,0.11,-0.6,-0.6
2024,San Diego Wave,2024-05-17 00:00:00,19:30 (22:30),Regular Season,Fri,Away,L,1,2,Bay FC,1,14,2,14.3,0.07,0.5,14.6,0,0,0,1.5,1.5,0.11,-0.5,-0.5,1.0,6.0,2.0,33.3,0.17,0.5,20.3,0.0,0.0,0.0,0.4,0.4,0.06,0.6,0.6
2024,San Diego Wave,2024-05-23 00:00:00,19:00 (22:00),Regular Season,Thu,Away,D,0,0,Angel City,0,16,5,31.3,0.0,0.0,13.7,0,0,0,1.9,1.9,0.12,-1.9,-1.9,0.0,11.0,5.0,45.5,0.0,0.0,16.2,0.0,0.0,0.0,1.1,1.1,0.1,-1.1,-1.1
2024,San Diego Wave,2024-06-07 00:00:00,19:00 (22:00),Regular Season,Fri,Home,D,1,1,Pride,1,17,5,29.4,0.06,0.2,19.2,0,0,0,1.0,1.0,0.06,0.0,0.0,1.0,9.0,6.0,66.7,0.11,0.17,16.2,0.0,0.0,0.0,0.6,0.6,0.06,0.4,0.4
2024,San Diego Wave,2024-06-15 00:00:00,19:30,Regular Season,Sat,Away,D,1,1,Spirit,1,7,3,42.9,0.14,0.33,11.4,0,0,0,1.0,1.0,0.14,0.0,0.0,1.0,17.0,8.0,47.1,0.06,0.13,18.3,1.0,0.0,0.0,1.5,1.5,0.09,-0.5,-0.5
2024,San Diego Wave,2024-06-19 00:00:00,19:00,Regular Season,Wed,Away,L,1,2,Gotham FC,1,3,1,33.3,0.33,1.0,13.0,0,0,0,0.3,0.3,0.1,0.7,0.7,2.0,14.0,9.0,64.3,0.14,0.22,16.7,0.0,0.0,0.0,0.9,0.9,0.06,1.1,1.1
2024,San Diego Wave,2024-06-22 00:00:00,18:30 (19:30),Regular Season,Sat,Away,D,0,0,Dash,0,10,3,30.0,0.0,0.0,21.0,0,0,0,0.5,0.5,0.06,-0.5,-0.5,0.0,6.0,1.0,16.7,0.0,0.0,17.4,0.0,0.0,0.0,0.6,0.6,0.1,-0.6,-0.6
2024,San Diego Wave,2024-06-28 00:00:00,19:00 (22:00),Regular Season,Fri,Home,L,0,3,Red Stars,0,15,4,26.7,0.0,0.0,15.9,1,0,1,2.1,1.4,0.09,-2.1,-1.4,2.0,8.0,4.0,50.0,0.25,0.5,14.6,1.0,0.0,0.0,1.7,1.7,0.21,0.3,0.3
2024,San Diego Wave,2024-07-05 00:00:00,19:00 (22:00),Regular Season,Fri,Away,L,0,1,Thorns,0,13,2,15.4,0.0,0.0,15.3,0,0,0,1.0,1.0,0.08,-1.0,-1.0,1.0,17.0,8.0,47.1,0.06,0.13,14.4,0.0,0.0,0.0,2.4,2.4,0.14,-1.4,-1.4
2024,San Diego Wave,2024-08-24 00:00:00,13:30 (16:30),Regular Season,Sat,Home,L,1,2,Angel City,1,11,2,18.2,0.09,0.5,16.9,0,0,0,0.9,0.9,0.09,0.1,0.1,2.0,11.0,6.0,54.5,0.18,0.33,11.0,0.0,0.0,0.0,2.7,2.7,0.25,-0.7,-0.7
2024,San Diego Wave,2024-09-01 00:00:00,17:00 (20:00),Regular Season,Sun,Home,D,1,1,Spirit,1,9,2,22.2,0.11,0.5,19.5,0,0,0,0.6,0.6,0.06,0.4,0.4,0.0,18.0,4.0,22.2,0.0,0.0,15.9,0.0,0.0,0.0,2.1,2.1,0.12,-2.1,-2.1
2024,San Diego Wave,2024-09-08 00:00:00,17:00 (20:00),Regular Season,Sun,Home,L,1,4,Courage,1,10,3,30.0,0.1,0.33,15.9,0,0,1,1.4,0.7,0.07,-0.4,0.3,4.0,15.0,6.0,40.0,0.27,0.67,14.6,1.0,0.0,0.0,2.1,2.1,0.14,1.9,1.9
2024,San Diego Wave,2024-09-14 00:00:00,20:00 (22:00),Regular Season,Sat,Away,W,2,1,Royals,2,7,4,57.1,0.29,0.5,10.7,0,0,0,1.5,1.5,0.21,0.5,0.5,1.0,14.0,4.0,28.6,0.07,0.25,17.7,0.0,0.0,0.0,1.1,1.1,0.08,-0.1,-0.1
2024,San Diego Wave,2024-09-21 00:00:00,20:30 (21:30),Regular Season,Sat,Away,L,0,1,Red Stars,0,28,2,7.1,0.0,0.0,13.6,0,0,0,3.4,3.4,0.13,-3.4,-3.4,1.0,9.0,2.0,22.2,0.11,0.5,10.2,0.0,0.0,0.0,1.3,1.3,0.15,-0.3,-0.3
2024,San Diego Wave,2024-09-28 00:00:00,19:00 (22:00),Regular Season,Sat,Home,W,2,0,Thorns,2,16,4,25.0,0.13,0.5,14.9,0,0,0,1.7,1.7,0.11,0.3,0.3,0.0,16.0,6.0,37.5,0.0,0.0,21.5,0.0,0.0,0.0,1.0,1.0,0.06,-1.0,-1.0
2024,San Diego Wave,2024-10-05 00:00:00,19:00,Regular Season,Sat,Away,L,1,2,Courage,1,17,7,41.2,0.06,0.14,11.1,0,0,0,2.5,2.5,0.18,-1.5,-1.5,2.0,11.0,4.0,36.4,0.18,0.5,16.6,0.0,0.0,0.0,2.1,2.1,0.19,-0.1,-0.1
2024,San Diego Wave,2024-10-13 00:00:00,17:00 (20:00),Regular Season,Sun,Home,L,0,2,Dash,0,19,3,15.8,0.0,0.0,15.2,0,0,0,1.1,1.1,0.06,-1.1,-1.1,2.0,4.0,3.0,75.0,0.25,0.33,17.8,0.0,1.0,1.0,1.5,0.8,0.19,0.5,0.2
2024,San Diego Wave,2024-10-19 00:00:00,12:00 (13:00),Regular Season,Sat,Away,L,1,4,Current,1,8,1,12.5,0.13,1.0,17.5,0,0,0,0.8,0.8,0.1,0.2,0.2,3.0,15.0,7.0,46.7,0.2,0.43,14.9,0.0,0.0,0.0,2.5,2.5,0.17,0.5,0.5
2024,San Diego Wave,2024-11-03 00:00:00,14:30 (17:30),Regular Season,Sun,Home,W,3,1,Louisville,3,14,8,57.1,0.21,0.38,16.5,1,0,0,1.8,1.8,0.14,1.2,1.2,1.0,16.0,4.0,25.0,0.06,0.25,17.2,1.0,0.0,0.0,1.8,1.8,0.12,-0.8,-0.8
2024,Seattle Reign FC,2024-03-17 00:00:00,15:00 (18:00),Regular Season,Sun,Home,W,1,0,Spirit,1,13,5,38.5,0.0,0.0,22.7,1,1,1,1.6,0.8,0.06,-0.6,-0.8,0.0,2.0,1.0,50.0,0.0,0.0,23.5,0.0,0.0,0.0,0.0,0.0,0.02,0.0,0.0
2024,Seattle Reign FC,2024-03-23 00:00:00,15:00 (16:00),Regular Season,Sat,Away,L,1,2,Red Stars,1,16,2,12.5,0.06,0.5,18.6,1,0,0,0.9,0.9,0.06,0.1,0.1,2.0,6.0,3.0,50.0,0.33,0.67,15.1,0.0,0.0,0.0,0.7,0.7,0.11,1.3,1.3
2024,Seattle Reign FC,2024-03-29 00:00:00,19:00 (22:00),Regular Season,Fri,Away,L,0,1,Wave,0,9,2,22.2,0.0,0.0,19.2,0,0,0,0.5,0.5,0.05,-0.5,-0.5,1.0,16.0,5.0,31.3,0.06,0.2,17.2,1.0,0.0,0.0,0.9,0.9,0.06,0.1,0.1
2024,Seattle Reign FC,2024-04-14 00:00:00,17:00 (20:00),Regular Season,Sun,Away,L,2,3,Bay FC,1,8,3,37.5,0.13,0.33,12.6,0,0,0,1.0,1.0,0.13,0.0,0.0,3.0,23.0,7.0,30.4,0.13,0.43,17.7,0.0,0.0,0.0,1.8,1.8,0.08,1.2,1.2
2024,Seattle Reign FC,2024-04-21 00:00:00,15:00 (18:00),Regular Season,Sun,Home,L,1,2,Red Stars,1,14,2,14.3,0.07,0.5,16.0,0,0,0,1.1,1.1,0.08,-0.1,-0.1,2.0,12.0,8.0,66.7,0.17,0.25,18.2,0.0,0.0,0.0,1.6,1.6,0.14,0.4,0.4
2024,Seattle Reign FC,2024-04-27 00:00:00,19:00,Regular Season,Sat,Away,L,0,1,Courage,0,16,5,31.3,0.0,0.0,14.7,0,0,0,1.3,1.3,0.09,-1.3,-1.3,1.0,10.0,4.0,40.0,0.1,0.25,15.8,0.0,0.0,0.0,2.0,2.0,0.2,-1.0,-1.0
2024,Seattle Reign FC,2024-05-03 00:00:00,19:00 (22:00),Regular Season,Fri,Home,W,2,1,Wave,2,8,3,37.5,0.25,0.67,21.5,1,0,0,1.7,1.7,0.21,0.3,0.3,1.0,13.0,7.0,53.8,0.08,0.14,16.4,0.0,0.0,0.0,1.6,1.6,0.13,-0.6,-0.6
2024,Seattle Reign FC,2024-05-08 00:00:00,19:00 (22:00),Regular Season,Wed,Home,D,0,0,Current,0,5,1,20.0,0.0,0.0,21.8,0,0,0,0.2,0.2,0.05,-0.2,-0.2,0.0,19.0,5.0,26.3,0.0,0.0,21.2,0.0,0.0,0.0,1.2,1.2,0.06,-1.2,-1.2
2024,Seattle Reign FC,2024-05-11 00:00:00,19:00 (22:00),Regular Season,Sat,Away,L,0,4,Thorns,0,13,3,23.1,0.0,0.0,18.2,0,0,0,0.8,0.8,0.06,-0.8,-0.8,4.0,13.0,5.0,38.5,0.23,0.6,22.6,0.0,1.0,1.0,1.4,0.7,0.05,2.6,2.3
2024,Seattle Reign FC,2024-05-19 00:00:00,15:00 (18:00),Regular Season,Sun,Home,L,2,3,Pride,2,15,6,40.0,0.13,0.33,20.5,0,0,0,1.6,1.6,0.1,0.4,0.4,3.0,8.0,4.0,50.0,0.38,0.75,11.9,0.0,0.0,0.0,1.4,1.4,0.18,1.6,1.6
2024,Seattle Reign FC,2024-05-24 00:00:00,19:30,Regular Season,Fri,Away,L,2,3,Spirit,2,13,4,30.8,0.15,0.5,14.0,0,0,0,1.0,1.0,0.08,1.0,1.0,3.0,9.0,6.0,66.7,0.22,0.33,15.3,0.0,1.0,1.0,2.2,1.7,0.19,0.8,0.3
2024,Seattle Reign FC,2024-06-09 00:00:00,17:00 (18:00),Regular Season,Sun,Away,L,2,5,Current,2,13,7,53.8,0.15,0.29,17.5,0,0,0,1.9,1.9,0.15,0.1,0.1,5.0,10.0,5.0,50.0,0.4,0.8,16.1,0.0,1.0,1.0,2.9,2.1,0.21,2.1,1.9
2024,Seattle Reign FC,2024-06-16 00:00:00,13:00 (16:00),Regular Season,Sun,Home,D,0,0,Thorns,0,10,2,20.0,0.0,0.0,21.8,0,0,0,0.5,0.5,0.05,-0.5,-0.5,0.0,6.0,1.0,16.7,0.0,0.0,15.0,0.0,0.0,0.0,0.7,0.7,0.12,-0.7,-0.7
2024,Seattle Reign FC,2024-06-23 00:00:00,15:00 (18:00),Regular Season,Sun,Home,D,1,1,Louisville,1,12,2,16.7,0.0,0.0,15.2,0,1,1,2.0,1.3,0.1,-1.0,-1.3,1.0,7.0,4.0,57.1,0.14,0.25,19.0,0.0,0.0,0.0,0.7,0.7,0.09,0.3,0.3
2024,Seattle Reign FC,2024-06-30 00:00:00,13:00,Regular Season,Sun,Away,D,1,1,Gotham FC,0,7,3,42.9,0.0,0.0,15.5,0,0,0,0.7,0.7,0.1,-0.7,-0.7,1.0,15.0,5.0,33.3,0.07,0.2,21.4,0.0,0.0,0.0,1.1,1.1,0.07,-0.1,-0.1
2024,Seattle Reign FC,2024-07-07 00:00:00,15:00 (18:00),Regular Season,Sun,Home,D,1,1,Royals,1,20,6,30.0,0.05,0.17,13.7,0,0,0,2.4,2.4,0.12,-1.4,-1.4,1.0,15.0,7.0,46.7,0.07,0.14,19.1,0.0,0.0,0.0,1.6,1.6,0.11,-0.6,-0.6
2024,Seattle Reign FC,2024-08-25 00:00:00,19:00 (22:00),Regular Season,Sun,Home,W,1,0,Courage,0,18,6,33.3,0.0,0.0,15.2,0,0,0,2.1,2.1,0.12,-2.1,-2.1,0.0,4.0,3.0,75.0,0.0,0.0,20.3,0.0,0.0,0.0,0.4,0.4,0.1,-0.4,-0.4
2024,Seattle Reign FC,2024-08-31 00:00:00,19:30,Regular Season,Sat,Away,W,3,2,Louisville,2,4,2,50.0,0.25,0.5,22.3,1,1,1,1.0,0.3,0.07,1.0,0.7,2.0,18.0,6.0,33.3,0.11,0.33,15.7,0.0,0.0,0.0,2.0,2.0,0.13,0.0,0.0
2024,Seattle Reign FC,2024-09-06 00:00:00,19:00 (22:00),Regular Season,Fri,Away,W,3,2,Angel City,3,11,6,54.5,0.18,0.33,16.5,0,1,1,2.4,1.7,0.16,0.6,0.3,2.0,13.0,7.0,53.8,0.15,0.29,14.1,0.0,0.0,0.0,1.3,1.3,0.1,0.7,0.7
2024,Seattle Reign FC,2024-09-16 00:00:00,19:00 (22:00),Regular Season,Mon,Home,L,0,2,Gotham FC,0,7,3,42.9,0.0,0.0,27.6,1,0,0,0.3,0.3,0.04,-0.3,-0.3,2.0,11.0,6.0,54.5,0.18,0.33,17.6,0.0,0.0,0.0,1.1,1.1,0.1,0.9,0.9
2024,Seattle Reign FC,2024-09-21 00:00:00,19:30 (20:30),Regular Season,Sat,Away,L,0,1,Dash,0,11,2,18.2,0.0,0.0,12.7,0,0,0,1.3,1.3,0.12,-1.3,-1.3,1.0,10.0,2.0,20.0,0.1,0.5,18.5,0.0,0.0,0.0,0.8,0.8,0.08,0.2,0.2
2024,Seattle Reign FC,2024-09-29 00:00:00,15:00 (18:00),Regular Season,Sun,Home,L,0,1,Bay FC,0,13,3,23.1,0.0,0.0,19.9,0,0,0,0.6,0.6,0.05,-0.6,-0.6,1.0,10.0,5.0,50.0,0.0,0.0,20.3,0.0,1.0,1.0,2.1,1.3,0.13,-1.1,-1.3
2024,Seattle Reign FC,2024-10-04 00:00:00,19:00 (22:00),Regular Season,Fri,Home,L,0,1,Angel City,0,6,1,16.7,0.0,0.0,17.5,0,0,0,0.6,0.6,0.11,-0.6,-0.6,1.0,11.0,2.0,18.2,0.09,0.5,13.2,0.0,0.0,0.0,1.2,1.2,0.12,-0.2,-0.2
2024,Seattle Reign FC,2024-10-13 00:00:00,15:00 (17:00),Regular Season,Sun,Away,L,0,3,Royals,0,3,1,33.3,0.0,0.0,23.7,0,0,0,0.1,0.1,0.02,-0.1,-0.1,3.0,23.0,8.0,34.8,0.13,0.38,16.0,1.0,0.0,0.0,2.5,2.5,0.11,0.5,0.5
2024,Seattle Reign FC,2024-10-18 00:00:00,19:00 (22:00),Regular Season,Fri,Home,W,2,1,Dash,2,12,5,41.7,0.17,0.4,15.0,0,0,0,1.6,1.6,0.14,0.4,0.4,1.0,9.0,3.0,33.3,0.0,0.0,18.9,0.0,1.0,1.0,1.5,0.8,0.09,-0.5,-0.8
2024,Seattle Reign FC,2024-11-02 00:00:00,17:00,Regular Season,Sat,Away,L,2,3,Pride,2,7,4,57.1,0.29,0.5,14.0,0,0,0,1.4,1.4,0.2,0.6,0.6,3.0,21.0,8.0,38.1,0.14,0.38,17.0,0.0,0.0,0.0,2.9,2.9,0.14,0.1,0.1
2024,Utah Royals,2024-03-16 00:00:00,17:30 (19:30),Regular Season,Sat,Home,L,0,2,Red Stars,0,20,5,25.0,0.0,0.0,17.1,0,0,0,2.2,2.2,0.12,-2.2,-2.2,2.0,12.0,5.0,41.7,0.17,0.4,17.6,0.0,0.0,0.0,1.2,1.2,0.1,0.8,0.8
2024,Utah Royals,2024-03-22 00:00:00,19:30 (21:30),Regular Season,Fri,Home,W,2,1,Courage,2,2,2,100.0,1.0,1.0,13.3,0,0,0,0.3,0.3,0.13,1.7,1.7,1.0,15.0,2.0,13.3,0.07,0.5,16.8,0.0,0.0,2.0,2.8,1.9,0.13,-1.8,-0.9
2024,Utah Royals,2024-03-31 00:00:00,13:00,Regular Season,Sun,Away,L,1,2,Spirit,1,13,6,46.2,0.08,0.17,15.3,0,0,0,1.2,1.2,0.09,-0.2,-0.2,2.0,17.0,5.0,29.4,0.06,0.2,15.5,0.0,1.0,1.0,3.1,2.3,0.14,-1.1,-1.3
2024,Utah Royals,2024-04-12 00:00:00,19:30 (21:30),Regular Season,Fri,Home,L,0,1,Pride,0,5,5,100.0,0.0,0.0,28.3,0,0,0,0.1,0.1,0.02,-0.1,-0.1,1.0,14.0,4.0,28.6,0.07,0.25,15.0,0.0,0.0,0.0,1.8,1.8,0.13,-0.8,-0.8
2024,Utah Royals,2024-04-20 00:00:00,17:00,Regular Season,Sat,Away,L,1,5,Louisville,1,11,2,18.2,0.09,0.5,18.4,0,0,0,0.6,0.6,0.06,0.4,0.4,5.0,17.0,9.0,52.9,0.24,0.44,15.0,0.0,1.0,1.0,3.9,3.1,0.19,1.1,0.9
2024,Utah Royals,2024-04-27 00:00:00,17:30 (19:30),Regular Season,Sat,Home,D,0,0,Dash,0,11,4,36.4,0.0,0.0,19.6,0,0,0,0.9,0.9,0.08,-0.9,-0.9,0.0,7.0,1.0,14.3,0.0,0.0,14.2,0.0,0.0,0.0,0.5,0.5,0.07,-0.5,-0.5
2024,Utah Royals,2024-05-03 00:00:00,19:30 (21:30),Regular Season,Fri,Home,L,1,2,Angel City,1,13,4,30.8,0.08,0.25,21.8,1,0,0,0.9,0.9,0.07,0.1,0.1,2.0,4.0,1.0,25.0,0.25,1.0,23.6,0.0,1.0,1.0,1.4,0.6,0.16,0.6,0.4
2024,Utah Royals,2024-05-08 00:00:00,19:00 (22:00),Regular Season,Wed,Away,L,0,2,Wave,0,9,1,11.1,0.0,0.0,19.8,0,0,0,0.7,0.7,0.08,-0.7,-0.7,2.0,8.0,2.0,25.0,0.13,0.5,13.8,0.0,1.0,1.0,2.4,1.7,0.22,-0.4,-0.7
2024,Utah Royals,2024-05-12 00:00:00,16:30 (17:30),Regular Season,Sun,Away,L,1,3,Red Stars,1,16,5,31.3,0.06,0.2,20.5,0,0,0,1.1,1.1,0.07,-0.1,-0.1,3.0,6.0,3.0,50.0,0.33,0.67,15.1,0.0,1.0,1.0,2.6,1.8,0.3,0.4,0.2
2024,Utah Royals,2024-05-17 00:00:00,20:00,Regular Season,Fri,Away,L,0,1,Courage,0,3,0,0.0,0.0,,15.9,0,0,0,0.2,0.2,0.07,-0.2,-0.2,1.0,20.0,6.0,30.0,0.05,0.17,13.8,0.0,0.0,0.0,3.1,3.1,0.16,-2.1,-2.1
2024,Utah Royals,2024-05-25 00:00:00,20:00 (22:00),Regular Season,Sat,Home,L,0,1,Current,0,4,2,50.0,0.0,0.0,20.9,0,0,0,0.3,0.3,0.07,-0.3,-0.3,1.0,24.0,7.0,29.2,0.04,0.14,15.1,0.0,0.0,0.0,3.9,3.9,0.17,-2.9,-2.9
2024,Utah Royals,2024-06-08 00:00:00,17:30 (19:30),Regular Season,Sat,Home,L,0,1,Spirit,0,11,3,27.3,0.0,0.0,22.3,0,0,0,0.8,0.8,0.07,-0.8,-0.8,1.0,16.0,7.0,43.8,0.06,0.14,17.6,0.0,0.0,0.0,1.4,1.4,0.09,-0.4,-0.4
2024,Utah Royals,2024-06-16 00:00:00,19:00 (22:00),Regular Season,Sun,Away,W,1,0,Bay FC,1,11,5,45.5,0.09,0.2,25.4,1,0,0,0.8,0.8,0.07,0.2,0.2,0.0,8.0,2.0,25.0,0.0,0.0,13.8,0.0,0.0,0.0,0.8,0.8,0.1,-0.8,-0.8
2024,Utah Royals,2024-06-21 00:00:00,20:00,Regular Season,Fri,Away,L,0,6,Pride,0,11,4,36.4,0.0,0.0,23.4,0,0,0,0.4,0.4,0.03,-0.4,-0.4,6.0,28.0,12.0,42.9,0.21,0.5,15.9,1.0,0.0,0.0,3.9,3.9,0.14,2.1,2.1
2024,Utah Royals,2024-06-29 00:00:00,20:00 (22:00),Regular Season,Sat,Home,D,0,0,Thorns,0,24,6,25.0,0.0,0.0,19.3,0,0,0,1.8,1.8,0.08,-1.8,-1.8,0.0,16.0,4.0,25.0,0.0,0.0,17.1,0.0,0.0,0.0,0.9,0.9,0.06,-0.9,-0.9
2024,Utah Royals,2024-07-07 00:00:00,15:00 (18:00),Regular Season,Sun,Away,D,1,1,Reign,1,15,7,46.7,0.07,0.14,19.1,0,0,0,1.6,1.6,0.11,-0.6,-0.6,1.0,20.0,6.0,30.0,0.05,0.17,13.7,0.0,0.0,0.0,2.4,2.4,0.12,-1.4,-1.4
2024,Utah Royals,2024-08-23 00:00:00,19:30 (21:30),Regular Season,Fri,Home,W,2,1,Bay FC,1,11,3,27.3,0.09,0.33,18.0,0,0,0,0.8,0.8,0.07,0.2,0.2,1.0,19.0,4.0,21.1,0.05,0.25,17.2,0.0,0.0,0.0,1.4,1.4,0.08,-0.4,-0.4
2024,Utah Royals,2024-08-31 00:00:00,20:30 (21:30),Regular Season,Sat,Away,W,3,1,Dash,3,20,8,40.0,0.1,0.25,16.5,0,1,1,3.4,2.7,0.14,-0.4,-0.7,1.0,15.0,4.0,26.7,0.07,0.25,17.7,1.0,0.0,0.0,1.7,1.7,0.11,-0.7,-0.7
2024,Utah Royals,2024-09-07 00:00:00,18:30 (19:30),Regular Season,Sat,Away,L,0,1,Current,0,10,6,60.0,0.0,0.0,18.2,0,0,0,1.2,1.2,0.13,-1.2,-1.2,1.0,13.0,5.0,38.5,0.08,0.2,16.0,0.0,0.0,0.0,1.8,1.8,0.14,-0.8,-0.8
2024,Utah Royals,2024-09-14 00:00:00,20:00 (22:00),Regular Season,Sat,Home,L,1,2,Wave,1,14,4,28.6,0.07,0.25,17.7,0,0,0,1.1,1.1,0.08,-0.1,-0.1,2.0,7.0,4.0,57.1,0.29,0.5,10.7,0.0,0.0,0.0,1.5,1.5,0.21,0.5,0.5
2024,Utah Royals,2024-09-22 00:00:00,13:00,Regular Season,Sun,Away,L,0,1,Gotham FC,0,12,2,16.7,0.0,0.0,17.4,0,0,0,0.7,0.7,0.06,-0.7,-0.7,1.0,16.0,10.0,62.5,0.06,0.1,20.2,0.0,0.0,0.0,0.7,0.7,0.04,0.3,0.3
2024,Utah Royals,2024-09-28 00:00:00,17:00 (19:00),Regular Season,Sat,Home,W,1,0,Louisville,1,16,5,31.3,0.06,0.2,17.8,0,0,0,2.1,2.1,0.13,-1.1,-1.1,0.0,10.0,2.0,20.0,0.0,0.0,17.6,1.0,0.0,0.0,1.1,1.1,0.11,-1.1,-1.1
2024,Utah Royals,2024-10-05 00:00:00,19:00 (22:00),Regular Season,Sat,Away,W,2,1,Thorns,2,20,9,45.0,0.1,0.22,21.7,1,0,0,1.7,1.7,0.08,0.3,0.3,1.0,12.0,3.0,25.0,0.0,0.0,15.5,0.0,1.0,1.0,2.0,1.3,0.11,-1.0,-1.3
2024,Utah Royals,2024-10-13 00:00:00,15:00 (17:00),Regular Season,Sun,Home,W,3,0,Reign,3,23,8,34.8,0.13,0.38,16.0,1,0,0,2.5,2.5,0.11,0.5,0.5,0.0,3.0,1.0,33.3,0.0,0.0,23.7,0.0,0.0,0.0,0.1,0.1,0.02,-0.1,-0.1
2024,Utah Royals,2024-10-20 00:00:00,16:30 (19:30),Regular Season,Sun,Away,D,1,1,Angel City,1,21,10,47.6,0.05,0.1,21.1,1,0,0,1.4,1.4,0.07,-0.4,-0.4,1.0,14.0,4.0,28.6,0.07,0.25,17.7,0.0,0.0,0.0,1.2,1.2,0.09,-0.2,-0.2
2024,Utah Royals,2024-11-01 00:00:00,19:30 (21:30),Regular Season,Fri,Home,L,1,4,Gotham FC,1,7,2,28.6,0.14,0.5,19.9,0,0,0,1.1,1.1,0.16,-0.1,-0.1,4.0,23.0,8.0,34.8,0.17,0.5,13.3,0.0,0.0,0.0,3.4,3.4,0.15,0.6,0.6
2024,Washington Spirit,2024-03-17 00:00:00,15:00 (18:00),Regular Season,Sun,Away,L,0,1,Reign,0,2,1,50.0,0.0,0.0,23.5,0,0,0,0.0,0.0,0.02,0.0,0.0,1.0,13.0,5.0,38.5,0.0,0.0,22.7,1.0,1.0,1.0,1.6,0.8,0.06,-0.6,-0.8
2024,Washington Spirit,2024-03-23 00:00:00,19:30,Regular Season,Sat,Home,W,2,1,Bay FC,2,13,5,38.5,0.15,0.4,17.1,0,0,0,2.1,2.1,0.16,-0.1,-0.1,1.0,8.0,3.0,37.5,0.13,0.33,25.1,0.0,0.0,0.0,0.8,0.8,0.1,0.2,0.2
2024,Washington Spirit,2024-03-31 00:00:00,13:00,Regular Season,Sun,Home,W,2,1,Royals,2,17,5,29.4,0.06,0.2,15.5,0,1,1,3.1,2.3,0.14,-1.1,-1.3,1.0,13.0,6.0,46.2,0.08,0.17,15.3,0.0,0.0,0.0,1.2,1.2,0.09,-0.2,-0.2
2024,Washington Spirit,2024-04-12 00:00:00,19:00 (20:00),Regular Season,Fri,Away,W,3,1,Dash,3,12,7,58.3,0.25,0.43,14.4,0,0,0,2.3,2.3,0.19,0.7,0.7,1.0,9.0,2.0,22.2,0.11,0.5,16.7,0.0,0.0,0.0,0.6,0.6,0.07,0.4,0.4
2024,Washington Spirit,2024-04-20 00:00:00,13:00,Regular Season,Sat,Home,W,2,0,Gotham FC,2,12,4,33.3,0.08,0.25,19.8,0,1,1,1.9,1.2,0.1,0.1,-0.2,0.0,11.0,3.0,27.3,0.0,0.0,19.4,0.0,0.0,0.0,0.6,0.6,0.05,-0.6,-0.6
2024,Washington Spirit,2024-04-26 00:00:00,19:30,Regular Season,Fri,Home,L,2,3,Pride,2,16,5,31.3,0.13,0.4,20.9,0,0,0,1.8,1.8,0.11,0.2,0.2,3.0,7.0,3.0,42.9,0.29,0.67,14.8,0.0,1.0,1.0,1.5,0.7,0.1,1.5,1.3
2024,Washington Spirit,2024-05-01 00:00:00,19:00 (20:00),Regular Season,Wed,Away,W,4,2,Red Stars,4,10,5,50.0,0.4,0.8,15.4,0,0,0,1.0,1.0,0.1,3.0,3.0,2.0,7.0,4.0,57.1,0.29,0.5,19.7,0.0,0.0,0.0,0.9,0.9,0.17,1.1,1.1
2024,Washington Spirit,2024-05-04 00:00:00,19:00 (22:00),Regular Season,Sat,Away,L,1,2,Thorns,1,19,5,26.3,0.05,0.2,18.4,1,0,0,2.2,2.2,0.12,-1.2,-1.2,2.0,10.0,4.0,40.0,0.2,0.5,17.3,0.0,0.0,0.0,1.5,1.5,0.15,0.5,0.5
2024,Washington Spirit,2024-05-10 00:00:00,20:00,Regular Season,Fri,Away,W,2,1,Louisville,1,9,3,33.3,0.11,0.33,17.8,1,0,0,0.9,0.9,0.1,0.1,0.1,1.0,13.0,5.0,38.5,0.08,0.2,19.7,3.0,0.0,1.0,1.4,0.6,0.05,-0.4,0.4
2024,Washington Spirit,2024-05-18 00:00:00,19:30,Regular Season,Sat,Home,W,4,2,Angel City,4,16,7,43.8,0.25,0.57,13.8,0,0,0,2.7,2.7,0.18,1.3,1.3,1.0,13.0,3.0,23.1,0.08,0.33,13.8,0.0,0.0,0.0,1.4,1.4,0.11,-0.4,-0.4
2024,Washington Spirit,2024-05-24 00:00:00,19:30,Regular Season,Fri,Home,W,3,2,Reign,3,9,6,66.7,0.22,0.33,15.3,0,1,1,2.2,1.7,0.19,0.8,0.3,2.0,13.0,4.0,30.8,0.15,0.5,14.0,0.0,0.0,0.0,1.0,1.0,0.08,1.0,1.0
2024,Washington Spirit,2024-06-08 00:00:00,17:30 (19:30),Regular Season,Sat,Away,W,1,0,Royals,1,16,7,43.8,0.06,0.14,17.6,0,0,0,1.4,1.4,0.09,-0.4,-0.4,0.0,11.0,3.0,27.3,0.0,0.0,22.3,0.0,0.0,0.0,0.8,0.8,0.07,-0.8,-0.8
2024,Washington Spirit,2024-06-15 00:00:00,19:30,Regular Season,Sat,Home,D,1,1,Wave,1,17,8,47.1,0.06,0.13,18.3,1,0,0,1.5,1.5,0.09,-0.5,-0.5,1.0,7.0,3.0,42.9,0.14,0.33,11.4,0.0,0.0,0.0,1.0,1.0,0.14,0.0,0.0
2024,Washington Spirit,2024-06-23 00:00:00,18:00,Regular Season,Sun,Away,W,2,0,Gotham FC,2,12,7,58.3,0.17,0.29,16.1,0,0,0,1.6,1.6,0.14,0.4,0.4,0.0,9.0,2.0,22.2,0.0,0.0,21.9,1.0,0.0,1.0,1.2,0.4,0.05,-1.2,-0.4
2024,Washington Spirit,2024-06-29 00:00:00,19:30,Regular Season,Sat,Home,L,0,1,Courage,0,19,4,21.1,0.0,0.0,19.5,1,0,0,1.3,1.3,0.07,-1.3,-1.3,1.0,8.0,5.0,62.5,0.13,0.2,18.8,0.0,0.0,0.0,0.4,0.4,0.05,0.6,0.6
2024,Washington Spirit,2024-07-06 00:00:00,19:00 (22:00),Regular Season,Sat,Away,W,3,0,Bay FC,3,16,3,18.8,0.13,0.67,16.0,0,1,1,2.4,1.6,0.11,0.6,0.4,0.0,19.0,5.0,26.3,0.0,0.0,16.7,0.0,0.0,0.0,1.4,1.4,0.07,-1.4,-1.4
2024,Washington Spirit,2024-08-25 00:00:00,12:00,Regular Season,Sun,Home,W,4,1,Current,4,7,5,71.4,0.57,0.8,16.6,0,0,0,0.6,0.6,0.08,3.4,3.4,1.0,14.0,4.0,28.6,0.07,0.25,18.7,0.0,0.0,0.0,0.9,0.9,0.07,0.1,0.1
2024,Washington Spirit,2024-09-01 00:00:00,17:00 (20:00),Regular Season,Sun,Away,D,1,1,Wave,0,18,4,22.2,0.0,0.0,15.9,0,0,0,2.1,2.1,0.12,-2.1,-2.1,1.0,9.0,2.0,22.2,0.11,0.5,19.5,0.0,0.0,0.0,0.6,0.6,0.06,0.4,0.4
2024,Washington Spirit,2024-09-07 00:00:00,12:30,Regular Season,Sat,Home,W,2,1,Thorns,2,17,7,41.2,0.12,0.29,13.6,0,0,0,3.3,3.3,0.2,-1.3,-1.3,1.0,13.0,8.0,61.5,0.08,0.13,17.3,0.0,0.0,0.0,1.8,1.8,0.14,-0.8,-0.8
2024,Washington Spirit,2024-09-15 00:00:00,13:00,Regular Season,Sun,Home,W,3,0,Dash,3,16,7,43.8,0.13,0.29,18.1,0,1,1,2.2,1.5,0.09,0.8,0.5,0.0,6.0,2.0,33.3,0.0,0.0,17.7,0.0,0.0,0.0,0.8,0.8,0.13,-0.8,-0.8
2024,Washington Spirit,2024-09-20 00:00:00,19:00 (20:00),Regular Season,Fri,Away,L,0,3,Current,0,14,4,28.6,0.0,0.0,22.1,1,0,0,0.6,0.6,0.04,-0.6,-0.6,3.0,8.0,3.0,37.5,0.38,1.0,15.9,0.0,0.0,0.0,1.0,1.0,0.13,2.0,2.0
2024,Washington Spirit,2024-09-27 00:00:00,19:00 (22:00),Regular Season,Fri,Away,W,2,1,Angel City,2,11,5,45.5,0.18,0.4,13.1,0,0,0,1.7,1.7,0.16,0.3,0.3,1.0,9.0,5.0,55.6,0.11,0.2,12.1,1.0,0.0,0.0,1.7,1.7,0.19,-0.7,-0.7
2024,Washington Spirit,2024-10-06 00:00:00,17:00,Regular Season,Sun,Away,L,0,2,Pride,0,11,4,36.4,0.0,0.0,18.7,0,0,0,1.0,1.0,0.1,-1.0,-1.0,1.0,16.0,3.0,18.8,0.0,0.0,18.5,1.0,1.0,1.0,1.5,0.8,0.05,-0.5,-0.8
2024,Washington Spirit,2024-10-13 00:00:00,17:00,Regular Season,Sun,Home,W,4,1,Louisville,4,18,5,27.8,0.17,0.6,17.6,0,1,1,3.4,2.6,0.15,0.6,0.4,1.0,10.0,5.0,50.0,0.1,0.2,16.7,0.0,0.0,0.0,1.4,1.4,0.14,-0.4,-0.4
2024,Washington Spirit,2024-10-20 00:00:00,17:00,Regular Season,Sun,Home,W,2,0,Red Stars,2,23,12,52.2,0.09,0.17,17.0,0,0,0,2.5,2.5,0.11,-0.5,-0.5,0.0,9.0,2.0,22.2,0.0,0.0,16.7,0.0,0.0,0.0,0.6,0.6,0.07,-0.6,-0.6
2024,Washington Spirit,,For Washington Spirit,For Washington Spirit,For Washington Spirit,For Washington Spirit,For Washington Spirit,For Washington Spirit,For Washington Spirit,For Washington Spirit,Standard,Standard,Standard,Standard,Standard,Standard,Standard,Standard,Standard,Standard,Expected,Expected,Expected,Expected,Expected,0.0,5.0,1.0,20.0,0.0,0.0,15.5,0.0,0.0,0.0,0.4,0.4,0.09,-0.4,-0.4
2024,Washington Spirit,,Time,Round,Day,Venue,Result,GF,GA,Opponent,Gls,Sh,SoT,SoT%,G/Sh,G/SoT,Dist,FK,PK,PKatt,xG,npxG,npxG/Sh,G-xG,np:G-xG,,,,,,,,,,,,,,,
2024,Washington Spirit,2024-11-02 00:00:00,19:30,Regular Season,Sat,Away,W,1,0,Courage,1,13,4,30.8,0.08,0.25,20.3,0,0,0,0.7,0.7,0.06,0.3,0.3,1.0,13.0,2.0,15.4,0.08,0.5,16.4,0.0,0.0,0.0,1.5,1.5,0.11,-0.5,-0.5
2024,Washington Spirit,2024-11-10 00:00:00,12:30,Quarterfinals,Sun,Home,W,2,1,Bay FC,1,21,6,28.6,0.05,0.17,18.1,1,0,0,1.7,1.7,0.08,-0.7,-0.7,1.0,14.0,5.0,35.7,0.07,0.2,18.0,0.0,0.0,0.0,0.8,0.8,0.06,0.2,0.2
2024,Washington Spirit,2024-11-16 00:00:00,12:00,Semifinals,Sat,Home,D,1 (3),1 (0),Gotham FC,1,27,10,37.0,0.04,0.1,16.6,0,0,0,2.0,2.0,0.08,-1.0,-1.0,1.0,9.0,3.0,33.3,0.11,0.33,18.2,0.0,0.0,0.0,0.4,0.4,0.04,0.6,0.6
2024,Washington Spirit,2024-11-23 00:00:00,19:00 (20:00),Final,Sat,Neutral,L,0,1,Pride,0,26,5,19.2,0.0,0.0,15.6,0,0,0,1.8,1.8,0.07,-1.8,-1.8,,,,,,,,,,,,,,,
2024,North Carolina Courage,2024-03-16 00:00:00,19:00,Regular Season,Sat,Home,W,5,1,Dash,5,19,7,36.8,0.21,0.57,16.0,0,1,1,3.2,2.4,0.13,1.8,1.6,0.0,7.0,3.0,42.9,0.0,0.0,15.5,0.0,0.0,0.0,0.2,0.2,0.04,-0.2,-0.2
2024,North Carolina Courage,2024-03-22 00:00:00,19:30 (21:30),Regular Season,Fri,Away,L,1,2,Royals,1,15,2,13.3,0.07,0.5,16.8,0,0,2,2.8,1.9,0.13,-1.8,-0.9,2.0,2.0,2.0,100.0,1.0,1.0,13.3,0.0,0.0,0.0,0.3,0.3,0.13,1.7,1.7
2024,North Carolina Courage,2024-03-30 00:00:00,19:00,Regular Season,Sat,Home,W,1,0,Gotham FC,1,6,1,16.7,0.17,1.0,13.1,0,0,0,0.8,0.8,0.13,0.2,0.2,0.0,15.0,0.0,0.0,0.0,,18.9,1.0,0.0,0.0,1.4,1.4,0.09,-1.4,-1.4
2024,North Carolina Courage,2024-04-13 00:00:00,19:00,Regular Season,Sat,Home,W,2,0,Thorns,2,8,3,37.5,0.25,0.67,21.2,0,0,0,0.4,0.4,0.05,1.6,1.6,0.0,14.0,4.0,28.6,0.0,0.0,17.1,0.0,0.0,0.0,1.1,1.1,0.08,-1.1,-1.1
2024,North Carolina Courage,2024-04-21 00:00:00,16:30 (19:30),Regular Season,Sun,Away,L,1,2,Angel City,1,15,3,20.0,0.07,0.33,14.1,0,0,0,2.3,2.3,0.17,-1.3,-1.3,2.0,5.0,2.0,40.0,0.4,1.0,18.9,1.0,0.0,0.0,0.4,0.4,0.08,1.6,1.6
2024,North Carolina Courage,2024-04-27 00:00:00,19:00,Regular Season,Sat,Home,W,1,0,Reign,1,10,4,40.0,0.1,0.25,15.8,0,0,0,2.0,2.0,0.2,-1.0,-1.0,0.0,16.0,5.0,31.3,0.0,0.0,14.7,0.0,0.0,0.0,1.3,1.3,0.09,-1.3,-1.3
2024,North Carolina Courage,2024-05-01 00:00:00,19:00,Regular Season,Wed,Away,L,1,4,Pride,0,7,0,0.0,0.0,,17.9,0,0,0,0.6,0.6,0.08,-0.6,-0.6,4.0,14.0,9.0,64.3,0.29,0.44,14.6,0.0,0.0,0.0,2.1,2.1,0.17,1.9,1.9
2024,North Carolina Courage,2024-05-04 00:00:00,19:30,Regular Season,Sat,Away,L,0,1,Gotham FC,0,10,5,50.0,0.0,0.0,19.8,0,0,0,0.8,0.8,0.08,-0.8,-0.8,1.0,13.0,2.0,15.4,0.08,0.5,15.0,0.0,0.0,0.0,1.0,1.0,0.08,0.0,0.0
2024,North Carolina Courage,2024-05-12 00:00:00,17:00 (18:00),Regular Season,Sun,Away,L,0,1,Current,0,7,2,28.6,0.0,0.0,15.1,1,0,0,0.3,0.3,0.05,-0.3,-0.3,1.0,21.0,8.0,38.1,0.05,0.13,16.3,0.0,0.0,0.0,2.9,2.9,0.14,-1.9,-1.9
2024,North Carolina Courage,2024-05-17 00:00:00,20:00,Regular Season,Fri,Home,W,1,0,Royals,1,20,6,30.0,0.05,0.17,13.8,0,0,0,3.1,3.1,0.16,-2.1,-2.1,0.0,3.0,0.0,0.0,0.0,,15.9,0.0,0.0,0.0,0.2,0.2,0.07,-0.2,-0.2
2024,North Carolina Courage,2024-05-24 00:00:00,19:00 (20:00),Regular Season,Fri,Away,L,0,3,Dash,0,13,3,23.1,0.0,0.0,18.9,1,0,0,1.0,1.0,0.08,-1.0,-1.0,3.0,9.0,6.0,66.7,0.33,0.5,13.5,0.0,0.0,0.0,1.7,1.7,0.2,1.3,1.3
2024,North Carolina Courage,2024-06-08 00:00:00,19:00 (22:00),Regular Season,Sat,Away,L,0,1,Thorns,0,7,1,14.3,0.0,0.0,16.2,0,0,0,0.4,0.4,0.05,-0.4,-0.4,1.0,15.0,4.0,26.7,0.0,0.0,19.4,0.0,1.0,1.0,1.4,0.6,0.04,-0.4,-0.6
2024,North Carolina Courage,2024-06-15 00:00:00,19:30,Regular Season,Sat,Home,D,0,0,Pride,0,12,5,41.7,0.0,0.0,16.0,0,0,0,1.0,1.0,0.09,-1.0,-1.0,0.0,21.0,5.0,23.8,0.0,0.0,19.0,1.0,0.0,0.0,2.0,2.0,0.09,-2.0,-2.0
2024,North Carolina Courage,2024-06-23 00:00:00,18:00,Regular Season,Sun,Home,W,3,1,Red Stars,3,14,7,50.0,0.21,0.43,17.6,0,0,0,1.2,1.2,0.08,1.8,1.8,1.0,9.0,4.0,44.4,0.11,0.25,17.3,1.0,0.0,0.0,0.7,0.7,0.08,0.3,0.3
2024,North Carolina Courage,2024-06-29 00:00:00,19:30,Regular Season,Sat,Away,W,1,0,Spirit,1,8,5,62.5,0.13,0.2,18.8,0,0,0,0.4,0.4,0.05,0.6,0.6,0.0,19.0,4.0,21.1,0.0,0.0,19.5,1.0,0.0,0.0,1.3,1.3,0.07,-1.3,-1.3
2024,North Carolina Courage,2024-07-07 00:00:00,16:30,Regular Season,Sun,Home,W,3,1,Louisville,3,12,6,50.0,0.25,0.5,16.2,0,0,0,1.9,1.9,0.16,1.1,1.1,1.0,11.0,5.0,45.5,0.09,0.2,19.4,0.0,0.0,0.0,0.8,0.8,0.07,0.2,0.2
2024,North Carolina Courage,2024-08-25 00:00:00,19:00 (22:00),Regular Season,Sun,Away,L,0,1,Reign,0,4,3,75.0,0.0,0.0,20.3,0,0,0,0.4,0.4,0.1,-0.4,-0.4,0.0,18.0,6.0,33.3,0.0,0.0,15.2,0.0,0.0,0.0,2.1,2.1,0.12,-2.1,-2.1
2024,North Carolina Courage,2024-09-01 00:00:00,14:00,Regular Season,Sun,Home,W,2,1,Current,2,11,5,45.5,0.18,0.4,13.1,0,0,0,1.4,1.4,0.14,0.6,0.6,1.0,16.0,3.0,18.8,0.06,0.33,15.6,1.0,0.0,0.0,2.2,2.2,0.14,-1.2,-1.2
2024,North Carolina Courage,2024-09-08 00:00:00,17:00 (20:00),Regular Season,Sun,Away,W,4,1,Wave,4,15,6,40.0,0.27,0.67,14.6,1,0,0,2.1,2.1,0.14,1.9,1.9,1.0,10.0,3.0,30.0,0.1,0.33,15.9,0.0,0.0,1.0,1.4,0.7,0.07,-0.4,0.3
2024,North Carolina Courage,2024-09-13 00:00:00,19:00,Regular Season,Fri,Home,D,1,1,Bay FC,1,7,2,28.6,0.14,0.5,15.7,0,0,0,0.7,0.7,0.1,0.3,0.3,1.0,12.0,6.0,50.0,0.08,0.17,10.3,0.0,0.0,0.0,2.1,2.1,0.19,-1.1,-1.1
2024,North Carolina Courage,2024-09-21 00:00:00,19:30,Regular Season,Sat,Away,L,1,2,Louisville,1,13,4,30.8,0.08,0.25,15.2,0,0,0,1.2,1.2,0.1,-0.2,-0.2,2.0,14.0,2.0,14.3,0.07,0.5,19.0,1.0,1.0,1.0,2.6,2.0,0.14,-0.6,-1.0
2024,North Carolina Courage,2024-09-29 00:00:00,17:00 (18:00),Regular Season,Sun,Away,W,3,1,Red Stars,2,10,5,50.0,0.2,0.4,18.6,0,0,0,1.0,1.0,0.1,1.0,1.0,1.0,10.0,3.0,30.0,0.1,0.33,14.6,0.0,0.0,0.0,1.2,1.2,0.12,-0.2,-0.2
2024,North Carolina Courage,2024-10-05 00:00:00,19:00,Regular Season,Sat,Home,W,2,1,Wave,2,11,4,36.4,0.18,0.5,16.6,0,0,0,2.1,2.1,0.19,-0.1,-0.1,1.0,17.0,7.0,41.2,0.06,0.14,11.1,0.0,0.0,0.0,2.5,2.5,0.18,-1.5,-1.5
2024,North Carolina Courage,2024-10-12 00:00:00,19:30,Regular Season,Sat,Home,D,1,1,Angel City,1,13,3,23.1,0.08,0.33,17.8,0,0,0,1.6,1.6,0.12,-0.6,-0.6,1.0,8.0,4.0,50.0,0.13,0.25,13.5,0.0,0.0,0.0,1.0,1.0,0.14,0.0,0.0
2024,North Carolina Courage,2024-10-19 00:00:00,19:00 (22:00),Regular Season,Sat,Away,L,0,1,Bay FC,0,8,2,25.0,0.0,0.0,19.3,1,0,0,0.7,0.7,0.08,-0.7,-0.7,1.0,13.0,4.0,30.8,0.08,0.25,15.6,1.0,0.0,0.0,1.7,1.7,0.13,-0.7,-0.7
2024,North Carolina Courage,2024-11-02 00:00:00,19:30,Regular Season,Sat,Home,L,0,1,Spirit,0,5,1,20.0,0.0,0.0,15.5,0,0,0,0.4,0.4,0.09,-0.4,-0.4,1.0,13.0,4.0,30.8,0.08,0.25,20.3,0.0,0.0,0.0,0.7,0.7,0.06,0.3,0.3
2024,North Carolina Courage,2024-11-09 00:00:00,11:00 (12:00),Quarterfinals,Sat,Away,L,0,1,Current,0,12,4,33.3,0.0,0.0,17.1,0,0,0,1.4,1.4,0.12,-1.4,-1.4,1.0,14.0,4.0,28.6,0.07,0.25,16.3,0.0,0.0,0.0,1.7,1.7,0.19,-0.7,-0.7
2023,Angel City FC,2023-03-26 00:00:00,21:00,Regular Season,Sun,Home,L,1,2,Gotham FC,1,11,5,45.5,0.09,0.2,19.0,2,0,0,1.0,1.0,0.1,0.0,0.0,2.0,14.0,8.0,57.1,0.07,0.13,19.5,0.0,1.0,1.0,1.7,0.9,0.07,0.3,0.1
2023,Angel City FC,2023-04-02 00:00:00,17:30,Regular Season,Sun,Away,W,2,1,Pride,2,12,4,33.3,0.08,0.25,16.6,1,1,2,2.6,1.2,0.1,-0.6,-0.2,1.0,12.0,3.0,25.0,0.08,0.33,17.2,0.0,0.0,0.0,1.4,1.4,0.12,-0.4,-0.4
2023,Angel City FC,2023-04-15 00:00:00,19:00 (22:00),Regular Season,Sat,Home,D,2,2,Louisville,2,25,6,24.0,0.08,0.33,16.7,0,0,0,1.9,1.9,0.08,0.1,0.1,2.0,12.0,1.0,8.3,0.08,1.0,16.5,0.0,1.0,1.0,1.9,1.1,0.09,0.1,-0.1
2023,Angel City FC,2023-04-23 00:00:00,17:00 (20:00),Regular Season,Sun,Home,L,0,2,Wave,0,17,2,11.8,0.0,0.0,17.5,0,0,0,0.8,0.8,0.05,-0.8,-0.8,2.0,7.0,3.0,42.9,0.29,0.67,19.1,0.0,0.0,0.0,0.4,0.4,0.06,1.6,1.6
2023,Angel City FC,2023-04-29 00:00:00,19:30 (22:30),Regular Season,Sat,Away,D,3,3,Thorns,2,14,2,14.3,0.14,1.0,16.5,0,0,0,1.0,1.0,0.07,1.0,1.0,3.0,13.0,5.0,38.5,0.15,0.4,14.1,0.0,1.0,1.0,2.2,1.4,0.11,0.8,0.6
2023,Angel City FC,2023-05-07 00:00:00,17:00 (20:00),Regular Season,Sun,Home,W,3,2,Current,3,14,5,35.7,0.21,0.6,15.4,0,0,0,1.7,1.7,0.12,1.3,1.3,2.0,12.0,8.0,66.7,0.17,0.25,15.8,1.0,0.0,0.0,1.8,1.8,0.15,0.2,0.2
2023,Angel City FC,2023-05-13 00:00:00,19:00 (22:00),Regular Season,Sat,Home,L,0,1,Spirit,0,9,2,22.2,0.0,0.0,15.8,0,0,0,0.5,0.5,0.06,-0.5,-0.5,1.0,12.0,2.0,16.7,0.0,0.0,18.3,0.0,1.0,1.0,1.7,0.9,0.08,-0.7,-0.9
2023,Angel City FC,2023-05-20 00:00:00,19:00,Regular Season,Sat,Away,D,0,0,Courage,0,6,1,16.7,0.0,0.0,12.6,0,0,0,0.6,0.6,0.1,-0.6,-0.6,0.0,12.0,3.0,25.0,0.0,0.0,17.1,0.0,0.0,0.0,1.0,1.0,0.08,-1.0,-1.0
2023,Angel City FC,2023-05-27 00:00:00,12:30 (15:30),Regular Season,Sat,Away,L,1,4,Reign,1,7,2,28.6,0.14,0.5,16.9,0,0,0,0.5,0.5,0.08,0.5,0.5,4.0,25.0,11.0,44.0,0.16,0.36,17.2,0.0,0.0,0.0,2.7,2.7,0.11,1.3,1.3
2023,Angel City FC,2023-06-05 00:00:00,19:00 (22:00),Regular Season,Mon,Home,L,1,2,Red Stars,1,15,3,20.0,0.07,0.33,16.1,1,0,0,1.5,1.5,0.1,-0.5,-0.5,2.0,6.0,2.0,33.3,0.33,1.0,13.3,0.0,0.0,0.0,0.5,0.5,0.09,1.5,1.5
2023,Angel City FC,2023-06-10 00:00:00,19:00,Regular Season,Sat,Away,L,1,2,Spirit,1,19,4,21.1,0.05,0.25,13.0,1,0,0,2.2,2.2,0.12,-1.2,-1.2,2.0,14.0,9.0,64.3,0.14,0.22,15.9,0.0,0.0,0.0,2.0,2.0,0.15,0.0,0.0
2023,Angel City FC,2023-06-17 00:00:00,13:00 (16:00),Regular Season,Sat,Away,W,2,1,Wave,2,14,5,35.7,0.14,0.4,15.7,0,0,0,0.8,0.8,0.06,1.2,1.2,1.0,11.0,5.0,45.5,0.09,0.2,16.0,0.0,0.0,0.0,0.8,0.8,0.08,0.2,0.2
2023,Angel City FC,2023-06-25 00:00:00,17:00 (20:00),Regular Season,Sun,Home,D,0,0,Dash,0,12,4,33.3,0.0,0.0,17.4,0,0,0,1.4,1.4,0.12,-1.4,-1.4,0.0,11.0,0.0,0.0,0.0,,19.7,0.0,0.0,0.0,1.1,1.1,0.1,-1.1,-1.1
2023,Angel City FC,2023-07-02 00:00:00,17:30,Regular Season,Sun,Away,D,0,0,Gotham FC,0,7,1,14.3,0.0,0.0,19.4,0,0,0,0.8,0.8,0.12,-0.8,-0.8,0.0,11.0,3.0,27.3,0.0,0.0,15.3,0.0,0.0,0.0,1.3,1.3,0.12,-1.3,-1.3
2023,Angel City FC,2023-07-09 00:00:00,17:00 (20:00),Regular Season,Sun,Home,W,2,1,Courage,1,21,7,33.3,0.05,0.14,15.5,0,0,0,2.7,2.7,0.13,-1.7,-1.7,1.0,9.0,5.0,55.6,0.11,0.2,17.4,0.0,0.0,0.0,0.5,0.5,0.06,0.5,0.5
2023,Angel City FC,2023-08-19 00:00:00,19:30,Regular Season,Sat,Away,D,1,1,Louisville,1,20,6,30.0,0.05,0.17,19.1,0,0,0,1.3,1.3,0.07,-0.3,-0.3,1.0,13.0,4.0,30.8,0.08,0.25,17.3,0.0,0.0,0.0,1.2,1.2,0.1,-0.2,-0.2
2023,Angel City FC,2023-08-27 00:00:00,17:00 (20:00),Regular Season,Sun,Home,W,2,1,Reign,2,5,3,60.0,0.4,0.67,14.8,0,0,0,1.1,1.1,0.23,0.9,0.9,1.0,13.0,3.0,23.1,0.0,0.0,18.5,0.0,1.0,1.0,1.6,0.8,0.06,-0.6,-0.8
2023,Angel City FC,2023-09-01 00:00:00,19:00 (20:00),Regular Season,Fri,Away,W,1,0,Current,1,15,6,40.0,0.07,0.17,16.7,0,0,0,1.0,1.0,0.07,0.0,0.0,0.0,18.0,2.0,11.1,0.0,0.0,15.7,0.0,0.0,0.0,1.6,1.6,0.09,-1.6,-1.6
2023,Angel City FC,2023-09-17 00:00:00,17:00 (18:00),Regular Season,Sun,Away,D,2,2,Red Stars,2,13,9,69.2,0.15,0.22,13.5,0,0,0,1.4,1.4,0.1,0.6,0.6,2.0,10.0,5.0,50.0,0.2,0.4,12.8,0.0,0.0,0.0,0.5,0.5,0.05,1.5,1.5
2023,Angel City FC,2023-10-02 00:00:00,19:00 (22:00),Regular Season,Mon,Home,L,0,1,Pride,0,23,7,30.4,0.0,0.0,15.4,0,0,0,2.1,2.1,0.09,-2.1,-2.1,1.0,8.0,4.0,50.0,0.13,0.25,18.4,0.0,0.0,0.0,0.6,0.6,0.07,0.4,0.4
2023,Angel City FC,2023-10-08 00:00:00,18:00 (19:00),Regular Season,Sun,Away,W,2,1,Dash,2,13,10,76.9,0.15,0.2,13.8,0,0,0,2.2,2.2,0.17,-0.2,-0.2,1.0,27.0,10.0,37.0,0.04,0.1,18.5,0.0,0.0,0.0,2.8,2.8,0.1,-1.8,-1.8
2023,Angel City FC,2023-10-15 00:00:00,14:00 (17:00),Regular Season,Sun,Home,W,5,1,Thorns,5,13,9,69.2,0.38,0.56,10.4,0,0,0,1.5,1.5,0.11,3.5,3.5,1.0,8.0,6.0,75.0,0.13,0.17,18.8,0.0,0.0,0.0,0.6,0.6,0.08,0.4,0.4
2023,Angel City FC,2023-10-20 00:00:00,19:00 (22:00),First Round,Fri,Away,L,0,1,Reign,0,4,0,0.0,0.0,,14.0,0,0,0,0.2,0.2,0.04,-0.2,-0.2,1.0,9.0,4.0,44.4,0.11,0.25,23.0,1.0,0.0,0.0,0.6,0.6,0.06,0.4,0.4
2023,Chicago Stars,2023-03-25 00:00:00,19:00 (22:00),Regular Season,Sat,Away,L,2,3,Wave,2,13,5,38.5,0.08,0.2,15.9,0,1,1,2.5,1.7,0.15,-0.5,-0.7,3.0,8.0,4.0,50.0,0.25,0.5,16.0,0.0,1.0,1.0,2.1,1.4,0.18,0.9,0.6
2023,Chicago Stars,2023-04-01 00:00:00,13:00 (14:00),Regular Season,Sat,Home,L,1,2,Dash,0,13,2,15.4,0.0,0.0,12.8,0,0,0,1.2,1.2,0.09,-1.2,-1.2,2.0,7.0,3.0,42.9,0.14,0.33,14.9,0.0,1.0,1.0,2.6,1.8,0.26,-0.6,-0.8
2023,Chicago Stars,2023-04-15 00:00:00,19:00 (20:00),Regular Season,Sat,Home,W,4,2,Current,3,9,6,66.7,0.33,0.5,18.7,0,0,0,0.7,0.7,0.07,2.3,2.3,2.0,7.0,3.0,42.9,0.29,0.67,13.6,0.0,0.0,0.0,1.5,1.5,0.21,0.5,0.5
2023,Chicago Stars,2023-04-22 00:00:00,12:30 (15:30),Regular Season,Sat,Away,L,2,5,Reign,2,10,5,50.0,0.2,0.4,18.0,0,0,0,0.7,0.7,0.07,1.3,1.3,4.0,14.0,4.0,28.6,0.29,1.0,15.7,0.0,0.0,0.0,1.1,1.1,0.08,2.9,2.9
2023,Chicago Stars,2023-04-29 00:00:00,19:00 (20:00),Regular Season,Sat,Home,D,1,1,Spirit,1,10,3,30.0,0.1,0.33,21.3,1,0,0,1.2,1.2,0.12,-0.2,-0.2,1.0,22.0,5.0,22.7,0.0,0.0,16.0,0.0,1.0,1.0,3.1,2.4,0.11,-2.1,-2.4
2023,Chicago Stars,2023-05-07 00:00:00,17:00 (18:00),Regular Season,Sun,Home,L,1,2,Gotham FC,1,8,4,50.0,0.13,0.25,17.5,0,0,0,0.9,0.9,0.11,0.1,0.1,2.0,14.0,7.0,50.0,0.14,0.29,17.7,0.0,0.0,0.0,1.8,1.8,0.13,0.2,0.2
2023,Chicago Stars,2023-05-12 00:00:00,19:30,Regular Season,Fri,Away,L,0,3,Louisville,0,12,4,33.3,0.0,0.0,19.8,1,0,0,0.5,0.5,0.04,-0.5,-0.5,2.0,14.0,10.0,71.4,0.07,0.1,16.2,1.0,1.0,2.0,2.1,2.1,0.15,-0.1,-1.1
2023,Chicago Stars,2023-05-21 00:00:00,14:00 (17:00),Regular Season,Sun,Away,L,0,4,Thorns,0,8,0,0.0,0.0,,15.9,0,0,0,0.7,0.7,0.08,-0.7,-0.7,4.0,22.0,12.0,54.5,0.18,0.33,16.5,0.0,0.0,0.0,2.8,2.8,0.13,1.2,1.2
2023,Chicago Stars,2023-05-27 00:00:00,19:00 (20:00),Regular Season,Sat,Home,W,1,0,Pride,1,2,2,100.0,0.5,0.5,10.4,0,0,0,0.5,0.5,0.25,0.5,0.5,0.0,21.0,6.0,28.6,0.0,0.0,14.7,0.0,0.0,0.0,2.3,2.3,0.12,-2.3,-2.3
2023,Chicago Stars,2023-06-05 00:00:00,19:00 (22:00),Regular Season,Mon,Away,W,2,1,Angel City,2,6,2,33.3,0.33,1.0,13.3,0,0,0,0.5,0.5,0.09,1.5,1.5,1.0,15.0,3.0,20.0,0.07,0.33,16.1,1.0,0.0,0.0,1.5,1.5,0.1,-0.5,-0.5
2023,Chicago Stars,2023-06-10 00:00:00,19:00 (20:00),Regular Season,Sat,Home,L,0,5,Courage,0,9,0,0.0,0.0,,16.0,0,0,0,1.2,1.2,0.14,-1.2,-1.2,5.0,14.0,8.0,57.1,0.36,0.63,16.6,1.0,0.0,0.0,2.3,2.3,0.16,2.7,2.7
2023,Chicago Stars,2023-06-18 00:00:00,17:00 (18:00),Regular Season,Sun,Home,L,2,3,Thorns,2,14,5,35.7,0.07,0.2,17.4,0,1,1,1.6,0.8,0.06,0.4,0.2,3.0,21.0,7.0,33.3,0.14,0.43,18.3,0.0,0.0,0.0,2.3,2.3,0.11,0.7,0.7
2023,Chicago Stars,2023-06-25 00:00:00,17:30,Regular Season,Sun,Away,L,1,2,Gotham FC,1,9,3,33.3,0.11,0.33,12.2,0,0,0,1.3,1.3,0.14,-0.3,-0.3,2.0,15.0,6.0,40.0,0.13,0.33,17.8,1.0,0.0,0.0,0.9,0.9,0.06,1.1,1.1
2023,Chicago Stars,2023-07-01 00:00:00,19:00 (20:00),Regular Season,Sat,Home,W,1,0,Wave,1,7,3,42.9,0.14,0.33,10.5,0,0,0,1.4,1.4,0.19,-0.4,-0.4,0.0,15.0,4.0,26.7,0.0,0.0,16.5,0.0,0.0,0.0,1.5,1.5,0.1,-1.5,-1.5
2023,Chicago Stars,2023-07-07 00:00:00,19:30 (20:30),Regular Season,Fri,Away,W,1,0,Dash,1,10,2,20.0,0.1,0.5,12.9,0,0,0,1.3,1.3,0.14,-0.3,-0.3,0.0,12.0,4.0,33.3,0.0,0.0,21.4,0.0,0.0,0.0,0.6,0.6,0.05,-0.6,-0.6
2023,Chicago Stars,2023-08-20 00:00:00,19:00,Regular Season,Sun,Away,L,0,5,Pride,0,9,1,11.1,0.0,0.0,22.0,0,0,0,0.5,0.5,0.05,-0.5,-0.5,5.0,13.0,7.0,53.8,0.38,0.71,13.8,0.0,0.0,0.0,2.6,2.6,0.2,2.4,2.4
2023,Chicago Stars,2023-08-27 00:00:00,14:00,Regular Season,Sun,Away,D,1,1,Courage,1,13,3,23.1,0.08,0.33,15.0,0,0,0,1.0,1.0,0.08,0.0,0.0,1.0,8.0,4.0,50.0,0.13,0.25,16.9,1.0,0.0,1.0,1.7,0.9,0.11,-0.7,0.1
2023,Chicago Stars,2023-09-03 00:00:00,17:00,Regular Season,Sun,Away,W,2,0,Spirit,2,5,2,40.0,0.4,1.0,12.1,0,0,0,1.3,1.3,0.27,0.7,0.7,0.0,21.0,8.0,38.1,0.0,0.0,13.3,0.0,0.0,0.0,2.6,2.6,0.14,-2.6,-2.6
2023,Chicago Stars,2023-09-17 00:00:00,17:00 (18:00),Regular Season,Sun,Home,D,2,2,Angel City,2,10,5,50.0,0.2,0.4,12.8,0,0,0,0.5,0.5,0.05,1.5,1.5,2.0,13.0,9.0,69.2,0.15,0.22,13.5,0.0,0.0,0.0,1.4,1.4,0.1,0.6,0.6
2023,Chicago Stars,2023-09-30 00:00:00,19:00 (20:00),Regular Season,Sat,Home,W,1,0,Louisville,1,14,3,21.4,0.07,0.33,18.8,0,0,0,0.9,0.9,0.07,0.1,0.1,0.0,22.0,5.0,22.7,0.0,0.0,19.4,1.0,0.0,0.0,1.4,1.4,0.07,-1.4,-1.4
2023,Chicago Stars,2023-10-07 00:00:00,19:00 (20:00),Regular Season,Sat,Away,L,3,6,Current,2,13,3,23.1,0.15,0.67,17.7,1,0,0,1.7,1.7,0.14,0.3,0.3,6.0,22.0,7.0,31.8,0.27,0.86,17.0,0.0,0.0,0.0,2.7,2.7,0.12,3.3,3.3
2023,Chicago Stars,2023-10-15 00:00:00,16:00 (17:00),Regular Season,Sun,Home,L,0,3,Reign,0,7,1,14.3,0.0,0.0,14.4,1,0,0,0.3,0.3,0.04,-0.3,-0.3,3.0,14.0,6.0,42.9,0.21,0.5,15.7,1.0,0.0,0.0,1.9,1.9,0.14,1.1,1.1
2023,Gotham FC,2023-03-26 00:00:00,21:00,Regular Season,Sun,Away,W,2,1,Angel City,2,14,8,57.1,0.07,0.13,19.5,0,1,1,1.7,0.9,0.07,0.3,0.1,1.0,11.0,5.0,45.5,0.09,0.2,19.0,2.0,0.0,0.0,1.0,1.0,0.1,0.0,0.0
2023,Gotham FC,2023-04-01 00:00:00,19:30,Regular Season,Sat,Home,L,0,2,Reign,0,10,0,0.0,0.0,,17.9,0,0,0,0.5,0.5,0.05,-0.5,-0.5,2.0,9.0,5.0,55.6,0.22,0.4,19.5,0.0,0.0,0.0,1.7,1.7,0.19,0.3,0.3
2023,Gotham FC,2023-04-15 00:00:00,19:00,Regular Season,Sat,Away,W,2,0,Pride,2,19,4,21.1,0.05,0.25,18.2,1,1,1,2.2,1.4,0.08,-0.2,-0.4,0.0,11.0,5.0,45.5,0.0,0.0,20.4,0.0,0.0,0.0,0.7,0.7,0.06,-0.7,-0.7
2023,Gotham FC,2023-04-22 00:00:00,19:30,Regular Season,Sat,Home,W,1,0,Courage,1,19,6,31.6,0.05,0.17,20.0,0,0,0,1.3,1.3,0.07,-0.3,-0.3,0.0,9.0,3.0,33.3,0.0,0.0,11.5,0.0,0.0,0.0,1.2,1.2,0.16,-1.2,-1.2
2023,Gotham FC,2023-04-30 00:00:00,17:00 (18:00),Regular Season,Sun,Away,L,0,2,Current,0,13,3,23.1,0.0,0.0,22.1,1,0,0,1.1,1.1,0.09,-1.1,-1.1,2.0,12.0,7.0,58.3,0.17,0.29,14.7,0.0,0.0,0.0,2.8,2.8,0.23,-0.8,-0.8
2023,Gotham FC,2023-05-07 00:00:00,17:00 (18:00),Regular Season,Sun,Away,W,2,1,Red Stars,2,14,7,50.0,0.14,0.29,17.7,0,0,0,1.8,1.8,0.13,0.2,0.2,1.0,8.0,4.0,50.0,0.13,0.25,17.5,0.0,0.0,0.0,0.9,0.9,0.11,0.1,0.1
2023,Gotham FC,2023-05-14 00:00:00,17:30,Regular Season,Sun,Home,D,0,0,Pride,0,6,1,16.7,0.0,0.0,19.3,1,0,0,0.4,0.4,0.07,-0.4,-0.4,0.0,12.0,6.0,50.0,0.0,0.0,16.3,0.0,0.0,0.0,1.3,1.3,0.11,-1.3,-1.3
2023,Gotham FC,2023-05-21 00:00:00,15:00 (18:00),Regular Season,Sun,Away,W,4,1,Reign,4,14,7,50.0,0.29,0.57,17.8,0,0,0,1.9,1.9,0.14,2.1,2.1,1.0,10.0,4.0,40.0,0.1,0.25,16.6,0.0,0.0,0.0,1.3,1.3,0.13,-0.3,-0.3
2023,Gotham FC,2023-05-28 00:00:00,17:00,Regular Season,Sun,Away,D,1,1,Spirit,1,13,2,15.4,0.08,0.5,21.4,1,0,0,0.9,0.9,0.07,0.1,0.1,1.0,7.0,4.0,57.1,0.14,0.25,15.9,0.0,0.0,0.0,0.7,0.7,0.1,0.3,0.3
2023,Gotham FC,2023-06-04 00:00:00,18:00,Regular Season,Sun,Home,L,0,1,Wave,0,15,3,20.0,0.0,0.0,18.9,0,0,0,0.8,0.8,0.05,-0.8,-0.8,1.0,9.0,3.0,33.3,0.11,0.33,12.1,0.0,0.0,0.0,1.5,1.5,0.17,-0.5,-0.5
2023,Gotham FC,2023-06-11 00:00:00,18:00 (19:00),Regular Season,Sun,Away,D,1,1,Dash,1,6,3,50.0,0.0,0.0,18.5,0,1,1,1.3,0.9,0.16,-0.3,-0.9,1.0,7.0,2.0,28.6,0.14,0.5,12.1,0.0,0.0,0.0,1.7,1.7,0.25,-0.7,-0.7
2023,Gotham FC,2023-06-18 00:00:00,16:00,Regular Season,Sun,Away,L,0,2,Louisville,0,20,8,40.0,0.0,0.0,18.4,0,0,0,1.1,1.1,0.05,-1.1,-1.1,2.0,13.0,3.0,23.1,0.15,0.67,17.1,2.0,0.0,0.0,1.8,1.8,0.14,0.2,0.2
2023,Gotham FC,2023-06-25 00:00:00,17:30,Regular Season,Sun,Home,W,2,1,Red Stars,2,15,6,40.0,0.13,0.33,17.8,1,0,0,0.9,0.9,0.06,1.1,1.1,1.0,9.0,3.0,33.3,0.11,0.33,12.2,0.0,0.0,0.0,1.3,1.3,0.14,-0.3,-0.3
2023,Gotham FC,2023-07-02 00:00:00,17:30,Regular Season,Sun,Home,D,0,0,Angel City,0,11,3,27.3,0.0,0.0,15.3,0,0,0,1.3,1.3,0.12,-1.3,-1.3,0.0,7.0,1.0,14.3,0.0,0.0,19.4,0.0,0.0,0.0,0.8,0.8,0.12,-0.8,-0.8
2023,Gotham FC,2023-07-09 00:00:00,17:30,Regular Season,Sun,Home,W,2,1,Thorns,2,13,7,53.8,0.15,0.29,12.8,0,0,0,2.5,2.5,0.2,-0.5,-0.5,1.0,12.0,5.0,41.7,0.08,0.2,18.4,0.0,0.0,0.0,1.7,1.7,0.14,-0.7,-0.7
2023,Gotham FC,2023-08-19 00:00:00,17:00 (20:00),Regular Season,Sat,Away,L,1,2,Wave,1,13,4,30.8,0.08,0.25,17.0,0,0,0,0.9,0.9,0.07,0.1,0.1,2.0,6.0,3.0,50.0,0.33,0.67,11.1,0.0,0.0,0.0,1.5,1.5,0.25,0.5,0.5
2023,Gotham FC,2023-08-27 00:00:00,17:30,Regular Season,Sun,Home,D,0,0,Louisville,0,19,6,31.6,0.0,0.0,19.3,0,0,0,1.5,1.5,0.08,-1.5,-1.5,0.0,10.0,1.0,10.0,0.0,0.0,18.7,0.0,0.0,0.0,0.9,0.9,0.1,-0.9,-0.9
2023,Gotham FC,2023-09-02 00:00:00,19:30,Regular Season,Sat,Away,D,3,3,Courage,3,15,4,26.7,0.13,0.5,15.2,1,1,1,2.9,2.1,0.14,0.1,-0.1,3.0,10.0,5.0,50.0,0.3,0.6,16.8,0.0,0.0,0.0,1.0,1.0,0.11,2.0,2.0
2023,Gotham FC,2023-09-16 00:00:00,19:30,Regular Season,Sat,Home,W,2,0,Spirit,2,17,4,23.5,0.12,0.5,16.8,0,0,0,1.8,1.8,0.11,0.2,0.2,0.0,8.0,2.0,25.0,0.0,0.0,13.5,0.0,0.0,0.0,1.2,1.2,0.15,-1.2,-1.2
2023,Gotham FC,2023-10-01 00:00:00,18:30,Regular Season,Sun,Home,L,0,2,Dash,0,22,7,31.8,0.0,0.0,21.1,0,0,1,2.3,1.5,0.07,-2.3,-1.5,2.0,7.0,3.0,42.9,0.29,0.67,22.8,0.0,0.0,0.0,0.3,0.3,0.04,1.7,1.7
2023,Gotham FC,2023-10-07 00:00:00,14:00 (17:00),Regular Season,Sat,Away,L,0,1,Thorns,0,7,3,42.9,0.0,0.0,20.7,0,0,0,0.3,0.3,0.05,-0.3,-0.3,1.0,9.0,3.0,33.3,0.11,0.33,17.8,0.0,0.0,0.0,0.7,0.7,0.08,0.3,0.3
2023,Gotham FC,2023-10-15 00:00:00,17:00,Regular Season,Sun,Home,D,2,2,Current,2,13,5,38.5,0.15,0.4,17.6,0,0,0,1.3,1.3,0.1,0.7,0.7,1.0,8.0,3.0,37.5,0.13,0.33,13.5,0.0,0.0,0.0,0.7,0.7,0.1,0.3,0.3
2023,Gotham FC,2023-10-22 00:00:00,19:00,First Round,Sun,Away,W,2,0,Courage,2,13,6,46.2,0.15,0.33,17.7,0,0,0,1.0,1.0,0.08,1.0,1.0,0.0,6.0,4.0,66.7,0.0,0.0,14.2,0.0,0.0,0.0,0.6,0.6,0.1,-0.6,-0.6
2023,Gotham FC,2023-11-05 00:00:00,16:00 (19:00),Semifinals,Sun,Away,W,1,0,Thorns,1,13,3,23.1,0.08,0.33,19.6,1,0,0,0.5,0.5,0.04,0.5,0.5,0.0,11.0,3.0,27.3,0.0,0.0,19.1,0.0,0.0,0.0,0.6,0.6,0.05,-0.6,-0.6
2023,Gotham FC,2023-11-11 00:00:00,17:00 (20:00),Final,Sat,Away,W,2,1,Reign,2,9,2,22.2,0.22,1.0,13.8,0,0,0,1.5,1.5,0.17,0.5,0.5,1.0,8.0,2.0,25.0,0.13,0.5,19.8,1.0,0.0,0.0,1.9,1.9,0.24,-0.9,-0.9
2023,Houston Dash,2023-03-26 00:00:00,18:00 (19:00),Regular Season,Sun,Home,D,0,0,Louisville,0,15,7,46.7,0.0,0.0,15.8,1,0,0,1.3,1.3,0.09,-1.3,-1.3,0.0,17.0,5.0,29.4,0.0,0.0,19.8,0.0,0.0,0.0,1.2,1.2,0.07,-1.2,-1.2
2023,Houston Dash,2023-04-01 00:00:00,13:00 (14:00),Regular Season,Sat,Away,W,2,1,Red Stars,2,7,3,42.9,0.14,0.33,14.9,0,1,1,2.6,1.8,0.26,-0.6,-0.8,0.0,13.0,2.0,15.4,0.0,0.0,12.8,0.0,0.0,0.0,1.2,1.2,0.09,-1.2,-1.2
2023,Houston Dash,2023-04-14 00:00:00,19:30 (22:30),Regular Season,Fri,Away,D,1,1,Thorns,1,14,6,42.9,0.07,0.17,14.1,0,0,0,1.4,1.4,0.1,-0.4,-0.4,1.0,22.0,5.0,22.7,0.05,0.2,13.6,0.0,0.0,0.0,2.7,2.7,0.13,-1.7,-1.7
2023,Houston Dash,2023-04-22 00:00:00,19:00,Regular Season,Sat,Away,D,0,0,Spirit,0,10,5,50.0,0.0,0.0,21.3,1,0,0,0.4,0.4,0.04,-0.4,-0.4,0.0,11.0,4.0,36.4,0.0,0.0,18.1,0.0,0.0,0.0,0.8,0.8,0.07,-0.8,-0.8
2023,Houston Dash,2023-04-28 00:00:00,19:30 (20:30),Regular Season,Fri,Home,L,0,1,Courage,0,5,1,20.0,0.0,0.0,15.4,0,0,0,0.3,0.3,0.07,-0.3,-0.3,1.0,8.0,3.0,37.5,0.13,0.33,14.5,0.0,0.0,0.0,0.6,0.6,0.07,0.4,0.4
2023,Houston Dash,2023-05-06 00:00:00,19:00 (22:00),Regular Season,Sat,Away,L,0,2,Reign,0,7,3,42.9,0.0,0.0,18.4,0,0,0,0.4,0.4,0.06,-0.4,-0.4,2.0,12.0,4.0,33.3,0.17,0.5,15.7,1.0,0.0,0.0,1.1,1.1,0.09,0.9,0.9
2023,Houston Dash,2023-05-12 00:00:00,19:30 (20:30),Regular Season,Fri,Home,W,2,1,Thorns,2,12,4,33.3,0.17,0.5,17.9,0,0,0,1.2,1.2,0.1,0.8,0.8,1.0,12.0,4.0,33.3,0.08,0.25,15.5,0.0,0.0,0.0,1.3,1.3,0.11,-0.3,-0.3
2023,Houston Dash,2023-05-20 00:00:00,19:30 (20:30),Regular Season,Sat,Home,L,0,3,Wave,0,13,1,7.7,0.0,0.0,19.0,1,0,0,0.7,0.7,0.05,-0.7,-0.7,3.0,11.0,7.0,63.6,0.27,0.43,18.0,0.0,0.0,0.0,1.1,1.1,0.11,1.9,1.9
2023,Houston Dash,2023-05-26 00:00:00,19:00 (20:00),Regular Season,Fri,Away,W,2,0,Current,2,11,5,45.5,0.18,0.4,20.7,0,0,0,0.7,0.7,0.06,1.3,1.3,0.0,13.0,4.0,30.8,0.0,0.0,17.4,0.0,0.0,0.0,0.5,0.5,0.04,-0.5,-0.5
2023,Houston Dash,2023-06-03 00:00:00,19:30 (20:30),Regular Season,Sat,Home,W,2,0,Pride,2,13,8,61.5,0.15,0.25,15.1,0,0,0,1.2,1.2,0.09,0.8,0.8,0.0,14.0,6.0,42.9,0.0,0.0,14.6,0.0,0.0,0.0,1.4,1.4,0.1,-1.4,-1.4
2023,Houston Dash,2023-06-11 00:00:00,18:00 (19:00),Regular Season,Sun,Home,D,1,1,Gotham FC,1,7,2,28.6,0.14,0.5,12.1,0,0,0,1.7,1.7,0.25,-0.7,-0.7,1.0,6.0,3.0,50.0,0.0,0.0,18.5,0.0,1.0,1.0,1.3,0.9,0.16,-0.3,-0.9
2023,Houston Dash,2023-06-17 00:00:00,19:30 (20:30),Regular Season,Sat,Home,D,0,0,Reign,0,18,5,27.8,0.0,0.0,14.5,1,0,0,1.6,1.6,0.09,-1.6,-1.6,0.0,8.0,1.0,12.5,0.0,0.0,18.4,0.0,0.0,0.0,0.9,0.9,0.11,-0.9,-0.9
2023,Houston Dash,2023-06-25 00:00:00,17:00 (20:00),Regular Season,Sun,Away,D,0,0,Angel City,0,11,0,0.0,0.0,,19.7,0,0,0,1.1,1.1,0.1,-1.1,-1.1,0.0,12.0,4.0,33.3,0.0,0.0,17.4,0.0,0.0,0.0,1.4,1.4,0.12,-1.4,-1.4
2023,Houston Dash,2023-07-01 00:00:00,19:30,Regular Season,Sat,Away,L,0,1,Courage,0,11,1,9.1,0.0,0.0,18.4,0,0,0,0.9,0.9,0.08,-0.9,-0.9,1.0,12.0,4.0,33.3,0.08,0.25,19.4,1.0,0.0,0.0,0.9,0.9,0.08,0.1,0.1
2023,Houston Dash,2023-07-07 00:00:00,19:30 (20:30),Regular Season,Fri,Home,L,0,1,Red Stars,0,12,4,33.3,0.0,0.0,21.4,0,0,0,0.6,0.6,0.05,-0.6,-0.6,1.0,10.0,2.0,20.0,0.1,0.5,12.9,0.0,0.0,0.0,1.3,1.3,0.14,-0.3,-0.3
2023,Houston Dash,2023-08-19 00:00:00,19:30 (20:30),Regular Season,Sat,Home,D,1,1,Spirit,1,21,8,38.1,0.05,0.13,20.0,0,0,0,0.9,0.9,0.04,0.1,0.1,1.0,8.0,3.0,37.5,0.13,0.33,18.8,0.0,0.0,0.0,0.8,0.8,0.11,0.2,0.2
2023,Houston Dash,2023-08-26 00:00:00,19:30 (20:30),Regular Season,Sat,Home,D,1,1,Current,1,15,1,6.7,0.07,1.0,19.1,0,0,0,1.0,1.0,0.07,0.0,0.0,1.0,16.0,7.0,43.8,0.06,0.14,18.5,0.0,0.0,0.0,1.2,1.2,0.08,-0.2,-0.2
2023,Houston Dash,2023-09-03 00:00:00,17:00 (20:00),Regular Season,Sun,Away,L,0,1,Wave,0,6,0,0.0,0.0,,18.7,0,0,0,0.4,0.4,0.06,-0.4,-0.4,1.0,32.0,10.0,31.3,0.03,0.1,15.3,1.0,0.0,0.0,3.6,3.6,0.12,-2.6,-2.6
2023,Houston Dash,2023-09-15 00:00:00,19:30,Regular Season,Fri,Away,W,1,0,Louisville,1,19,5,26.3,0.05,0.2,20.3,0,0,0,1.2,1.2,0.06,-0.2,-0.2,0.0,17.0,6.0,35.3,0.0,0.0,19.3,0.0,0.0,0.0,1.4,1.4,0.08,-1.4,-1.4
2023,Houston Dash,2023-10-01 00:00:00,18:30,Regular Season,Sun,Away,W,2,0,Gotham FC,2,7,3,42.9,0.29,0.67,22.8,0,0,0,0.3,0.3,0.04,1.7,1.7,0.0,22.0,7.0,31.8,0.0,0.0,21.1,0.0,0.0,1.0,2.3,1.5,0.07,-2.3,-1.5
2023,Houston Dash,2023-10-08 00:00:00,18:00 (19:00),Regular Season,Sun,Home,L,1,2,Angel City,1,27,10,37.0,0.04,0.1,18.5,0,0,0,2.8,2.8,0.1,-1.8,-1.8,2.0,13.0,10.0,76.9,0.15,0.2,13.8,0.0,0.0,0.0,2.2,2.2,0.17,-0.2,-0.2
2023,Houston Dash,2023-10-15 00:00:00,17:00,Regular Season,Sun,Away,L,0,1,Pride,0,11,2,18.2,0.0,0.0,17.4,0,0,0,1.1,1.1,0.1,-1.1,-1.1,1.0,18.0,5.0,27.8,0.0,0.0,14.1,0.0,1.0,1.0,2.7,2.0,0.11,-1.7,-2.0
2023,Kansas City Current,2023-03-25 00:00:00,14:00,Regular Season,Sat,Away,L,0,1,Courage,0,11,3,27.3,0.0,0.0,13.5,1,0,0,0.8,0.8,0.07,-0.8,-0.8,1.0,10.0,5.0,50.0,0.1,0.2,18.0,0.0,0.0,0.0,0.7,0.7,0.07,0.3,0.3
2023,Kansas City Current,2023-04-01 00:00:00,11:50 (12:50),Regular Season,Sat,Home,L,1,4,Thorns,1,10,2,20.0,0.1,0.5,15.3,1,0,0,1.6,1.6,0.16,-0.6,-0.6,4.0,18.0,7.0,38.9,0.17,0.43,17.7,0.0,1.0,1.0,2.2,1.4,0.08,1.8,1.6
2023,Kansas City Current,2023-04-15 00:00:00,19:00 (20:00),Regular Season,Sat,Away,L,2,4,Red Stars,2,7,3,42.9,0.29,0.67,13.6,0,0,0,1.5,1.5,0.21,0.5,0.5,3.0,9.0,6.0,66.7,0.33,0.5,18.7,0.0,0.0,0.0,0.7,0.7,0.07,2.3,2.3
2023,Kansas City Current,2023-04-23 00:00:00,16:00 (17:00),Regular Season,Sun,Home,W,2,0,Pride,2,11,5,45.5,0.18,0.4,18.2,0,0,0,1.4,1.4,0.13,0.6,0.6,0.0,14.0,1.0,7.1,0.0,0.0,16.9,0.0,0.0,0.0,1.1,1.1,0.08,-1.1,-1.1
2023,Kansas City Current,2023-04-30 00:00:00,17:00 (18:00),Regular Season,Sun,Home,W,2,0,Gotham FC,2,12,7,58.3,0.17,0.29,14.7,0,0,0,2.8,2.8,0.23,-0.8,-0.8,0.0,13.0,3.0,23.1,0.0,0.0,22.1,1.0,0.0,0.0,1.1,1.1,0.09,-1.1,-1.1
2023,Kansas City Current,2023-05-07 00:00:00,17:00 (20:00),Regular Season,Sun,Away,L,2,3,Angel City,2,12,8,66.7,0.17,0.25,15.8,1,0,0,1.8,1.8,0.15,0.2,0.2,3.0,14.0,5.0,35.7,0.21,0.6,15.4,0.0,0.0,0.0,1.7,1.7,0.12,1.3,1.3
2023,Kansas City Current,2023-05-14 00:00:00,17:00 (18:00),Regular Season,Sun,Home,L,0,2,Wave,0,20,4,20.0,0.0,0.0,17.5,2,0,0,1.5,1.5,0.08,-1.5,-1.5,1.0,10.0,4.0,40.0,0.1,0.25,17.6,0.0,0.0,0.0,1.3,1.3,0.13,-0.3,-0.3
2023,Kansas City Current,2023-05-20 00:00:00,19:00 (20:00),Regular Season,Sat,Home,L,0,2,Louisville,0,18,6,33.3,0.0,0.0,19.1,0,0,0,1.7,1.7,0.1,-1.7,-1.7,2.0,15.0,4.0,26.7,0.13,0.5,16.9,0.0,0.0,0.0,1.5,1.5,0.1,0.5,0.5
2023,Kansas City Current,2023-05-26 00:00:00,19:00 (20:00),Regular Season,Fri,Home,L,0,2,Dash,0,13,4,30.8,0.0,0.0,17.4,0,0,0,0.5,0.5,0.04,-0.5,-0.5,2.0,11.0,5.0,45.5,0.18,0.4,20.7,0.0,0.0,0.0,0.7,0.7,0.06,1.3,1.3
2023,Kansas City Current,2023-06-03 00:00:00,19:30 (20:30),Regular Season,Sat,Home,W,1,0,Courage,1,10,3,30.0,0.1,0.33,20.6,1,0,0,0.9,0.9,0.09,0.1,0.1,0.0,7.0,1.0,14.3,0.0,0.0,12.4,0.0,0.0,0.0,0.7,0.7,0.1,-0.7,-0.7
2023,Kansas City Current,2023-06-10 00:00:00,19:00 (22:00),Regular Season,Sat,Away,L,1,2,Reign,1,6,3,50.0,0.17,0.33,13.9,0,0,0,0.6,0.6,0.1,0.4,0.4,2.0,10.0,4.0,40.0,0.1,0.25,17.1,0.0,1.0,1.0,2.0,1.3,0.13,0.0,-0.3
2023,Kansas City Current,2023-06-18 00:00:00,18:00 (19:00),Regular Season,Sun,Home,L,2,3,Spirit,2,15,7,46.7,0.07,0.14,18.4,0,1,1,2.4,1.7,0.11,-0.4,-0.7,3.0,11.0,3.0,27.3,0.27,1.0,19.6,1.0,0.0,0.0,1.2,1.2,0.11,1.8,1.8
2023,Kansas City Current,2023-06-24 00:00:00,19:00,Regular Season,Sat,Away,W,2,1,Pride,2,10,6,60.0,0.2,0.33,16.9,1,0,0,1.2,1.2,0.12,0.8,0.8,1.0,13.0,5.0,38.5,0.0,0.0,20.0,0.0,1.0,1.0,1.9,1.2,0.09,-0.9,-1.2
2023,Kansas City Current,2023-07-01 00:00:00,19:00 (22:00),Regular Season,Sat,Away,W,1,0,Thorns,1,4,2,50.0,0.0,0.0,22.0,0,1,1,1.1,0.3,0.07,-0.1,-0.3,0.0,25.0,8.0,32.0,0.0,0.0,17.5,0.0,0.0,0.0,1.3,1.3,0.05,-1.3,-1.3
2023,Kansas City Current,2023-07-07 00:00:00,20:00,Regular Season,Fri,Away,L,1,2,Louisville,1,5,0,0.0,0.0,,20.1,0,1,1,1.2,0.4,0.08,-0.2,-0.4,2.0,27.0,10.0,37.0,0.07,0.2,19.1,0.0,0.0,0.0,1.7,1.7,0.06,0.3,0.3
2023,Kansas City Current,2023-08-18 00:00:00,19:00 (20:00),Regular Season,Fri,Home,W,1,0,Reign,1,13,4,30.8,0.08,0.25,16.9,0,0,0,1.2,1.2,0.09,-0.2,-0.2,0.0,8.0,3.0,37.5,0.0,0.0,20.8,1.0,0.0,1.0,1.6,0.8,0.1,-1.6,-0.8
2023,Kansas City Current,2023-08-26 00:00:00,19:30 (20:30),Regular Season,Sat,Away,D,1,1,Dash,1,16,7,43.8,0.06,0.14,18.5,0,0,0,1.2,1.2,0.08,-0.2,-0.2,1.0,15.0,1.0,6.7,0.07,1.0,19.1,0.0,0.0,0.0,1.0,1.0,0.07,0.0,0.0
2023,Kansas City Current,2023-09-01 00:00:00,19:00 (20:00),Regular Season,Fri,Home,L,0,1,Angel City,0,18,2,11.1,0.0,0.0,15.7,0,0,0,1.6,1.6,0.09,-1.6,-1.6,1.0,15.0,6.0,40.0,0.07,0.17,16.7,0.0,0.0,0.0,1.0,1.0,0.07,0.0,0.0
2023,Kansas City Current,2023-09-16 00:00:00,19:00 (22:00),Regular Season,Sat,Away,W,2,1,Wave,2,5,2,40.0,0.4,1.0,19.6,0,0,0,0.8,0.8,0.15,1.2,1.2,1.0,15.0,6.0,40.0,0.07,0.17,13.2,0.0,0.0,0.0,1.7,1.7,0.12,-0.7,-0.7
2023,Kansas City Current,2023-09-30 00:00:00,19:00,Regular Season,Sat,Away,L,1,2,Spirit,1,5,3,60.0,0.0,0.0,19.3,0,1,1,1.1,0.3,0.06,-0.1,-0.3,2.0,18.0,3.0,16.7,0.11,0.67,17.5,0.0,0.0,0.0,1.7,1.7,0.09,0.3,0.3
2023,Kansas City Current,2023-10-07 00:00:00,19:00 (20:00),Regular Season,Sat,Home,W,6,3,Red Stars,6,22,7,31.8,0.27,0.86,17.0,0,0,0,2.7,2.7,0.12,3.3,3.3,2.0,13.0,3.0,23.1,0.15,0.67,17.7,1.0,0.0,0.0,1.7,1.7,0.14,0.3,0.3
2023,Kansas City Current,2023-10-15 00:00:00,17:00,Regular Season,Sun,Away,D,2,2,Gotham FC,1,8,3,37.5,0.13,0.33,13.5,0,0,0,0.7,0.7,0.1,0.3,0.3,2.0,13.0,5.0,38.5,0.15,0.4,17.6,0.0,0.0,0.0,1.3,1.3,0.1,0.7,0.7
2023,North Carolina Courage,2023-03-25 00:00:00,14:00,Regular Season,Sat,Home,W,1,0,Current,1,10,5,50.0,0.1,0.2,18.0,0,0,0,0.7,0.7,0.07,0.3,0.3,0.0,11.0,3.0,27.3,0.0,0.0,13.5,1.0,0.0,0.0,0.8,0.8,0.07,-0.8,-0.8
2023,North Carolina Courage,2023-04-01 00:00:00,19:00 (22:00),Regular Season,Sat,Away,L,1,3,Wave,1,7,2,28.6,0.0,0.0,20.7,0,1,1,1.2,0.4,0.06,-0.2,-0.4,3.0,9.0,4.0,44.4,0.22,0.5,19.1,0.0,1.0,1.0,1.7,0.9,0.1,1.3,1.1
2023,North Carolina Courage,2023-04-15 00:00:00,19:00,Regular Season,Sat,Home,L,1,2,Spirit,1,16,2,12.5,0.0,0.0,22.0,0,1,1,1.7,0.9,0.06,-0.7,-0.9,2.0,8.0,3.0,37.5,0.13,0.33,19.6,1.0,1.0,1.0,1.4,0.6,0.07,0.6,0.4
2023,North Carolina Courage,2023-04-22 00:00:00,19:30,Regular Season,Sat,Away,L,0,1,Gotham FC,0,9,3,33.3,0.0,0.0,11.5,0,0,0,1.2,1.2,0.16,-1.2,-1.2,1.0,19.0,6.0,31.6,0.05,0.17,20.0,0.0,0.0,0.0,1.3,1.3,0.07,-0.3,-0.3
2023,North Carolina Courage,2023-04-28 00:00:00,19:30 (20:30),Regular Season,Fri,Away,W,1,0,Dash,1,8,3,37.5,0.13,0.33,14.5,0,0,0,0.6,0.6,0.07,0.4,0.4,0.0,5.0,1.0,20.0,0.0,0.0,15.4,0.0,0.0,0.0,0.3,0.3,0.07,-0.3,-0.3
2023,North Carolina Courage,2023-05-06 00:00:00,19:00,Regular Season,Sat,Home,D,3,3,Thorns,2,9,5,55.6,0.22,0.4,15.8,0,0,0,1.0,1.0,0.11,1.0,1.0,3.0,19.0,10.0,52.6,0.16,0.3,19.1,1.0,0.0,0.0,1.9,1.9,0.1,1.1,1.1
2023,North Carolina Courage,2023-05-14 00:00:00,15:00,Regular Season,Sun,Home,W,1,0,Reign,1,9,3,33.3,0.11,0.33,17.5,0,0,0,0.9,0.9,0.1,0.1,0.1,0.0,9.0,2.0,22.2,0.0,0.0,16.9,1.0,0.0,0.0,0.9,0.9,0.1,-0.9,-0.9
2023,North Carolina Courage,2023-05-20 00:00:00,19:00,Regular Season,Sat,Home,D,0,0,Angel City,0,12,3,25.0,0.0,0.0,17.1,0,0,0,1.0,1.0,0.08,-1.0,-1.0,0.0,6.0,1.0,16.7,0.0,0.0,12.6,0.0,0.0,0.0,0.6,0.6,0.1,-0.6,-0.6
2023,North Carolina Courage,2023-05-27 00:00:00,20:00,Regular Season,Sat,Away,W,2,1,Louisville,2,13,5,38.5,0.15,0.4,17.1,0,0,0,0.9,0.9,0.07,1.1,1.1,1.0,17.0,6.0,35.3,0.06,0.17,15.3,0.0,0.0,0.0,2.3,2.3,0.14,-1.3,-1.3
2023,North Carolina Courage,2023-06-03 00:00:00,19:30 (20:30),Regular Season,Sat,Away,L,0,1,Current,0,7,1,14.3,0.0,0.0,12.4,0,0,0,0.7,0.7,0.1,-0.7,-0.7,1.0,10.0,3.0,30.0,0.1,0.33,20.6,1.0,0.0,0.0,0.9,0.9,0.09,0.1,0.1
2023,North Carolina Courage,2023-06-10 00:00:00,19:00 (20:00),Regular Season,Sat,Away,W,5,0,Red Stars,5,14,8,57.1,0.36,0.63,16.6,1,0,0,2.3,2.3,0.16,2.7,2.7,0.0,9.0,0.0,0.0,0.0,,16.0,0.0,0.0,0.0,1.2,1.2,0.14,-1.2,-1.2
2023,North Carolina Courage,2023-06-17 00:00:00,19:00,Regular Season,Sat,Home,W,3,0,Pride,2,16,6,37.5,0.13,0.33,16.9,0,0,0,1.7,1.7,0.11,0.3,0.3,0.0,12.0,1.0,8.3,0.0,0.0,16.5,1.0,0.0,0.0,0.8,0.8,0.07,-0.8,-0.8
2023,North Carolina Courage,2023-06-24 00:00:00,19:00,Regular Season,Sat,Home,W,1,0,Louisville,1,12,2,16.7,0.08,0.5,16.2,0,0,0,1.0,1.0,0.1,0.0,0.0,0.0,10.0,2.0,20.0,0.0,0.0,16.5,0.0,0.0,0.0,0.6,0.6,0.06,-0.6,-0.6
2023,North Carolina Courage,2023-07-01 00:00:00,19:30,Regular Season,Sat,Home,W,1,0,Dash,1,12,4,33.3,0.08,0.25,19.4,1,0,0,0.9,0.9,0.08,0.1,0.1,0.0,11.0,1.0,9.1,0.0,0.0,18.4,0.0,0.0,0.0,0.9,0.9,0.08,-0.9,-0.9
2023,North Carolina Courage,2023-07-09 00:00:00,17:00 (20:00),Regular Season,Sun,Away,L,1,2,Angel City,1,9,5,55.6,0.11,0.2,17.4,0,0,0,0.5,0.5,0.06,0.5,0.5,1.0,21.0,7.0,33.3,0.05,0.14,15.5,0.0,0.0,0.0,2.7,2.7,0.13,-1.7,-1.7
2023,North Carolina Courage,2023-08-20 00:00:00,19:30 (22:30),Regular Season,Sun,Away,L,1,2,Thorns,1,9,3,33.3,0.11,0.33,15.4,1,0,0,0.9,0.9,0.1,0.1,0.1,2.0,10.0,5.0,50.0,0.2,0.4,16.6,0.0,0.0,0.0,1.8,1.8,0.18,0.2,0.2
2023,North Carolina Courage,2023-08-27 00:00:00,14:00,Regular Season,Sun,Home,D,1,1,Red Stars,1,8,4,50.0,0.13,0.25,16.9,1,0,1,1.7,0.9,0.11,-0.7,0.1,1.0,13.0,3.0,23.1,0.08,0.33,15.0,0.0,0.0,0.0,1.0,1.0,0.08,0.0,0.0
2023,North Carolina Courage,2023-09-02 00:00:00,19:30,Regular Season,Sat,Home,D,3,3,Gotham FC,3,10,5,50.0,0.3,0.6,16.8,0,0,0,1.0,1.0,0.11,2.0,2.0,3.0,15.0,4.0,26.7,0.13,0.5,15.2,1.0,1.0,1.0,2.9,2.1,0.14,0.1,-0.1
2023,North Carolina Courage,2023-09-17 00:00:00,19:00,Regular Season,Sun,Away,L,1,2,Pride,1,10,2,20.0,0.1,0.5,16.2,0,0,0,0.8,0.8,0.08,0.2,0.2,2.0,11.0,3.0,27.3,0.18,0.67,15.7,0.0,0.0,0.0,1.8,1.8,0.16,0.2,0.2
2023,North Carolina Courage,2023-10-01 00:00:00,17:00 (20:00),Regular Season,Sun,Away,D,1,1,Reign,1,25,8,32.0,0.04,0.13,18.3,1,0,0,2.8,2.8,0.11,-1.8,-1.8,1.0,5.0,2.0,40.0,0.2,0.5,21.8,0.0,0.0,0.0,0.6,0.6,0.11,0.4,0.4
2023,North Carolina Courage,2023-10-07 00:00:00,19:00,Regular Season,Sat,Home,D,0,0,Wave,0,12,3,25.0,0.0,0.0,16.2,1,0,0,1.2,1.2,0.1,-1.2,-1.2,0.0,4.0,1.0,25.0,0.0,0.0,22.0,0.0,0.0,0.0,0.1,0.1,0.03,-0.1,-0.1
2023,North Carolina Courage,2023-10-15 00:00:00,17:00,Regular Season,Sun,Away,W,1,0,Spirit,1,11,3,27.3,0.09,0.33,15.5,0,0,0,1.2,1.2,0.11,-0.2,-0.2,0.0,8.0,3.0,37.5,0.0,0.0,18.3,0.0,0.0,0.0,1.0,1.0,0.14,-1.0,-1.0
2023,North Carolina Courage,2023-10-22 00:00:00,19:00,First Round,Sun,Home,L,0,2,Gotham FC,0,6,4,66.7,0.0,0.0,14.2,0,0,0,0.6,0.6,0.1,-0.6,-0.6,2.0,13.0,6.0,46.2,0.15,0.33,17.7,0.0,0.0,0.0,1.0,1.0,0.08,1.0,1.0
2023,Portland Thorns FC,2023-03-26 00:00:00,14:00 (17:00),Regular Season,Sun,Home,W,4,0,Pride,4,27,16,59.3,0.15,0.25,15.5,0,0,0,3.7,3.7,0.14,0.3,0.3,0.0,9.0,1.0,11.1,0.0,0.0,15.1,0.0,0.0,0.0,0.6,0.6,0.07,-0.6,-0.6
2023,Portland Thorns FC,2023-04-01 00:00:00,11:50 (12:50),Regular Season,Sat,Away,W,4,1,Current,4,18,7,38.9,0.17,0.43,17.7,0,1,1,2.2,1.4,0.08,1.8,1.6,1.0,10.0,2.0,20.0,0.1,0.5,15.3,1.0,0.0,0.0,1.6,1.6,0.16,-0.6,-0.6
2023,Portland Thorns FC,2023-04-14 00:00:00,19:30 (22:30),Regular Season,Fri,Home,D,1,1,Dash,1,22,5,22.7,0.05,0.2,13.6,0,0,0,2.7,2.7,0.13,-1.7,-1.7,1.0,14.0,6.0,42.9,0.07,0.17,14.1,0.0,0.0,0.0,1.4,1.4,0.1,-0.4,-0.4
2023,Portland Thorns FC,2023-04-22 00:00:00,19:30 (22:30),Regular Season,Sat,Home,W,2,0,Louisville,2,20,6,30.0,0.1,0.33,18.1,0,0,0,1.4,1.4,0.07,0.6,0.6,0.0,12.0,4.0,33.3,0.0,0.0,16.9,0.0,0.0,0.0,0.8,0.8,0.07,-0.8,-0.8
2023,Portland Thorns FC,2023-04-29 00:00:00,19:30 (22:30),Regular Season,Sat,Home,D,3,3,Angel City,3,13,5,38.5,0.15,0.4,14.1,0,1,1,2.2,1.4,0.11,0.8,0.6,2.0,14.0,2.0,14.3,0.14,1.0,16.5,0.0,0.0,0.0,1.0,1.0,0.07,1.0,1.0
2023,Portland Thorns FC,2023-05-06 00:00:00,19:00,Regular Season,Sat,Away,D,3,3,Courage,3,19,10,52.6,0.16,0.3,19.1,1,0,0,1.9,1.9,0.1,1.1,1.1,2.0,9.0,5.0,55.6,0.22,0.4,15.8,0.0,0.0,0.0,1.0,1.0,0.11,1.0,1.0
2023,Portland Thorns FC,2023-05-12 00:00:00,19:30 (20:30),Regular Season,Fri,Away,L,1,2,Dash,1,12,4,33.3,0.08,0.25,15.5,0,0,0,1.3,1.3,0.11,-0.3,-0.3,2.0,12.0,4.0,33.3,0.17,0.5,17.9,0.0,0.0,0.0,1.2,1.2,0.1,0.8,0.8
2023,Portland Thorns FC,2023-05-21 00:00:00,14:00 (17:00),Regular Season,Sun,Home,W,4,0,Red Stars,4,22,12,54.5,0.18,0.33,16.5,0,0,0,2.8,2.8,0.13,1.2,1.2,0.0,8.0,0.0,0.0,0.0,,15.9,0.0,0.0,0.0,0.7,0.7,0.08,-0.7,-0.7
2023,Portland Thorns FC,2023-05-26 00:00:00,19:00 (22:00),Regular Season,Fri,Away,D,1,1,Wave,1,28,8,28.6,0.04,0.13,17.0,0,0,0,2.1,2.1,0.07,-1.1,-1.1,1.0,15.0,5.0,33.3,0.07,0.2,16.7,0.0,0.0,0.0,1.3,1.3,0.1,-0.3,-0.3
2023,Portland Thorns FC,2023-06-03 00:00:00,17:00 (20:00),Regular Season,Sat,Away,W,2,0,Reign,2,19,6,31.6,0.11,0.33,19.0,0,0,0,2.0,2.0,0.1,0.0,0.0,0.0,16.0,4.0,25.0,0.0,0.0,19.2,0.0,0.0,0.0,1.5,1.5,0.09,-1.5,-1.5
2023,Portland Thorns FC,2023-06-11 00:00:00,19:00,Regular Season,Sun,Away,L,1,3,Pride,1,19,7,36.8,0.05,0.14,17.1,0,0,0,1.8,1.8,0.09,-0.8,-0.8,3.0,16.0,8.0,50.0,0.19,0.38,20.1,2.0,0.0,0.0,1.2,1.2,0.08,1.8,1.8
2023,Portland Thorns FC,2023-06-18 00:00:00,17:00 (18:00),Regular Season,Sun,Away,W,3,2,Red Stars,3,21,7,33.3,0.14,0.43,18.3,0,0,0,2.3,2.3,0.11,0.7,0.7,2.0,14.0,5.0,35.7,0.07,0.2,17.4,0.0,1.0,1.0,1.6,0.8,0.06,0.4,0.2
2023,Portland Thorns FC,2023-06-23 00:00:00,19:30 (22:30),Regular Season,Fri,Home,W,4,2,Spirit,4,18,7,38.9,0.22,0.57,22.0,0,0,0,1.4,1.4,0.08,2.6,2.6,2.0,13.0,3.0,23.1,0.15,0.67,15.1,0.0,0.0,0.0,1.9,1.9,0.15,0.1,0.1
2023,Portland Thorns FC,2023-07-01 00:00:00,19:00 (22:00),Regular Season,Sat,Home,L,0,1,Current,0,25,8,32.0,0.0,0.0,17.5,0,0,0,1.3,1.3,0.05,-1.3,-1.3,1.0,4.0,2.0,50.0,0.0,0.0,22.0,0.0,1.0,1.0,1.1,0.3,0.07,-0.1,-0.3
2023,Portland Thorns FC,2023-07-09 00:00:00,17:30,Regular Season,Sun,Away,L,1,2,Gotham FC,1,12,5,41.7,0.08,0.2,18.4,0,0,0,1.7,1.7,0.14,-0.7,-0.7,2.0,13.0,7.0,53.8,0.15,0.29,12.8,0.0,0.0,0.0,2.5,2.5,0.2,-0.5,-0.5
2023,Portland Thorns FC,2023-08-20 00:00:00,19:30 (22:30),Regular Season,Sun,Home,W,2,1,Courage,2,10,5,50.0,0.2,0.4,16.6,0,0,0,1.8,1.8,0.18,0.2,0.2,1.0,9.0,3.0,33.3,0.11,0.33,15.4,1.0,0.0,0.0,0.9,0.9,0.1,0.1,0.1
2023,Portland Thorns FC,2023-08-27 00:00:00,17:00,Regular Season,Sun,Away,D,1,1,Spirit,1,9,3,33.3,0.11,0.33,18.6,0,0,0,1.2,1.2,0.13,-0.2,-0.2,1.0,13.0,4.0,30.8,0.0,0.0,20.0,1.0,1.0,1.0,1.3,0.5,0.04,-0.3,-0.5
2023,Portland Thorns FC,2023-09-02 00:00:00,19:30,Regular Season,Sat,Away,L,1,2,Louisville,1,15,5,33.3,0.07,0.2,19.7,0,0,0,1.1,1.1,0.08,-0.1,-0.1,2.0,26.0,10.0,38.5,0.08,0.2,16.3,0.0,0.0,0.0,1.9,1.9,0.07,0.1,0.1
2023,Portland Thorns FC,2023-09-16 00:00:00,19:30 (22:30),Regular Season,Sat,Home,W,2,0,Reign,2,14,8,57.1,0.14,0.25,15.6,0,0,0,2.1,2.1,0.15,-0.1,-0.1,0.0,9.0,3.0,33.3,0.0,0.0,15.1,0.0,0.0,0.0,0.6,0.6,0.07,-0.6,-0.6
2023,Portland Thorns FC,2023-09-30 00:00:00,19:30 (22:30),Regular Season,Sat,Home,L,0,2,Wave,0,15,5,33.3,0.0,0.0,16.0,0,0,0,1.0,1.0,0.07,-1.0,-1.0,2.0,11.0,6.0,54.5,0.18,0.33,21.2,0.0,0.0,0.0,0.5,0.5,0.04,1.5,1.5
2023,Portland Thorns FC,2023-10-07 00:00:00,14:00 (17:00),Regular Season,Sat,Home,W,1,0,Gotham FC,1,9,3,33.3,0.11,0.33,17.8,0,0,0,0.7,0.7,0.08,0.3,0.3,0.0,7.0,3.0,42.9,0.0,0.0,20.7,0.0,0.0,0.0,0.3,0.3,0.05,-0.3,-0.3
2023,Portland Thorns FC,2023-10-15 00:00:00,14:00 (17:00),Regular Season,Sun,Away,L,1,5,Angel City,1,8,6,75.0,0.13,0.17,18.8,0,0,0,0.6,0.6,0.08,0.4,0.4,5.0,13.0,9.0,69.2,0.38,0.56,10.4,0.0,0.0,0.0,1.5,1.5,0.11,3.5,3.5
2023,Portland Thorns FC,2023-11-05 00:00:00,16:00 (19:00),Semifinals,Sun,Home,L,0,1,Gotham FC,0,11,3,27.3,0.0,0.0,19.1,0,0,0,0.6,0.6,0.05,-0.6,-0.6,1.0,13.0,3.0,23.1,0.08,0.33,19.6,1.0,0.0,0.0,0.5,0.5,0.04,0.5,0.5
2023,Racing Louisville,2023-03-26 00:00:00,18:00 (19:00),Regular Season,Sun,Away,D,0,0,Dash,0,17,5,29.4,0.0,0.0,19.8,0,0,0,1.2,1.2,0.07,-1.2,-1.2,0.0,15.0,7.0,46.7,0.0,0.0,15.8,1.0,0.0,0.0,1.3,1.3,0.09,-1.3,-1.3
2023,Racing Louisville,2023-04-01 00:00:00,15:00,Regular Season,Sat,Home,D,2,2,Spirit,2,11,5,45.5,0.18,0.4,16.6,0,0,0,0.8,0.8,0.07,1.2,1.2,2.0,11.0,5.0,45.5,0.18,0.4,16.5,1.0,0.0,0.0,2.1,2.1,0.19,-0.1,-0.1
2023,Racing Louisville,2023-04-15 00:00:00,19:00 (22:00),Regular Season,Sat,Away,D,2,2,Angel City,2,12,1,8.3,0.08,1.0,16.5,0,1,1,1.9,1.1,0.09,0.1,-0.1,2.0,25.0,6.0,24.0,0.08,0.33,16.7,0.0,0.0,0.0,1.9,1.9,0.08,0.1,0.1
2023,Racing Louisville,2023-04-22 00:00:00,19:30 (22:30),Regular Season,Sat,Away,L,0,2,Thorns,0,12,4,33.3,0.0,0.0,16.9,0,0,0,0.8,0.8,0.07,-0.8,-0.8,2.0,20.0,6.0,30.0,0.1,0.33,18.1,0.0,0.0,0.0,1.4,1.4,0.07,0.6,0.6
2023,Racing Louisville,2023-04-29 00:00:00,19:30,Regular Season,Sat,Home,D,2,2,Reign,2,16,8,50.0,0.13,0.25,19.8,1,0,0,1.2,1.2,0.08,0.8,0.8,2.0,10.0,2.0,20.0,0.1,0.5,18.9,1.0,1.0,1.0,1.5,0.7,0.07,0.5,0.3
2023,Racing Louisville,2023-05-06 00:00:00,19:00,Regular Season,Sat,Away,L,0,1,Pride,0,17,6,35.3,0.0,0.0,18.3,0,0,0,1.3,1.3,0.08,-1.3,-1.3,1.0,16.0,7.0,43.8,0.06,0.14,16.2,0.0,0.0,0.0,1.7,1.7,0.11,-0.7,-0.7
2023,Racing Louisville,2023-05-12 00:00:00,19:30,Regular Season,Fri,Home,W,3,0,Red Stars,2,14,10,71.4,0.07,0.1,16.2,1,1,2,2.1,2.1,0.15,-0.1,-1.1,0.0,12.0,4.0,33.3,0.0,0.0,19.8,1.0,0.0,0.0,0.5,0.5,0.04,-0.5,-0.5
2023,Racing Louisville,2023-05-20 00:00:00,19:00 (20:00),Regular Season,Sat,Away,W,2,0,Current,2,15,4,26.7,0.13,0.5,16.9,0,0,0,1.5,1.5,0.1,0.5,0.5,0.0,18.0,6.0,33.3,0.0,0.0,19.1,0.0,0.0,0.0,1.7,1.7,0.1,-1.7,-1.7
2023,Racing Louisville,2023-05-27 00:00:00,20:00,Regular Season,Sat,Home,L,1,2,Courage,1,17,6,35.3,0.06,0.17,15.3,0,0,0,2.3,2.3,0.14,-1.3,-1.3,2.0,13.0,5.0,38.5,0.15,0.4,17.1,0.0,0.0,0.0,0.9,0.9,0.07,1.1,1.1
2023,Racing Louisville,2023-06-03 00:00:00,20:00,Regular Season,Sat,Away,D,1,1,Spirit,1,10,2,20.0,0.0,0.0,18.9,1,1,1,1.3,0.5,0.06,-0.3,-0.5,1.0,21.0,5.0,23.8,0.05,0.2,14.0,1.0,0.0,0.0,2.6,2.6,0.13,-1.6,-1.6
2023,Racing Louisville,2023-06-09 00:00:00,20:00,Regular Season,Fri,Home,D,0,0,Wave,0,10,4,40.0,0.0,0.0,19.9,0,0,0,0.6,0.6,0.06,-0.6,-0.6,0.0,15.0,4.0,26.7,0.0,0.0,19.2,0.0,0.0,0.0,1.1,1.1,0.07,-1.1,-1.1
2023,Racing Louisville,2023-06-18 00:00:00,16:00,Regular Season,Sun,Home,W,2,0,Gotham FC,2,13,3,23.1,0.15,0.67,17.1,2,0,0,1.8,1.8,0.14,0.2,0.2,0.0,20.0,8.0,40.0,0.0,0.0,18.4,0.0,0.0,0.0,1.1,1.1,0.05,-1.1,-1.1
2023,Racing Louisville,2023-06-24 00:00:00,19:00,Regular Season,Sat,Away,L,0,1,Courage,0,10,2,20.0,0.0,0.0,16.5,0,0,0,0.6,0.6,0.06,-0.6,-0.6,1.0,12.0,2.0,16.7,0.08,0.5,16.2,0.0,0.0,0.0,1.0,1.0,0.1,0.0,0.0
2023,Racing Louisville,2023-07-01 00:00:00,12:30 (15:30),Regular Season,Sat,Away,D,2,2,Reign,2,6,3,50.0,0.17,0.33,31.7,0,1,1,0.9,0.1,0.02,1.1,0.9,2.0,12.0,4.0,33.3,0.17,0.5,20.4,0.0,0.0,0.0,0.6,0.6,0.05,1.4,1.4
2023,Racing Louisville,2023-07-07 00:00:00,20:00,Regular Season,Fri,Home,W,2,1,Current,2,27,10,37.0,0.07,0.2,19.1,0,0,0,1.7,1.7,0.06,0.3,0.3,1.0,5.0,0.0,0.0,0.0,,20.1,0.0,1.0,1.0,1.2,0.4,0.08,-0.2,-0.4
2023,Racing Louisville,2023-08-19 00:00:00,19:30,Regular Season,Sat,Home,D,1,1,Angel City,1,13,4,30.8,0.08,0.25,17.3,0,0,0,1.2,1.2,0.1,-0.2,-0.2,1.0,20.0,6.0,30.0,0.05,0.17,19.1,0.0,0.0,0.0,1.3,1.3,0.07,-0.3,-0.3
2023,Racing Louisville,2023-08-27 00:00:00,17:30,Regular Season,Sun,Away,D,0,0,Gotham FC,0,10,1,10.0,0.0,0.0,18.7,0,0,0,0.9,0.9,0.1,-0.9,-0.9,0.0,19.0,6.0,31.6,0.0,0.0,19.3,0.0,0.0,0.0,1.5,1.5,0.08,-1.5,-1.5
2023,Racing Louisville,2023-09-02 00:00:00,19:30,Regular Season,Sat,Home,W,2,1,Thorns,2,26,10,38.5,0.08,0.2,16.3,0,0,0,1.9,1.9,0.07,0.1,0.1,1.0,15.0,5.0,33.3,0.07,0.2,19.7,0.0,0.0,0.0,1.1,1.1,0.08,-0.1,-0.1
2023,Racing Louisville,2023-09-15 00:00:00,19:30,Regular Season,Fri,Home,L,0,1,Dash,0,17,6,35.3,0.0,0.0,19.3,0,0,0,1.4,1.4,0.08,-1.4,-1.4,1.0,19.0,5.0,26.3,0.05,0.2,20.3,0.0,0.0,0.0,1.2,1.2,0.06,-0.2,-0.2
2023,Racing Louisville,2023-09-30 00:00:00,19:00 (20:00),Regular Season,Sat,Away,L,0,1,Red Stars,0,22,5,22.7,0.0,0.0,19.4,1,0,0,1.4,1.4,0.07,-1.4,-1.4,1.0,14.0,3.0,21.4,0.07,0.33,18.8,0.0,0.0,0.0,0.9,0.9,0.07,0.1,0.1
2023,Racing Louisville,2023-10-06 00:00:00,19:30,Regular Season,Fri,Home,W,3,2,Pride,2,11,4,36.4,0.09,0.25,22.1,1,1,1,1.6,0.8,0.08,0.4,0.2,2.0,11.0,4.0,36.4,0.09,0.25,17.3,0.0,1.0,1.0,1.7,0.9,0.08,0.3,0.1
2023,Racing Louisville,2023-10-15 00:00:00,14:00 (17:00),Regular Season,Sun,Away,L,0,2,Wave,0,9,3,33.3,0.0,0.0,18.1,1,0,0,0.4,0.4,0.05,-0.4,-0.4,2.0,25.0,10.0,40.0,0.08,0.2,16.8,0.0,0.0,0.0,2.2,2.2,0.09,-0.2,-0.2
2023,San Diego Wave,2023-03-25 00:00:00,19:00 (22:00),Regular Season,Sat,Home,W,3,2,Red Stars,3,8,4,50.0,0.25,0.5,16.0,0,1,1,2.1,1.4,0.18,0.9,0.6,2.0,13.0,5.0,38.5,0.08,0.2,15.9,0.0,1.0,1.0,2.5,1.7,0.15,-0.5,-0.7
2023,San Diego Wave,2023-04-01 00:00:00,19:00 (22:00),Regular Season,Sat,Home,W,3,1,Courage,3,9,4,44.4,0.22,0.5,19.1,0,1,1,1.7,0.9,0.1,1.3,1.1,1.0,7.0,2.0,28.6,0.0,0.0,20.7,0.0,1.0,1.0,1.2,0.4,0.06,-0.2,-0.4
2023,San Diego Wave,2023-04-15 00:00:00,19:00 (22:00),Regular Season,Sat,Away,L,0,1,Reign,0,10,3,30.0,0.0,0.0,15.9,0,0,0,1.1,1.1,0.11,-1.1,-1.1,1.0,16.0,5.0,31.3,0.06,0.2,20.5,2.0,0.0,0.0,0.8,0.8,0.05,0.2,0.2
2023,San Diego Wave,2023-04-23 00:00:00,17:00 (20:00),Regular Season,Sun,Away,W,2,0,Angel City,2,7,3,42.9,0.29,0.67,19.1,0,0,0,0.4,0.4,0.06,1.6,1.6,0.0,17.0,2.0,11.8,0.0,0.0,17.5,0.0,0.0,0.0,0.8,0.8,0.05,-0.8,-0.8
2023,San Diego Wave,2023-04-29 00:00:00,19:00 (22:00),Regular Season,Sat,Home,L,1,3,Pride,1,17,4,23.5,0.06,0.25,16.8,1,0,0,1.3,1.3,0.08,-0.3,-0.3,3.0,14.0,6.0,42.9,0.21,0.5,20.3,1.0,0.0,0.0,0.8,0.8,0.05,2.2,2.2
2023,San Diego Wave,2023-05-06 00:00:00,13:00,Regular Season,Sat,Away,L,1,3,Spirit,1,4,3,75.0,0.25,0.33,15.7,0,0,0,0.7,0.7,0.22,0.3,0.3,3.0,15.0,10.0,66.7,0.2,0.3,18.5,0.0,0.0,0.0,2.1,2.1,0.14,0.9,0.9
2023,San Diego Wave,2023-05-14 00:00:00,17:00 (18:00),Regular Season,Sun,Away,W,2,0,Current,1,10,4,40.0,0.1,0.25,17.6,0,0,0,1.3,1.3,0.13,-0.3,-0.3,0.0,20.0,4.0,20.0,0.0,0.0,17.5,2.0,0.0,0.0,1.5,1.5,0.08,-1.5,-1.5
2023,San Diego Wave,2023-05-20 00:00:00,19:30 (20:30),Regular Season,Sat,Away,W,3,0,Dash,3,11,7,63.6,0.27,0.43,18.0,0,0,0,1.1,1.1,0.11,1.9,1.9,0.0,13.0,1.0,7.7,0.0,0.0,19.0,1.0,0.0,0.0,0.7,0.7,0.05,-0.7,-0.7
2023,San Diego Wave,2023-05-26 00:00:00,19:00 (22:00),Regular Season,Fri,Home,D,1,1,Thorns,1,15,5,33.3,0.07,0.2,16.7,0,0,0,1.3,1.3,0.1,-0.3,-0.3,1.0,28.0,8.0,28.6,0.04,0.13,17.0,0.0,0.0,0.0,2.1,2.1,0.07,-1.1,-1.1
2023,San Diego Wave,2023-06-04 00:00:00,18:00,Regular Season,Sun,Away,W,1,0,Gotham FC,1,9,3,33.3,0.11,0.33,12.1,0,0,0,1.5,1.5,0.17,-0.5,-0.5,0.0,15.0,3.0,20.0,0.0,0.0,18.9,0.0,0.0,0.0,0.8,0.8,0.05,-0.8,-0.8
2023,San Diego Wave,2023-06-09 00:00:00,20:00,Regular Season,Fri,Away,D,0,0,Louisville,0,15,4,26.7,0.0,0.0,19.2,0,0,0,1.1,1.1,0.07,-1.1,-1.1,0.0,10.0,4.0,40.0,0.0,0.0,19.9,0.0,0.0,0.0,0.6,0.6,0.06,-0.6,-0.6
2023,San Diego Wave,2023-06-17 00:00:00,13:00 (16:00),Regular Season,Sat,Home,L,1,2,Angel City,1,11,5,45.5,0.09,0.2,16.0,0,0,0,0.8,0.8,0.08,0.2,0.2,2.0,14.0,5.0,35.7,0.14,0.4,15.7,0.0,0.0,0.0,0.8,0.8,0.06,1.2,1.2
2023,San Diego Wave,2023-06-24 00:00:00,19:00 (22:00),Regular Season,Sat,Home,L,1,2,Reign,1,8,1,12.5,0.13,1.0,18.8,0,0,0,1.0,1.0,0.12,0.0,0.0,2.0,8.0,4.0,50.0,0.25,0.5,18.4,1.0,0.0,0.0,0.7,0.7,0.08,1.3,1.3
2023,San Diego Wave,2023-07-01 00:00:00,19:00 (20:00),Regular Season,Sat,Away,L,0,1,Red Stars,0,15,4,26.7,0.0,0.0,16.5,0,0,0,1.5,1.5,0.1,-1.5,-1.5,1.0,7.0,3.0,42.9,0.14,0.33,10.5,0.0,0.0,0.0,1.4,1.4,0.19,-0.4,-0.4
2023,San Diego Wave,2023-07-08 00:00:00,19:00 (22:00),Regular Season,Sat,Home,D,2,2,Spirit,2,23,9,39.1,0.09,0.22,16.7,0,0,0,1.6,1.6,0.07,0.4,0.4,1.0,9.0,2.0,22.2,0.0,0.0,19.2,1.0,1.0,1.0,1.1,0.3,0.04,-0.1,-0.3
2023,San Diego Wave,2023-08-19 00:00:00,17:00 (20:00),Regular Season,Sat,Home,W,2,1,Gotham FC,2,6,3,50.0,0.33,0.67,11.1,0,0,0,1.5,1.5,0.25,0.5,0.5,1.0,13.0,4.0,30.8,0.08,0.25,17.0,0.0,0.0,0.0,0.9,0.9,0.07,0.1,0.1
2023,San Diego Wave,2023-08-25 00:00:00,19:00,Regular Season,Fri,Away,W,2,1,Pride,2,8,5,62.5,0.25,0.4,18.8,1,0,0,0.6,0.6,0.08,1.4,1.4,1.0,17.0,6.0,35.3,0.06,0.17,18.6,0.0,0.0,0.0,1.3,1.3,0.08,-0.3,-0.3
2023,San Diego Wave,2023-09-03 00:00:00,17:00 (20:00),Regular Season,Sun,Home,W,1,0,Dash,1,32,10,31.3,0.03,0.1,15.3,1,0,0,3.6,3.6,0.12,-2.6,-2.6,0.0,6.0,0.0,0.0,0.0,,18.7,0.0,0.0,0.0,0.4,0.4,0.06,-0.4,-0.4
2023,San Diego Wave,2023-09-16 00:00:00,19:00 (22:00),Regular Season,Sat,Home,L,1,2,Current,1,15,6,40.0,0.07,0.17,13.2,0,0,0,1.7,1.7,0.12,-0.7,-0.7,2.0,5.0,2.0,40.0,0.4,1.0,19.6,0.0,0.0,0.0,0.8,0.8,0.15,1.2,1.2
2023,San Diego Wave,2023-09-30 00:00:00,19:30 (22:30),Regular Season,Sat,Away,W,2,0,Thorns,2,11,6,54.5,0.18,0.33,21.2,0,0,0,0.5,0.5,0.04,1.5,1.5,0.0,15.0,5.0,33.3,0.0,0.0,16.0,0.0,0.0,0.0,1.0,1.0,0.07,-1.0,-1.0
2023,San Diego Wave,2023-10-07 00:00:00,19:00,Regular Season,Sat,Away,D,0,0,Courage,0,4,1,25.0,0.0,0.0,22.0,0,0,0,0.1,0.1,0.03,-0.1,-0.1,0.0,12.0,3.0,25.0,0.0,0.0,16.2,1.0,0.0,0.0,1.2,1.2,0.1,-1.2,-1.2
2023,San Diego Wave,2023-10-15 00:00:00,14:00 (17:00),Regular Season,Sun,Home,W,2,0,Louisville,2,25,10,40.0,0.08,0.2,16.8,0,0,0,2.2,2.2,0.09,-0.2,-0.2,0.0,9.0,3.0,33.3,0.0,0.0,18.1,1.0,0.0,0.0,0.4,0.4,0.05,-0.4,-0.4
2023,San Diego Wave,2023-11-05 00:00:00,18:30 (21:30),Semifinals,Sun,Home,L,0,1,Reign,0,13,4,30.8,0.0,0.0,20.8,0,0,0,0.6,0.6,0.05,-0.6,-0.6,1.0,9.0,5.0,55.6,0.11,0.2,20.7,0.0,0.0,0.0,0.5,0.5,0.06,0.5,0.5
2023,Seattle Reign FC,2023-03-26 00:00:00,16:00,Regular Season,Sun,Away,L,0,1,Spirit,0,16,4,25.0,0.0,0.0,15.5,0,0,0,2.2,2.2,0.14,-2.2,-2.2,1.0,12.0,4.0,33.3,0.08,0.25,20.5,1.0,0.0,0.0,0.7,0.7,0.06,0.3,0.3
2023,Seattle Reign FC,2023-04-01 00:00:00,19:30,Regular Season,Sat,Away,W,2,0,Gotham FC,2,9,5,55.6,0.22,0.4,19.5,0,0,0,1.7,1.7,0.19,0.3,0.3,0.0,10.0,0.0,0.0,0.0,,17.9,0.0,0.0,0.0,0.5,0.5,0.05,-0.5,-0.5
2023,Seattle Reign FC,2023-04-15 00:00:00,19:00 (22:00),Regular Season,Sat,Home,W,1,0,Wave,1,16,5,31.3,0.06,0.2,20.5,2,0,0,0.8,0.8,0.05,0.2,0.2,0.0,10.0,3.0,30.0,0.0,0.0,15.9,0.0,0.0,0.0,1.1,1.1,0.11,-1.1,-1.1
2023,Seattle Reign FC,2023-04-22 00:00:00,12:30 (15:30),Regular Season,Sat,Home,W,5,2,Red Stars,4,14,4,28.6,0.29,1.0,15.7,0,0,0,1.1,1.1,0.08,2.9,2.9,2.0,10.0,5.0,50.0,0.2,0.4,18.0,0.0,0.0,0.0,0.7,0.7,0.07,1.3,1.3
2023,Seattle Reign FC,2023-04-29 00:00:00,19:30,Regular Season,Sat,Away,D,2,2,Louisville,2,10,2,20.0,0.1,0.5,18.9,1,1,1,1.5,0.7,0.07,0.5,0.3,2.0,16.0,8.0,50.0,0.13,0.25,19.8,1.0,0.0,0.0,1.2,1.2,0.08,0.8,0.8
2023,Seattle Reign FC,2023-05-06 00:00:00,19:00 (22:00),Regular Season,Sat,Home,W,2,0,Dash,2,12,4,33.3,0.17,0.5,15.7,1,0,0,1.1,1.1,0.09,0.9,0.9,0.0,7.0,3.0,42.9,0.0,0.0,18.4,0.0,0.0,0.0,0.4,0.4,0.06,-0.4,-0.4
2023,Seattle Reign FC,2023-05-14 00:00:00,15:00,Regular Season,Sun,Away,L,0,1,Courage,0,9,2,22.2,0.0,0.0,16.9,1,0,0,0.9,0.9,0.1,-0.9,-0.9,1.0,9.0,3.0,33.3,0.11,0.33,17.5,0.0,0.0,0.0,0.9,0.9,0.1,0.1,0.1
2023,Seattle Reign FC,2023-05-21 00:00:00,15:00 (18:00),Regular Season,Sun,Home,L,1,4,Gotham FC,1,10,4,40.0,0.1,0.25,16.6,0,0,0,1.3,1.3,0.13,-0.3,-0.3,4.0,14.0,7.0,50.0,0.29,0.57,17.8,0.0,0.0,0.0,1.9,1.9,0.14,2.1,2.1
2023,Seattle Reign FC,2023-05-27 00:00:00,12:30 (15:30),Regular Season,Sat,Home,W,4,1,Angel City,4,25,11,44.0,0.16,0.36,17.2,0,0,0,2.7,2.7,0.11,1.3,1.3,1.0,7.0,2.0,28.6,0.14,0.5,16.9,0.0,0.0,0.0,0.5,0.5,0.08,0.5,0.5
2023,Seattle Reign FC,2023-06-03 00:00:00,17:00 (20:00),Regular Season,Sat,Home,L,0,2,Thorns,0,16,4,25.0,0.0,0.0,19.2,0,0,0,1.5,1.5,0.09,-1.5,-1.5,2.0,19.0,6.0,31.6,0.11,0.33,19.0,0.0,0.0,0.0,2.0,2.0,0.1,0.0,0.0
2023,Seattle Reign FC,2023-06-10 00:00:00,19:00 (22:00),Regular Season,Sat,Home,W,2,1,Current,2,10,4,40.0,0.1,0.25,17.1,0,1,1,2.0,1.3,0.13,0.0,-0.3,1.0,6.0,3.0,50.0,0.17,0.33,13.9,0.0,0.0,0.0,0.6,0.6,0.1,0.4,0.4
2023,Seattle Reign FC,2023-06-17 00:00:00,19:30 (20:30),Regular Season,Sat,Away,D,0,0,Dash,0,8,1,12.5,0.0,0.0,18.4,0,0,0,0.9,0.9,0.11,-0.9,-0.9,0.0,18.0,5.0,27.8,0.0,0.0,14.5,1.0,0.0,0.0,1.6,1.6,0.09,-1.6,-1.6
2023,Seattle Reign FC,2023-06-24 00:00:00,19:00 (22:00),Regular Season,Sat,Away,W,2,1,Wave,2,8,4,50.0,0.25,0.5,18.4,1,0,0,0.7,0.7,0.08,1.3,1.3,1.0,8.0,1.0,12.5,0.13,1.0,18.8,0.0,0.0,0.0,1.0,1.0,0.12,0.0,0.0
2023,Seattle Reign FC,2023-07-01 00:00:00,12:30 (15:30),Regular Season,Sat,Home,D,2,2,Louisville,2,12,4,33.3,0.17,0.5,20.4,0,0,0,0.6,0.6,0.05,1.4,1.4,2.0,6.0,3.0,50.0,0.17,0.33,31.7,0.0,1.0,1.0,0.9,0.1,0.02,1.1,0.9
2023,Seattle Reign FC,2023-07-07 00:00:00,19:00,Regular Season,Fri,Away,L,0,1,Pride,0,5,2,40.0,0.0,0.0,18.4,0,0,0,0.3,0.3,0.06,-0.3,-0.3,1.0,16.0,6.0,37.5,0.06,0.17,18.9,0.0,0.0,0.0,1.7,1.7,0.11,-0.7,-0.7
2023,Seattle Reign FC,2023-08-18 00:00:00,19:00 (20:00),Regular Season,Fri,Away,L,0,1,Current,0,8,3,37.5,0.0,0.0,20.8,1,0,1,1.6,0.8,0.1,-1.6,-0.8,1.0,13.0,4.0,30.8,0.08,0.25,16.9,0.0,0.0,0.0,1.2,1.2,0.09,-0.2,-0.2
2023,Seattle Reign FC,2023-08-27 00:00:00,17:00 (20:00),Regular Season,Sun,Away,L,1,2,Angel City,1,13,3,23.1,0.0,0.0,18.5,0,1,1,1.6,0.8,0.06,-0.6,-0.8,2.0,5.0,3.0,60.0,0.4,0.67,14.8,0.0,0.0,0.0,1.1,1.1,0.23,0.9,0.9
2023,Seattle Reign FC,2023-09-03 00:00:00,15:00 (18:00),Regular Season,Sun,Home,W,1,0,Pride,1,18,7,38.9,0.06,0.14,16.0,1,0,0,1.3,1.3,0.07,-0.3,-0.3,0.0,4.0,1.0,25.0,0.0,0.0,16.8,0.0,0.0,0.0,0.3,0.3,0.08,-0.3,-0.3
2023,Seattle Reign FC,2023-09-16 00:00:00,19:30 (22:30),Regular Season,Sat,Away,L,0,2,Thorns,0,9,3,33.3,0.0,0.0,15.1,0,0,0,0.6,0.6,0.07,-0.6,-0.6,2.0,14.0,8.0,57.1,0.14,0.25,15.6,0.0,0.0,0.0,2.1,2.1,0.15,-0.1,-0.1
2023,Seattle Reign FC,2023-10-01 00:00:00,17:00 (20:00),Regular Season,Sun,Home,D,1,1,Courage,1,5,2,40.0,0.2,0.5,21.8,0,0,0,0.6,0.6,0.11,0.4,0.4,1.0,25.0,8.0,32.0,0.04,0.13,18.3,1.0,0.0,0.0,2.8,2.8,0.11,-1.8,-1.8
2023,Seattle Reign FC,2023-10-06 00:00:00,17:00 (20:00),Regular Season,Fri,Home,D,0,0,Spirit,0,12,3,25.0,0.0,0.0,17.4,0,0,0,0.8,0.8,0.06,-0.8,-0.8,0.0,16.0,5.0,31.3,0.0,0.0,17.3,0.0,0.0,0.0,1.7,1.7,0.11,-1.7,-1.7
2023,Seattle Reign FC,2023-10-15 00:00:00,16:00 (17:00),Regular Season,Sun,Away,W,3,0,Red Stars,3,14,6,42.9,0.21,0.5,15.7,1,0,0,1.9,1.9,0.14,1.1,1.1,0.0,7.0,1.0,14.3,0.0,0.0,14.4,1.0,0.0,0.0,0.3,0.3,0.04,-0.3,-0.3
2023,Seattle Reign FC,2023-10-20 00:00:00,19:00 (22:00),First Round,Fri,Home,W,1,0,Angel City,1,9,4,44.4,0.11,0.25,23.0,1,0,0,0.6,0.6,0.06,0.4,0.4,0.0,4.0,0.0,0.0,0.0,,14.0,0.0,0.0,0.0,0.2,0.2,0.04,-0.2,-0.2
2023,Seattle Reign FC,2023-11-05 00:00:00,18:30 (21:30),Semifinals,Sun,Away,W,1,0,Wave,1,9,5,55.6,0.11,0.2,20.7,0,0,0,0.5,0.5,0.06,0.5,0.5,0.0,13.0,4.0,30.8,0.0,0.0,20.8,0.0,0.0,0.0,0.6,0.6,0.05,-0.6,-0.6
2023,Seattle Reign FC,2023-11-11 00:00:00,17:00 (20:00),Final,Sat,Home,L,1,2,Gotham FC,1,8,2,25.0,0.13,0.5,19.8,1,0,0,1.9,1.9,0.24,-0.9,-0.9,2.0,9.0,2.0,22.2,0.22,1.0,13.8,0.0,0.0,0.0,1.5,1.5,0.17,0.5,0.5
2023,Washington Spirit,2023-03-26 00:00:00,16:00,Regular Season,Sun,Home,W,1,0,Reign,1,12,4,33.3,0.08,0.25,20.5,1,0,0,0.7,0.7,0.06,0.3,0.3,0.0,16.0,4.0,25.0,0.0,0.0,15.5,0.0,0.0,0.0,2.2,2.2,0.14,-2.2,-2.2
2023,Washington Spirit,2023-04-01 00:00:00,15:00,Regular Season,Sat,Away,D,2,2,Louisville,2,11,5,45.5,0.18,0.4,16.5,1,0,0,2.1,2.1,0.19,-0.1,-0.1,2.0,11.0,5.0,45.5,0.18,0.4,16.6,0.0,0.0,0.0,0.8,0.8,0.07,1.2,1.2
2023,Washington Spirit,2023-04-15 00:00:00,19:00,Regular Season,Sat,Away,W,2,1,Courage,2,8,3,37.5,0.13,0.33,19.6,1,1,1,1.4,0.6,0.07,0.6,0.4,1.0,16.0,2.0,12.5,0.0,0.0,22.0,0.0,1.0,1.0,1.7,0.9,0.06,-0.7,-0.9
2023,Washington Spirit,2023-04-22 00:00:00,19:00,Regular Season,Sat,Home,D,0,0,Dash,0,11,4,36.4,0.0,0.0,18.1,0,0,0,0.8,0.8,0.07,-0.8,-0.8,0.0,10.0,5.0,50.0,0.0,0.0,21.3,1.0,0.0,0.0,0.4,0.4,0.04,-0.4,-0.4
2023,Washington Spirit,2023-04-29 00:00:00,19:00 (20:00),Regular Season,Sat,Away,D,1,1,Red Stars,1,22,5,22.7,0.0,0.0,16.0,0,1,1,3.1,2.4,0.11,-2.1,-2.4,1.0,10.0,3.0,30.0,0.1,0.33,21.3,1.0,0.0,0.0,1.2,1.2,0.12,-0.2,-0.2
2023,Washington Spirit,2023-05-06 00:00:00,13:00,Regular Season,Sat,Home,W,3,1,Wave,3,15,10,66.7,0.2,0.3,18.5,0,0,0,2.1,2.1,0.14,0.9,0.9,1.0,4.0,3.0,75.0,0.25,0.33,15.7,0.0,0.0,0.0,0.7,0.7,0.22,0.3,0.3
2023,Washington Spirit,2023-05-13 00:00:00,19:00 (22:00),Regular Season,Sat,Away,W,1,0,Angel City,1,12,2,16.7,0.0,0.0,18.3,0,1,1,1.7,0.9,0.08,-0.7,-0.9,0.0,9.0,2.0,22.2,0.0,0.0,15.8,0.0,0.0,0.0,0.5,0.5,0.06,-0.5,-0.5
2023,Washington Spirit,2023-05-20 00:00:00,19:00,Regular Season,Sat,Away,L,1,2,Pride,1,9,6,66.7,0.11,0.17,19.9,0,0,0,0.6,0.6,0.07,0.4,0.4,2.0,13.0,3.0,23.1,0.08,0.33,19.0,1.0,1.0,1.0,1.6,0.8,0.06,0.4,0.2
2023,Washington Spirit,2023-05-28 00:00:00,17:00,Regular Season,Sun,Home,D,1,1,Gotham FC,1,7,4,57.1,0.14,0.25,15.9,0,0,0,0.7,0.7,0.1,0.3,0.3,1.0,13.0,2.0,15.4,0.08,0.5,21.4,1.0,0.0,0.0,0.9,0.9,0.07,0.1,0.1
2023,Washington Spirit,2023-06-03 00:00:00,20:00,Regular Season,Sat,Home,D,1,1,Louisville,1,21,5,23.8,0.05,0.2,14.0,1,0,0,2.6,2.6,0.13,-1.6,-1.6,1.0,10.0,2.0,20.0,0.0,0.0,18.9,1.0,1.0,1.0,1.3,0.5,0.06,-0.3,-0.5
2023,Washington Spirit,2023-06-10 00:00:00,19:00,Regular Season,Sat,Home,W,2,1,Angel City,2,14,9,64.3,0.14,0.22,15.9,0,0,0,2.0,2.0,0.15,0.0,0.0,1.0,19.0,4.0,21.1,0.05,0.25,13.0,1.0,0.0,0.0,2.2,2.2,0.12,-1.2,-1.2
2023,Washington Spirit,2023-06-18 00:00:00,18:00 (19:00),Regular Season,Sun,Away,W,3,2,Current,3,11,3,27.3,0.27,1.0,19.6,1,0,0,1.2,1.2,0.11,1.8,1.8,2.0,15.0,7.0,46.7,0.07,0.14,18.4,0.0,1.0,1.0,2.4,1.7,0.11,-0.4,-0.7
2023,Washington Spirit,2023-06-23 00:00:00,19:30 (22:30),Regular Season,Fri,Away,L,2,4,Thorns,2,13,3,23.1,0.15,0.67,15.1,0,0,0,1.9,1.9,0.15,0.1,0.1,4.0,18.0,7.0,38.9,0.22,0.57,22.0,0.0,0.0,0.0,1.4,1.4,0.08,2.6,2.6
2023,Washington Spirit,2023-07-01 00:00:00,19:00,Regular Season,Sat,Home,L,0,3,Pride,0,9,2,22.2,0.0,0.0,16.8,0,0,0,0.7,0.7,0.08,-0.7,-0.7,2.0,12.0,4.0,33.3,0.17,0.5,13.8,1.0,0.0,0.0,1.2,1.2,0.11,0.8,0.8
2023,Washington Spirit,2023-07-08 00:00:00,19:00 (22:00),Regular Season,Sat,Away,D,2,2,Wave,1,9,2,22.2,0.0,0.0,19.2,1,1,1,1.1,0.3,0.04,-0.1,-0.3,2.0,23.0,9.0,39.1,0.09,0.22,16.7,0.0,0.0,0.0,1.6,1.6,0.07,0.4,0.4
2023,Washington Spirit,2023-08-19 00:00:00,19:30 (20:30),Regular Season,Sat,Away,D,1,1,Dash,1,8,3,37.5,0.13,0.33,18.8,0,0,0,0.8,0.8,0.11,0.2,0.2,1.0,21.0,8.0,38.1,0.05,0.13,20.0,0.0,0.0,0.0,0.9,0.9,0.04,0.1,0.1
2023,Washington Spirit,2023-08-27 00:00:00,17:00,Regular Season,Sun,Home,D,1,1,Thorns,1,13,4,30.8,0.0,0.0,20.0,1,1,1,1.3,0.5,0.04,-0.3,-0.5,1.0,9.0,3.0,33.3,0.11,0.33,18.6,0.0,0.0,0.0,1.2,1.2,0.13,-0.2,-0.2
2023,Washington Spirit,2023-09-03 00:00:00,17:00,Regular Season,Sun,Home,L,0,2,Red Stars,0,21,8,38.1,0.0,0.0,13.3,0,0,0,2.6,2.6,0.14,-2.6,-2.6,2.0,5.0,2.0,40.0,0.4,1.0,12.1,0.0,0.0,0.0,1.3,1.3,0.27,0.7,0.7
2023,Washington Spirit,2023-09-16 00:00:00,19:30,Regular Season,Sat,Away,L,0,2,Gotham FC,0,8,2,25.0,0.0,0.0,13.5,0,0,0,1.2,1.2,0.15,-1.2,-1.2,2.0,17.0,4.0,23.5,0.12,0.5,16.8,0.0,0.0,0.0,1.8,1.8,0.11,0.2,0.2
2023,Washington Spirit,2023-09-30 00:00:00,19:00,Regular Season,Sat,Home,W,2,1,Current,2,18,3,16.7,0.11,0.67,17.5,0,0,0,1.7,1.7,0.09,0.3,0.3,1.0,5.0,3.0,60.0,0.0,0.0,19.3,0.0,1.0,1.0,1.1,0.3,0.06,-0.1,-0.3
2023,Washington Spirit,2023-10-06 00:00:00,17:00 (20:00),Regular Season,Fri,Away,D,0,0,Reign,0,16,5,31.3,0.0,0.0,17.3,0,0,0,1.7,1.7,0.11,-1.7,-1.7,0.0,12.0,3.0,25.0,0.0,0.0,17.4,0.0,0.0,0.0,0.8,0.8,0.06,-0.8,-0.8
2023,Washington Spirit,2023-10-15 00:00:00,17:00,Regular Season,Sun,Home,L,0,1,Courage,0,8,3,37.5,0.0,0.0,18.3,0,0,0,1.0,1.0,0.14,-1.0,-1.0,1.0,11.0,3.0,27.3,0.09,0.33,15.5,0.0,0.0,0.0,1.2,1.2,0.11,-0.2,-0.2
2023,Orlando Pride,2023-03-26 00:00:00,14:00 (17:00),Regular Season,Sun,Away,L,0,4,Thorns,0,9,1,11.1,0.0,0.0,15.1,0,0,0,0.6,0.6,0.07,-0.6,-0.6,4.0,27.0,16.0,59.3,0.15,0.25,15.5,0.0,0.0,0.0,3.7,3.7,0.14,0.3,0.3
2023,Orlando Pride,2023-04-02 00:00:00,17:30,Regular Season,Sun,Home,L,1,2,Angel City,1,12,3,25.0,0.08,0.33,17.2,0,0,0,1.4,1.4,0.12,-0.4,-0.4,2.0,12.0,4.0,33.3,0.08,0.25,16.6,1.0,1.0,2.0,2.6,1.2,0.1,-0.6,-0.2
2023,Orlando Pride,2023-04-15 00:00:00,19:00,Regular Season,Sat,Home,L,0,2,Gotham FC,0,11,5,45.5,0.0,0.0,20.4,0,0,0,0.7,0.7,0.06,-0.7,-0.7,2.0,19.0,4.0,21.1,0.05,0.25,18.2,1.0,1.0,1.0,2.2,1.4,0.08,-0.2,-0.4
2023,Orlando Pride,2023-04-23 00:00:00,16:00 (17:00),Regular Season,Sun,Away,L,0,2,Current,0,14,1,7.1,0.0,0.0,16.9,0,0,0,1.1,1.1,0.08,-1.1,-1.1,2.0,11.0,5.0,45.5,0.18,0.4,18.2,0.0,0.0,0.0,1.4,1.4,0.13,0.6,0.6
2023,Orlando Pride,2023-04-29 00:00:00,19:00 (22:00),Regular Season,Sat,Away,W,3,1,Wave,3,14,6,42.9,0.21,0.5,20.3,1,0,0,0.8,0.8,0.05,2.2,2.2,1.0,17.0,4.0,23.5,0.06,0.25,16.8,1.0,0.0,0.0,1.3,1.3,0.08,-0.3,-0.3
2023,Orlando Pride,2023-05-06 00:00:00,19:00,Regular Season,Sat,Home,W,1,0,Louisville,1,16,7,43.8,0.06,0.14,16.2,0,0,0,1.7,1.7,0.11,-0.7,-0.7,0.0,17.0,6.0,35.3,0.0,0.0,18.3,0.0,0.0,0.0,1.3,1.3,0.08,-1.3,-1.3
2023,Orlando Pride,2023-05-14 00:00:00,17:30,Regular Season,Sun,Away,D,0,0,Gotham FC,0,12,6,50.0,0.0,0.0,16.3,0,0,0,1.3,1.3,0.11,-1.3,-1.3,0.0,6.0,1.0,16.7,0.0,0.0,19.3,1.0,0.0,0.0,0.4,0.4,0.07,-0.4,-0.4
2023,Orlando Pride,2023-05-20 00:00:00,19:00,Regular Season,Sat,Home,W,2,1,Spirit,2,13,3,23.1,0.08,0.33,19.0,1,1,1,1.6,0.8,0.06,0.4,0.2,1.0,9.0,6.0,66.7,0.11,0.17,19.9,0.0,0.0,0.0,0.6,0.6,0.07,0.4,0.4
2023,Orlando Pride,2023-05-27 00:00:00,19:00 (20:00),Regular Season,Sat,Away,L,0,1,Red Stars,0,21,6,28.6,0.0,0.0,14.7,0,0,0,2.3,2.3,0.12,-2.3,-2.3,1.0,2.0,2.0,100.0,0.5,0.5,10.4,0.0,0.0,0.0,0.5,0.5,0.25,0.5,0.5
2023,Orlando Pride,2023-06-03 00:00:00,19:30 (20:30),Regular Season,Sat,Away,L,0,2,Dash,0,14,6,42.9,0.0,0.0,14.6,0,0,0,1.4,1.4,0.1,-1.4,-1.4,2.0,13.0,8.0,61.5,0.15,0.25,15.1,0.0,0.0,0.0,1.2,1.2,0.09,0.8,0.8
2023,Orlando Pride,2023-06-11 00:00:00,19:00,Regular Season,Sun,Home,W,3,1,Thorns,3,16,8,50.0,0.19,0.38,20.1,2,0,0,1.2,1.2,0.08,1.8,1.8,1.0,19.0,7.0,36.8,0.05,0.14,17.1,0.0,0.0,0.0,1.8,1.8,0.09,-0.8,-0.8
2023,Orlando Pride,2023-06-17 00:00:00,19:00,Regular Season,Sat,Away,L,0,3,Courage,0,12,1,8.3,0.0,0.0,16.5,1,0,0,0.8,0.8,0.07,-0.8,-0.8,2.0,16.0,6.0,37.5,0.13,0.33,16.9,0.0,0.0,0.0,1.7,1.7,0.11,0.3,0.3
2023,Orlando Pride,2023-06-24 00:00:00,19:00,Regular Season,Sat,Home,L,1,2,Current,1,13,5,38.5,0.0,0.0,20.0,0,1,1,1.9,1.2,0.09,-0.9,-1.2,2.0,10.0,6.0,60.0,0.2,0.33,16.9,1.0,0.0,0.0,1.2,1.2,0.12,0.8,0.8
2023,Orlando Pride,2023-07-01 00:00:00,19:00,Regular Season,Sat,Away,W,3,0,Spirit,2,12,4,33.3,0.17,0.5,13.8,1,0,0,1.2,1.2,0.11,0.8,0.8,0.0,9.0,2.0,22.2,0.0,0.0,16.8,0.0,0.0,0.0,0.7,0.7,0.08,-0.7,-0.7
2023,Orlando Pride,2023-07-07 00:00:00,19:00,Regular Season,Fri,Home,W,1,0,Reign,1,16,6,37.5,0.06,0.17,18.9,0,0,0,1.7,1.7,0.11,-0.7,-0.7,0.0,5.0,2.0,40.0,0.0,0.0,18.4,0.0,0.0,0.0,0.3,0.3,0.06,-0.3,-0.3
2023,Orlando Pride,2023-08-20 00:00:00,19:00,Regular Season,Sun,Home,W,5,0,Red Stars,5,13,7,53.8,0.38,0.71,13.8,0,0,0,2.6,2.6,0.2,2.4,2.4,0.0,9.0,1.0,11.1,0.0,0.0,22.0,0.0,0.0,0.0,0.5,0.5,0.05,-0.5,-0.5
2023,Orlando Pride,2023-08-25 00:00:00,19:00,Regular Season,Fri,Home,L,1,2,Wave,1,17,6,35.3,0.06,0.17,18.6,0,0,0,1.3,1.3,0.08,-0.3,-0.3,2.0,8.0,5.0,62.5,0.25,0.4,18.8,1.0,0.0,0.0,0.6,0.6,0.08,1.4,1.4
2023,Orlando Pride,2023-09-03 00:00:00,15:00 (18:00),Regular Season,Sun,Away,L,0,1,Reign,0,4,1,25.0,0.0,0.0,16.8,0,0,0,0.3,0.3,0.08,-0.3,-0.3,1.0,18.0,7.0,38.9,0.06,0.14,16.0,1.0,0.0,0.0,1.3,1.3,0.07,-0.3,-0.3
2023,Orlando Pride,2023-09-17 00:00:00,19:00,Regular Season,Sun,Home,W,2,1,Courage,2,11,3,27.3,0.18,0.67,15.7,0,0,0,1.8,1.8,0.16,0.2,0.2,1.0,10.0,2.0,20.0,0.1,0.5,16.2,0.0,0.0,0.0,0.8,0.8,0.08,0.2,0.2
2023,Orlando Pride,2023-10-02 00:00:00,19:00 (22:00),Regular Season,Mon,Away,W,1,0,Angel City,1,8,4,50.0,0.13,0.25,18.4,0,0,0,0.6,0.6,0.07,0.4,0.4,0.0,23.0,7.0,30.4,0.0,0.0,15.4,0.0,0.0,0.0,2.1,2.1,0.09,-2.1,-2.1
2023,Orlando Pride,2023-10-06 00:00:00,19:30,Regular Season,Fri,Away,L,2,3,Louisville,2,11,4,36.4,0.09,0.25,17.3,0,1,1,1.7,0.9,0.08,0.3,0.1,2.0,11.0,4.0,36.4,0.09,0.25,22.1,1.0,1.0,1.0,1.6,0.8,0.08,0.4,0.2
2023,Orlando Pride,2023-10-15 00:00:00,17:00,Regular Season,Sun,Home,W,1,0,Dash,1,18,5,27.8,0.0,0.0,14.1,0,1,1,2.7,2.0,0.11,-1.7,-2.0,0.0,11.0,2.0,18.2,0.0,0.0,17.4,0.0,0.0,0.0,1.1,1.1,0.1,-1.1,-1.1
2021,Chicago Stars,2021-05-16 00:00:00,16:00 (19:00),Regular Season,Sun,Away,L,0,5,Thorns,0,4,1,25.0,0.0,0.0,16.4,0,0,0,0.2,0.2,0.06,-0.2,-0.2,4.0,21.0,9.0,42.9,0.14,0.33,15.5,0.0,1.0,1.0,3.6,2.8,0.14,0.4,0.2
2021,Chicago Stars,2021-05-22 00:00:00,19:00 (20:00),Regular Season,Sat,Home,D,0,0,Gotham FC,0,13,5,38.5,0.0,0.0,14.9,0,0,0,1.2,1.2,0.09,-1.2,-1.2,0.0,7.0,0.0,0.0,0.0,,18.0,0.0,0.0,0.0,0.3,0.3,0.05,-0.3,-0.3
2021,Chicago Stars,2021-05-26 00:00:00,19:00 (20:00),Regular Season,Wed,Away,W,2,0,Kansas City,2,19,7,36.8,0.11,0.29,17.1,0,0,0,1.2,1.2,0.07,0.8,0.8,0.0,11.0,3.0,27.3,0.0,0.0,13.4,0.0,0.0,0.0,1.7,1.7,0.18,-1.7,-1.7
2021,Chicago Stars,2021-05-29 00:00:00,18:30 (19:30),Regular Season,Sat,Away,L,1,2,Dash,1,14,4,28.6,0.07,0.25,14.2,0,0,0,1.3,1.3,0.09,-0.3,-0.3,2.0,8.0,3.0,37.5,0.25,0.67,15.8,0.0,0.0,0.0,1.4,1.4,0.17,0.6,0.6
2021,Chicago Stars,2021-06-05 00:00:00,13:00 (14:00),Regular Season,Sat,Home,W,1,0,Courage,1,15,8,53.3,0.07,0.13,15.2,0,0,0,1.9,1.9,0.14,-0.9,-0.9,0.0,10.0,1.0,10.0,0.0,0.0,13.2,0.0,0.0,0.0,0.6,0.6,0.06,-0.6,-0.6
2021,Chicago Stars,2021-06-19 00:00:00,19:00 (20:00),Regular Season,Sat,Home,D,1,1,Spirit,1,16,3,18.8,0.0,0.0,19.6,0,1,1,1.7,0.9,0.06,-0.7,-0.9,1.0,7.0,4.0,57.1,0.14,0.25,16.6,0.0,0.0,0.0,1.1,1.1,0.16,-0.1,-0.1
2021,Chicago Stars,2021-06-22 00:00:00,19:00 (22:00),Regular Season,Tue,Away,L,0,2,Reign,0,9,2,22.2,0.0,0.0,21.6,0,0,0,0.6,0.6,0.07,-0.6,-0.6,2.0,18.0,7.0,38.9,0.11,0.29,16.5,0.0,0.0,0.0,2.4,2.4,0.13,-0.4,-0.4
2021,Chicago Stars,2021-06-26 00:00:00,15:25 (16:25),Regular Season,Sat,Home,L,0,3,Louisville,0,17,3,17.6,0.0,0.0,17.3,1,0,0,1.7,1.7,0.1,-1.7,-1.7,3.0,11.0,5.0,45.5,0.27,0.6,16.1,0.0,0.0,0.0,1.4,1.4,0.12,1.6,1.6
2021,Chicago Stars,2021-07-02 00:00:00,19:30,Regular Season,Fri,Away,W,1,0,Spirit,0,8,2,25.0,0.0,0.0,17.7,0,0,0,0.5,0.5,0.06,-0.5,-0.5,0.0,13.0,1.0,7.7,0.0,0.0,23.2,0.0,0.0,0.0,0.5,0.5,0.04,-0.5,-0.5
2021,Chicago Stars,2021-07-11 00:00:00,17:00 (18:00),Regular Season,Sun,Home,W,2,1,Dash,0,7,0,0.0,0.0,,18.2,0,0,0,0.3,0.3,0.05,-0.3,-0.3,1.0,5.0,2.0,40.0,0.2,0.5,22.4,0.0,0.0,0.0,0.2,0.2,0.05,0.8,0.8
2021,Chicago Stars,2021-07-18 00:00:00,17:00 (18:00),Regular Season,Sun,Home,W,3,1,Reign,1,6,2,33.3,0.17,0.5,16.5,1,0,0,0.4,0.4,0.06,0.6,0.6,1.0,12.0,4.0,33.3,0.08,0.25,16.9,0.0,0.0,0.0,1.2,1.2,0.1,-0.2,-0.2
2021,Chicago Stars,2021-07-25 00:00:00,17:00,Regular Season,Sun,Away,L,1,2,Gotham FC,1,12,3,25.0,0.08,0.33,14.7,0,0,0,1.2,1.2,0.1,-0.2,-0.2,2.0,5.0,4.0,80.0,0.2,0.25,22.8,1.0,1.0,1.0,1.4,0.6,0.12,0.6,0.4
2021,Chicago Stars,2021-08-01 00:00:00,17:00 (18:00),Regular Season,Sun,Home,W,3,1,Spirit,3,11,5,45.5,0.18,0.4,19.2,2,1,1,2.6,1.9,0.19,0.4,0.1,1.0,14.0,5.0,35.7,0.07,0.2,12.7,1.0,0.0,0.0,1.7,1.7,0.12,-0.7,-0.7
2021,Chicago Stars,2021-08-08 00:00:00,17:00 (18:00),Regular Season,Sun,Home,L,0,2,Pride,0,14,3,21.4,0.0,0.0,17.6,0,0,0,1.5,1.5,0.11,-1.5,-1.5,2.0,8.0,5.0,62.5,0.25,0.4,19.2,0.0,0.0,0.0,1.2,1.2,0.14,0.8,0.8
2021,Chicago Stars,2021-08-15 00:00:00,18:00,Regular Season,Sun,Away,L,0,1,Courage,0,21,4,19.0,0.0,0.0,18.0,1,0,0,1.0,1.0,0.05,-1.0,-1.0,1.0,15.0,4.0,26.7,0.0,0.0,15.6,0.0,1.0,1.0,2.2,1.4,0.1,-1.2,-1.4
2021,Chicago Stars,2021-08-18 00:00:00,19:30,Regular Season,Wed,Away,D,1,1,Louisville,1,20,7,35.0,0.05,0.14,15.2,0,0,0,2.3,2.3,0.12,-1.3,-1.3,1.0,7.0,1.0,14.3,0.14,1.0,17.0,0.0,0.0,0.0,0.8,0.8,0.12,0.2,0.2
2021,Chicago Stars,2021-08-28 00:00:00,19:00 (20:00),Regular Season,Sat,Home,W,3,0,Kansas City,3,14,7,50.0,0.21,0.43,10.0,0,0,0,3.2,3.2,0.23,-0.2,-0.2,0.0,13.0,5.0,38.5,0.0,0.0,18.6,0.0,0.0,0.0,0.6,0.6,0.05,-0.6,-0.6
2021,Chicago Stars,2021-09-04 00:00:00,19:00,Regular Season,Sat,Away,D,0,0,Gotham FC,0,18,5,27.8,0.0,0.0,15.1,0,0,0,2.2,2.2,0.12,-2.2,-2.2,0.0,10.0,0.0,0.0,0.0,,13.8,0.0,0.0,0.0,1.1,1.1,0.11,-1.1,-1.1
2021,Chicago Stars,2021-09-10 00:00:00,19:30 (20:30),Regular Season,Fri,Away,D,1,1,Dash,1,11,5,45.5,0.09,0.2,13.8,1,0,0,2.0,2.0,0.19,-1.0,-1.0,1.0,12.0,2.0,16.7,0.08,0.5,17.4,0.0,0.0,0.0,1.0,1.0,0.09,0.0,0.0
2021,Chicago Stars,2021-09-25 00:00:00,19:00 (20:00),Regular Season,Sat,Home,W,2,1,Thorns,2,15,8,53.3,0.13,0.25,13.3,0,0,0,1.5,1.5,0.1,0.5,0.5,1.0,14.0,2.0,14.3,0.07,0.5,17.8,1.0,0.0,0.0,0.7,0.7,0.05,0.3,0.3
2021,Chicago Stars,2021-10-10 00:00:00,16:00 (19:00),Regular Season,Sun,Away,L,2,3,Reign,2,17,9,52.9,0.12,0.22,19.5,0,0,0,1.7,1.7,0.1,0.3,0.3,3.0,20.0,6.0,30.0,0.15,0.5,19.3,1.0,0.0,0.0,1.8,1.8,0.09,1.2,1.2
2021,Chicago Stars,2021-10-13 00:00:00,19:00 (20:00),Regular Season,Wed,Home,W,1,0,Pride,1,17,9,52.9,0.06,0.11,14.7,0,0,0,1.8,1.8,0.11,-0.8,-0.8,0.0,10.0,5.0,50.0,0.0,0.0,16.8,0.0,0.0,1.0,1.4,0.7,0.07,-1.4,-0.7
2021,Chicago Stars,2021-10-16 00:00:00,19:00 (20:00),Regular Season,Sat,Home,W,2,1,Kansas City,1,9,2,22.2,0.11,0.5,13.2,0,0,0,2.4,2.4,0.26,-1.4,-1.4,1.0,12.0,2.0,16.7,0.08,0.5,22.5,0.0,0.0,0.0,0.8,0.8,0.07,0.2,0.2
2021,Chicago Stars,2021-10-29 00:00:00,19:00,Regular Season,Fri,Away,W,1,0,Pride,1,17,4,23.5,0.06,0.25,17.6,1,0,0,1.1,1.1,0.06,-0.1,-0.1,0.0,6.0,1.0,16.7,0.0,0.0,23.5,0.0,0.0,0.0,0.2,0.2,0.04,-0.2,-0.2
2021,Chicago Stars,2021-11-07 00:00:00,14:00 (15:00),First round,Sun,Home,W,1,0,Gotham FC,1,9,3,33.3,0.11,0.33,17.7,0,0,0,0.6,0.6,0.06,0.4,0.4,0.0,7.0,2.0,28.6,0.0,0.0,19.4,0.0,0.0,0.0,0.3,0.3,0.05,-0.3,-0.3
2021,Chicago Stars,2021-11-14 00:00:00,14:30 (17:30),Semifinals,Sun,Away,W,2,0,Thorns,2,5,2,40.0,0.4,1.0,20.1,0,0,0,0.2,0.2,0.05,1.8,1.8,0.0,21.0,7.0,33.3,0.0,0.0,18.4,0.0,0.0,0.0,1.0,1.0,0.05,-1.0,-1.0
2021,Chicago Stars,2021-11-20 00:00:00,12:00,Final,Sat,Away,L,1,2,Spirit,1,14,3,21.4,0.07,0.33,19.1,0,0,0,1.5,1.5,0.11,-0.5,-0.5,2.0,30.0,9.0,30.0,0.03,0.11,19.5,1.0,1.0,1.0,2.7,1.9,0.06,-0.7,-0.9
2021,Gotham FC,2021-05-15 00:00:00,19:00,Regular Season,Sat,Home,W,1,0,Dash,1,9,1,11.1,0.11,1.0,15.1,0,0,0,0.7,0.7,0.08,0.3,0.3,0.0,20.0,4.0,20.0,0.0,0.0,12.5,0.0,0.0,0.0,2.1,2.1,0.11,-2.1,-2.1
2021,Gotham FC,2021-05-22 00:00:00,19:00 (20:00),Regular Season,Sat,Away,D,0,0,Red Stars,0,7,0,0.0,0.0,,18.0,0,0,0,0.3,0.3,0.05,-0.3,-0.3,0.0,13.0,5.0,38.5,0.0,0.0,14.9,0.0,0.0,0.0,1.2,1.2,0.09,-1.2,-1.2
2021,Gotham FC,2021-05-30 00:00:00,15:00,Regular Season,Sun,Home,L,0,1,Thorns,0,12,3,25.0,0.0,0.0,18.4,0,0,0,0.7,0.7,0.06,-0.7,-0.7,1.0,22.0,8.0,36.4,0.05,0.13,17.4,0.0,0.0,0.0,1.5,1.5,0.07,-0.5,-0.5
2021,Gotham FC,2021-06-05 00:00:00,19:00,Regular Season,Sat,Home,W,1,0,Reign,1,15,3,20.0,0.07,0.33,18.3,0,0,0,0.7,0.7,0.04,0.3,0.3,0.0,18.0,6.0,33.3,0.0,0.0,18.5,0.0,0.0,0.0,2.0,2.0,0.11,-2.0,-2.0
2021,Gotham FC,2021-06-20 00:00:00,18:00,Regular Season,Sun,Away,D,1,1,Pride,1,12,3,25.0,0.08,0.33,21.4,1,0,0,0.7,0.7,0.06,0.3,0.3,1.0,16.0,6.0,37.5,0.06,0.17,15.6,1.0,0.0,0.0,2.2,2.2,0.14,-1.2,-1.2
2021,Gotham FC,2021-06-26 00:00:00,13:00 (16:00),Regular Season,Sat,Away,W,3,0,Reign,3,18,7,38.9,0.17,0.43,17.0,1,0,0,2.5,2.5,0.14,0.5,0.5,0.0,23.0,6.0,26.1,0.0,0.0,17.4,1.0,0.0,0.0,2.0,2.0,0.09,-2.0,-2.0
2021,Gotham FC,2021-07-02 00:00:00,19:00,Regular Season,Fri,Home,D,1,1,Kansas City,1,10,4,40.0,0.1,0.25,16.2,0,0,0,1.1,1.1,0.11,-0.1,-0.1,1.0,9.0,3.0,33.3,0.11,0.33,22.4,1.0,0.0,0.0,0.4,0.4,0.05,0.6,0.6
2021,Gotham FC,2021-07-11 00:00:00,12:00 (15:00),Regular Season,Sun,Away,D,0,0,Thorns,0,11,2,18.2,0.0,0.0,18.5,0,0,0,0.8,0.8,0.07,-0.8,-0.8,0.0,22.0,4.0,18.2,0.0,0.0,16.0,0.0,0.0,0.0,2.1,2.1,0.1,-2.1,-2.1
2021,Gotham FC,2021-07-18 00:00:00,17:00,Regular Season,Sun,Away,W,3,2,Spirit,3,24,6,25.0,0.13,0.5,17.4,2,0,0,3.4,3.4,0.15,-0.4,-0.4,2.0,8.0,5.0,62.5,0.25,0.4,16.5,1.0,0.0,0.0,1.7,1.7,0.21,0.3,0.3
2021,Gotham FC,2021-07-25 00:00:00,17:00,Regular Season,Sun,Home,W,2,1,Red Stars,2,5,4,80.0,0.2,0.25,22.8,1,1,1,1.4,0.6,0.12,0.6,0.4,1.0,12.0,3.0,25.0,0.08,0.33,14.7,0.0,0.0,0.0,1.2,1.2,0.1,-0.2,-0.2
2021,Gotham FC,2021-08-01 00:00:00,18:00 (19:00),Regular Season,Sun,Away,D,1,1,Dash,1,21,4,19.0,0.05,0.25,16.5,0,0,0,1.6,1.6,0.08,-0.6,-0.6,1.0,13.0,2.0,15.4,0.08,0.5,16.0,0.0,0.0,0.0,2.0,2.0,0.17,-1.0,-1.0
2021,Gotham FC,2021-08-07 00:00:00,19:00,Regular Season,Sat,Home,L,0,1,Courage,0,9,2,22.2,0.0,0.0,17.2,0,0,0,0.7,0.7,0.07,-0.7,-0.7,1.0,8.0,4.0,50.0,0.13,0.25,13.7,0.0,0.0,0.0,1.3,1.3,0.21,-0.3,-0.3
2021,Gotham FC,2021-08-15 00:00:00,17:00,Regular Season,Sun,Home,D,1,1,Louisville,1,11,2,18.2,0.09,0.5,21.0,0,0,0,0.5,0.5,0.05,0.5,0.5,1.0,10.0,4.0,40.0,0.1,0.25,14.1,0.0,0.0,0.0,2.2,2.2,0.23,-1.2,-1.2
2021,Gotham FC,2021-08-21 00:00:00,19:00 (22:00),Regular Season,Sat,Away,L,2,3,Reign,2,8,5,62.5,0.25,0.4,15.9,0,0,0,1.3,1.3,0.16,0.7,0.7,3.0,26.0,11.0,42.3,0.04,0.09,22.2,3.0,2.0,2.0,3.4,1.9,0.07,-0.4,-0.9
2021,Gotham FC,2021-08-25 00:00:00,19:30 (22:30),Regular Season,Wed,Away,L,1,2,Thorns,1,9,3,33.3,0.11,0.33,11.2,0,0,0,0.6,0.6,0.06,0.4,0.4,2.0,19.0,8.0,42.1,0.05,0.13,18.7,1.0,1.0,1.0,2.8,2.0,0.1,-0.8,-1.0
2021,Gotham FC,2021-08-29 00:00:00,17:30,Regular Season,Sun,Home,L,0,1,Pride,0,16,3,18.8,0.0,0.0,15.7,0,0,0,1.3,1.3,0.08,-1.3,-1.3,1.0,7.0,2.0,28.6,0.14,0.5,23.7,0.0,0.0,0.0,0.3,0.3,0.05,0.7,0.7
2021,Gotham FC,2021-09-04 00:00:00,19:00,Regular Season,Sat,Home,D,0,0,Red Stars,0,10,0,0.0,0.0,,13.8,0,0,0,1.1,1.1,0.11,-1.1,-1.1,0.0,18.0,5.0,27.8,0.0,0.0,15.1,0.0,0.0,0.0,2.2,2.2,0.12,-2.2,-2.2
2021,Gotham FC,2021-09-25 00:00:00,15:00,Regular Season,Sat,Home,W,3,1,Courage,3,12,2,16.7,0.17,1.0,18.2,1,1,1,2.4,1.6,0.14,0.6,0.4,1.0,8.0,4.0,50.0,0.13,0.25,19.5,0.0,0.0,0.0,0.4,0.4,0.05,0.6,0.6
2021,Gotham FC,2021-10-06 00:00:00,19:00,Regular Season,Wed,Home,D,0,0,Spirit,0,14,3,21.4,0.0,0.0,14.9,0,0,0,1.1,1.1,0.08,-1.1,-1.1,0.0,11.0,3.0,27.3,0.0,0.0,20.5,0.0,0.0,0.0,0.6,0.6,0.05,-0.6,-0.6
2021,Gotham FC,2021-10-09 00:00:00,19:00,Regular Season,Sat,Away,W,3,2,Pride,3,15,5,33.3,0.2,0.6,18.6,1,0,0,2.2,2.2,0.15,0.8,0.8,2.0,17.0,8.0,47.1,0.06,0.13,18.4,0.0,1.0,1.0,2.1,1.3,0.08,-0.1,-0.3
2021,Gotham FC,2021-10-17 00:00:00,14:00,Regular Season,Sun,Away,W,3,0,Courage,3,21,8,38.1,0.14,0.38,17.9,0,0,0,2.1,2.1,0.1,0.9,0.9,0.0,17.0,5.0,29.4,0.0,0.0,18.7,0.0,0.0,0.0,2.4,2.4,0.14,-2.4,-2.4
2021,Gotham FC,2021-10-22 00:00:00,19:00 (20:00),Regular Season,Fri,Away,D,1,1,Kansas City,1,11,4,36.4,0.09,0.25,20.6,0,0,0,0.8,0.8,0.07,0.2,0.2,1.0,15.0,3.0,20.0,0.0,0.0,20.0,0.0,1.0,1.0,1.9,1.1,0.07,-0.9,-1.1
2021,Gotham FC,2021-10-28 00:00:00,19:30,Regular Season,Thu,Away,D,1,1,Louisville,1,19,7,36.8,0.05,0.14,13.9,0,0,0,1.8,1.8,0.1,-0.8,-0.8,1.0,9.0,3.0,33.3,0.11,0.33,16.0,0.0,0.0,0.0,0.9,0.9,0.1,0.1,0.1
2021,Gotham FC,2021-10-31 00:00:00,15:00,Regular Season,Sun,Home,D,1,1,Louisville,1,15,2,13.3,0.07,0.5,12.7,0,0,0,1.6,1.6,0.11,-0.6,-0.6,1.0,4.0,2.0,50.0,0.0,0.0,24.1,0.0,1.0,1.0,1.4,0.6,0.15,-0.4,-0.6
2021,Gotham FC,2021-11-07 00:00:00,14:00 (15:00),First round,Sun,Away,L,0,1,Red Stars,0,7,2,28.6,0.0,0.0,19.4,0,0,0,0.3,0.3,0.05,-0.3,-0.3,1.0,9.0,3.0,33.3,0.11,0.33,17.7,0.0,0.0,0.0,0.6,0.6,0.06,0.4,0.4
2021,Houston Dash,2021-05-15 00:00:00,19:00,Regular Season,Sat,Away,L,0,1,Gotham FC,0,20,4,20.0,0.0,0.0,12.5,0,0,0,2.1,2.1,0.11,-2.1,-2.1,1.0,9.0,1.0,11.1,0.11,1.0,15.1,0.0,0.0,0.0,0.7,0.7,0.08,0.3,0.3
2021,Houston Dash,2021-05-23 00:00:00,18:00 (19:00),Regular Season,Sun,Home,D,2,2,Kansas City,2,15,5,33.3,0.13,0.4,14.9,0,0,0,1.6,1.6,0.11,0.4,0.4,2.0,14.0,6.0,42.9,0.14,0.33,20.0,1.0,0.0,0.0,1.2,1.2,0.08,0.8,0.8
2021,Houston Dash,2021-05-26 00:00:00,19:30 (20:30),Regular Season,Wed,Away,L,1,2,Spirit,1,18,6,33.3,0.06,0.17,12.9,1,0,0,3.0,3.0,0.17,-2.0,-2.0,2.0,14.0,5.0,35.7,0.14,0.4,19.0,0.0,0.0,0.0,1.0,1.0,0.07,1.0,1.0
2021,Houston Dash,2021-05-29 00:00:00,18:30 (19:30),Regular Season,Sat,Home,W,2,1,Red Stars,2,8,3,37.5,0.25,0.67,15.8,0,0,0,1.4,1.4,0.17,0.6,0.6,1.0,14.0,4.0,28.6,0.07,0.25,14.2,0.0,0.0,0.0,1.3,1.3,0.09,-0.3,-0.3
2021,Houston Dash,2021-06-06 00:00:00,13:00 (14:00),Regular Season,Sun,Away,W,1,0,Kansas City,1,14,5,35.7,0.07,0.2,19.9,1,0,0,1.3,1.3,0.1,-0.3,-0.3,0.0,14.0,3.0,21.4,0.0,0.0,16.2,2.0,0.0,0.0,1.2,1.2,0.09,-1.2,-1.2
2021,Houston Dash,2021-06-20 00:00:00,15:00,Regular Season,Sun,Away,L,0,1,Louisville,0,23,7,30.4,0.0,0.0,16.4,1,0,0,2.7,2.7,0.12,-2.7,-2.7,1.0,11.0,5.0,45.5,0.09,0.2,14.8,0.0,0.0,0.0,2.4,2.4,0.22,-1.4,-1.4
2021,Houston Dash,2021-06-26 00:00:00,19:00 (20:00),Regular Season,Sat,Home,W,2,1,Pride,2,14,3,21.4,0.14,0.67,15.5,0,0,0,1.5,1.5,0.11,0.5,0.5,1.0,7.0,4.0,57.1,0.14,0.25,17.2,1.0,0.0,0.0,0.8,0.8,0.11,0.2,0.2
2021,Houston Dash,2021-07-02 00:00:00,19:30 (20:30),Regular Season,Fri,Home,W,2,0,Reign,2,11,2,18.2,0.18,1.0,17.0,0,0,0,2.3,2.3,0.21,-0.3,-0.3,0.0,10.0,4.0,40.0,0.0,0.0,16.6,0.0,0.0,0.0,0.9,0.9,0.1,-0.9,-0.9
2021,Houston Dash,2021-07-11 00:00:00,17:00 (18:00),Regular Season,Sun,Away,L,1,2,Red Stars,1,5,2,40.0,0.2,0.5,22.4,0,0,0,0.2,0.2,0.05,0.8,0.8,0.0,7.0,0.0,0.0,0.0,,18.2,0.0,0.0,0.0,0.3,0.3,0.05,-0.3,-0.3
2021,Houston Dash,2021-07-17 00:00:00,19:00,Regular Season,Sat,Away,W,2,1,Courage,2,7,3,42.9,0.29,0.67,18.1,1,0,0,0.8,0.8,0.11,1.2,1.2,1.0,12.0,3.0,25.0,0.08,0.33,16.6,0.0,0.0,0.0,1.7,1.7,0.14,-0.7,-0.7
2021,Houston Dash,2021-07-24 00:00:00,19:30 (20:30),Regular Season,Sat,Home,L,0,1,Thorns,0,13,2,15.4,0.0,0.0,19.6,0,0,0,0.7,0.7,0.05,-0.7,-0.7,1.0,14.0,3.0,21.4,0.07,0.33,19.9,0.0,0.0,0.0,1.2,1.2,0.09,-0.2,-0.2
2021,Houston Dash,2021-08-01 00:00:00,18:00 (19:00),Regular Season,Sun,Home,D,1,1,Gotham FC,1,13,2,15.4,0.08,0.5,16.0,0,0,0,2.0,2.0,0.17,-1.0,-1.0,1.0,21.0,4.0,19.0,0.05,0.25,16.5,0.0,0.0,0.0,1.6,1.6,0.08,-0.6,-0.6
2021,Houston Dash,2021-08-07 00:00:00,19:00 (22:00),Regular Season,Sat,Away,L,1,5,Reign,0,3,1,33.3,0.0,0.0,11.3,0,0,0,0.6,0.6,0.22,-0.6,-0.6,5.0,22.0,8.0,36.4,0.23,0.63,16.8,1.0,0.0,0.0,2.6,2.6,0.13,2.4,2.4
2021,Houston Dash,2021-08-13 00:00:00,19:30 (20:30),Regular Season,Fri,Home,D,2,2,Spirit,2,17,4,23.5,0.12,0.5,18.0,1,0,0,2.1,2.1,0.12,-0.1,-0.1,2.0,12.0,4.0,33.3,0.17,0.5,16.9,0.0,0.0,0.0,1.0,1.0,0.09,1.0,1.0
2021,Houston Dash,2021-08-29 00:00:00,18:30 (19:30),Regular Season,Sun,Home,W,1,0,Louisville,1,14,4,28.6,0.07,0.25,16.8,1,0,0,1.3,1.3,0.1,-0.3,-0.3,0.0,5.0,3.0,60.0,0.0,0.0,15.2,0.0,0.0,0.0,1.4,1.4,0.28,-1.4,-1.4
2021,Houston Dash,2021-09-01 00:00:00,19:00 (20:00),Regular Season,Wed,Home,L,0,1,Reign,0,7,5,71.4,0.0,0.0,18.4,1,0,0,0.8,0.8,0.11,-0.8,-0.8,1.0,11.0,7.0,63.6,0.09,0.14,13.9,0.0,0.0,0.0,1.8,1.8,0.17,-0.8,-0.8
2021,Houston Dash,2021-09-05 00:00:00,16:00,Regular Season,Sun,Away,D,1,1,Pride,1,11,5,45.5,0.09,0.2,13.4,0,0,0,1.1,1.1,0.1,-0.1,-0.1,1.0,8.0,4.0,50.0,0.13,0.25,20.6,0.0,0.0,0.0,0.4,0.4,0.05,0.6,0.6
2021,Houston Dash,2021-09-10 00:00:00,19:30 (20:30),Regular Season,Fri,Home,D,1,1,Red Stars,1,12,2,16.7,0.08,0.5,17.4,0,0,0,1.0,1.0,0.09,0.0,0.0,1.0,11.0,5.0,45.5,0.09,0.2,13.8,1.0,0.0,0.0,2.0,2.0,0.19,-1.0,-1.0
2021,Houston Dash,2021-09-26 00:00:00,15:00,Regular Season,Sun,Away,W,4,0,Louisville,4,17,7,41.2,0.24,0.57,15.3,0,0,0,1.8,1.8,0.1,2.2,2.2,0.0,3.0,0.0,0.0,0.0,,16.3,0.0,0.0,0.0,0.2,0.2,0.05,-0.2,-0.2
2021,Houston Dash,2021-10-06 00:00:00,19:00 (22:00),Regular Season,Wed,Away,W,3,2,Thorns,3,10,4,40.0,0.2,0.5,13.7,0,1,1,2.8,2.1,0.23,0.2,-0.1,2.0,26.0,9.0,34.6,0.08,0.22,18.1,0.0,0.0,0.0,2.1,2.1,0.08,-0.1,-0.1
2021,Houston Dash,2021-10-10 00:00:00,18:00 (19:00),Regular Season,Sun,Home,W,4,1,Courage,4,19,9,47.4,0.21,0.44,17.0,1,0,0,3.0,3.0,0.16,1.0,1.0,1.0,9.0,3.0,33.3,0.11,0.33,18.4,0.0,0.0,0.0,1.3,1.3,0.18,-0.3,-0.3
2021,Houston Dash,2021-10-13 00:00:00,19:00 (20:00),Regular Season,Wed,Away,L,0,3,Kansas City,0,7,2,28.6,0.0,0.0,21.4,1,0,0,0.3,0.3,0.04,-0.3,-0.3,3.0,15.0,4.0,26.7,0.13,0.5,24.8,1.0,1.0,1.0,2.2,1.4,0.09,0.8,0.6
2021,Houston Dash,2021-10-17 00:00:00,18:00 (19:00),Regular Season,Sun,Home,L,0,1,Thorns,0,13,5,38.5,0.0,0.0,14.9,0,0,0,1.3,1.3,0.1,-1.3,-1.3,1.0,16.0,4.0,25.0,0.06,0.25,16.5,1.0,0.0,0.0,2.3,2.3,0.14,-1.3,-1.3
2021,Houston Dash,2021-10-31 00:00:00,14:00,Regular Season,Sun,Away,L,0,1,Spirit,0,10,5,50.0,0.0,0.0,15.5,0,0,0,0.6,0.6,0.06,-0.6,-0.6,1.0,15.0,5.0,33.3,0.07,0.2,18.9,1.0,0.0,0.0,1.4,1.4,0.09,-0.4,-0.4
2021,Kansas City Current,2021-05-15 00:00:00,17:00,Regular Season,Sat,Away,D,0,0,Louisville,0,11,3,27.3,0.0,0.0,20.9,2,0,0,0.5,0.5,0.05,-0.5,-0.5,0.0,13.0,1.0,7.7,0.0,0.0,18.3,0.0,0.0,0.0,0.8,0.8,0.06,-0.8,-0.8
2021,Kansas City Current,2021-05-23 00:00:00,18:00 (19:00),Regular Season,Sun,Away,D,2,2,Dash,2,14,6,42.9,0.14,0.33,20.0,1,0,0,1.2,1.2,0.08,0.8,0.8,2.0,15.0,5.0,33.3,0.13,0.4,14.9,0.0,0.0,0.0,1.6,1.6,0.11,0.4,0.4
2021,Kansas City Current,2021-05-26 00:00:00,19:00 (20:00),Regular Season,Wed,Home,L,0,2,Red Stars,0,11,3,27.3,0.0,0.0,13.4,0,0,0,1.7,1.7,0.18,-1.7,-1.7,2.0,19.0,7.0,36.8,0.11,0.29,17.1,0.0,0.0,0.0,1.2,1.2,0.07,0.8,0.8
2021,Kansas City Current,2021-05-30 00:00:00,18:00,Regular Season,Sun,Away,L,0,1,Pride,0,9,0,0.0,0.0,,13.7,0,0,0,0.7,0.7,0.08,-0.7,-0.7,1.0,13.0,4.0,30.8,0.08,0.25,17.1,1.0,0.0,1.0,2.1,1.3,0.11,-1.1,-0.3
2021,Kansas City Current,2021-06-06 00:00:00,13:00 (14:00),Regular Season,Sun,Home,L,0,1,Dash,0,14,3,21.4,0.0,0.0,16.2,2,0,0,1.2,1.2,0.09,-1.2,-1.2,1.0,14.0,5.0,35.7,0.07,0.2,19.9,1.0,0.0,0.0,1.3,1.3,0.1,-0.3,-0.3
2021,Kansas City Current,2021-06-20 00:00:00,13:00 (16:00),Regular Season,Sun,Away,L,0,1,Thorns,0,18,5,27.8,0.0,0.0,22.4,1,0,0,0.8,0.8,0.05,-0.8,-0.8,1.0,18.0,5.0,27.8,0.06,0.2,16.3,0.0,0.0,1.0,3.3,2.5,0.14,-2.3,-1.5
2021,Kansas City Current,2021-06-23 00:00:00,13:00 (14:00),Regular Season,Wed,Home,L,1,3,Pride,1,13,4,30.8,0.08,0.25,16.4,0,0,0,1.7,1.7,0.13,-0.7,-0.7,3.0,15.0,10.0,66.7,0.2,0.3,19.2,0.0,0.0,0.0,1.2,1.2,0.08,1.8,1.8
2021,Kansas City Current,2021-06-26 00:00:00,19:30 (20:30),Regular Season,Sat,Home,L,1,2,Spirit,1,13,2,15.4,0.08,0.5,18.7,1,0,0,1.1,1.1,0.08,-0.1,-0.1,2.0,11.0,4.0,36.4,0.18,0.5,19.4,0.0,0.0,0.0,1.4,1.4,0.13,0.6,0.6
2021,Kansas City Current,2021-07-02 00:00:00,19:00,Regular Season,Fri,Away,D,1,1,Gotham FC,1,9,3,33.3,0.11,0.33,22.4,1,0,0,0.4,0.4,0.05,0.6,0.6,1.0,10.0,4.0,40.0,0.1,0.25,16.2,0.0,0.0,0.0,1.1,1.1,0.11,-0.1,-0.1
2021,Kansas City Current,2021-07-11 00:00:00,16:00 (19:00),Regular Season,Sun,Away,L,0,2,Reign,0,11,6,54.5,0.0,0.0,18.9,1,0,0,0.8,0.8,0.07,-0.8,-0.8,2.0,21.0,9.0,42.9,0.1,0.22,16.1,0.0,0.0,0.0,1.9,1.9,0.09,0.1,0.1
2021,Kansas City Current,2021-07-23 00:00:00,19:00 (20:00),Regular Season,Fri,Home,D,0,0,Courage,0,14,5,35.7,0.0,0.0,19.0,0,0,0,1.0,1.0,0.07,-1.0,-1.0,0.0,7.0,0.0,0.0,0.0,,13.5,0.0,0.0,0.0,0.7,0.7,0.1,-0.7,-0.7
2021,Kansas City Current,2021-08-01 00:00:00,12:00 (15:00),Regular Season,Sun,Away,L,0,2,Thorns,0,18,2,11.1,0.0,0.0,14.2,0,0,0,1.5,1.5,0.09,-1.5,-1.5,1.0,20.0,7.0,35.0,0.05,0.14,14.2,0.0,0.0,0.0,1.6,1.6,0.08,-0.6,-0.6
2021,Kansas City Current,2021-08-08 00:00:00,15:00,Regular Season,Sun,Away,L,1,3,Louisville,1,14,9,64.3,0.07,0.11,16.8,2,0,0,1.9,1.9,0.15,-0.9,-0.9,3.0,12.0,3.0,25.0,0.25,1.0,13.3,0.0,0.0,0.0,2.5,2.5,0.21,0.5,0.5
2021,Kansas City Current,2021-08-14 00:00:00,19:00 (20:00),Regular Season,Sat,Home,W,1,0,Reign,1,17,5,29.4,0.06,0.2,21.3,0,0,0,1.0,1.0,0.06,0.0,0.0,0.0,12.0,0.0,0.0,0.0,,23.2,1.0,0.0,0.0,0.8,0.8,0.07,-0.8,-0.8
2021,Kansas City Current,2021-08-21 00:00:00,19:00,Regular Season,Sat,Away,L,0,4,Courage,0,26,9,34.6,0.0,0.0,19.6,0,0,0,1.7,1.7,0.07,-1.7,-1.7,4.0,9.0,7.0,77.8,0.44,0.57,18.9,0.0,0.0,0.0,1.2,1.2,0.13,2.8,2.8
2021,Kansas City Current,2021-08-25 00:00:00,19:00 (20:00),Regular Season,Wed,Home,W,2,1,Louisville,1,14,7,50.0,0.07,0.14,20.1,1,0,0,1.5,1.5,0.11,-0.5,-0.5,1.0,6.0,2.0,33.3,0.17,0.5,22.0,0.0,0.0,0.0,0.9,0.9,0.15,0.1,0.1
2021,Kansas City Current,2021-08-28 00:00:00,19:00 (20:00),Regular Season,Sat,Away,L,0,3,Red Stars,0,13,5,38.5,0.0,0.0,18.6,0,0,0,0.6,0.6,0.05,-0.6,-0.6,3.0,14.0,7.0,50.0,0.21,0.43,10.0,0.0,0.0,0.0,3.2,3.2,0.23,-0.2,-0.2
2021,Kansas City Current,2021-09-05 00:00:00,18:00 (19:00),Regular Season,Sun,Home,D,0,0,Courage,0,14,6,42.9,0.0,0.0,16.2,0,0,0,1.4,1.4,0.1,-1.4,-1.4,0.0,9.0,5.0,55.6,0.0,0.0,15.8,1.0,0.0,0.0,1.2,1.2,0.13,-1.2,-1.2
2021,Kansas City Current,2021-09-26 00:00:00,17:00,Regular Season,Sun,Away,L,1,2,Spirit,1,7,2,28.6,0.14,0.5,16.0,0,0,0,0.8,0.8,0.11,0.2,0.2,2.0,8.0,2.0,25.0,0.13,0.5,19.3,0.0,1.0,1.0,1.2,0.4,0.05,0.8,0.6
2021,Kansas City Current,2021-10-10 00:00:00,16:00 (17:00),Regular Season,Sun,Home,D,0,0,Thorns,0,9,2,22.2,0.0,0.0,24.1,0,0,0,0.4,0.4,0.04,-0.4,-0.4,0.0,17.0,2.0,11.8,0.0,0.0,18.3,0.0,0.0,1.0,1.6,0.8,0.05,-1.6,-0.8
2021,Kansas City Current,2021-10-13 00:00:00,19:00 (20:00),Regular Season,Wed,Home,W,3,0,Dash,3,15,4,26.7,0.13,0.5,24.8,1,1,1,2.2,1.4,0.09,0.8,0.6,0.0,7.0,2.0,28.6,0.0,0.0,21.4,1.0,0.0,0.0,0.3,0.3,0.04,-0.3,-0.3
2021,Kansas City Current,2021-10-16 00:00:00,19:00 (20:00),Regular Season,Sat,Away,L,1,2,Red Stars,1,12,2,16.7,0.08,0.5,22.5,0,0,0,0.8,0.8,0.07,0.2,0.2,1.0,9.0,2.0,22.2,0.11,0.5,13.2,0.0,0.0,0.0,2.4,2.4,0.26,-1.4,-1.4
2021,Kansas City Current,2021-10-22 00:00:00,19:00 (20:00),Regular Season,Fri,Home,D,1,1,Gotham FC,1,15,3,20.0,0.0,0.0,20.0,0,1,1,1.9,1.1,0.07,-0.9,-1.1,1.0,11.0,4.0,36.4,0.09,0.25,20.6,0.0,0.0,0.0,0.8,0.8,0.07,0.2,0.2
2021,Kansas City Current,2021-10-30 00:00:00,20:00 (21:00),Regular Season,Sat,Home,L,0,3,Reign,0,6,1,16.7,0.0,0.0,16.8,0,0,0,0.8,0.8,0.14,-0.8,-0.8,2.0,21.0,6.0,28.6,0.1,0.33,13.7,0.0,0.0,0.0,2.8,2.8,0.14,-0.8,-0.8
2021,North Carolina Courage,2021-05-15 00:00:00,19:00 (22:00),Regular Season,Sat,Away,D,0,0,Reign,0,19,6,31.6,0.0,0.0,15.3,0,0,0,1.6,1.6,0.09,-1.6,-1.6,0.0,11.0,3.0,27.3,0.0,0.0,22.5,1.0,0.0,0.0,0.7,0.7,0.06,-0.7,-0.7
2021,North Carolina Courage,2021-05-22 00:00:00,19:00,Regular Season,Sat,Home,L,1,2,Pride,1,16,5,31.3,0.06,0.2,14.6,0,0,0,1.8,1.8,0.11,-0.8,-0.8,2.0,11.0,3.0,27.3,0.18,0.67,20.2,0.0,0.0,0.0,0.9,0.9,0.08,1.1,1.1
2021,North Carolina Courage,2021-05-28 00:00:00,19:00,Regular Season,Fri,Home,W,5,0,Louisville,5,27,10,37.0,0.19,0.5,16.3,0,0,0,4.0,4.0,0.15,1.0,1.0,0.0,7.0,1.0,14.3,0.0,0.0,20.2,0.0,0.0,0.0,0.3,0.3,0.05,-0.3,-0.3
2021,North Carolina Courage,2021-06-05 00:00:00,13:00 (14:00),Regular Season,Sat,Away,L,0,1,Red Stars,0,10,1,10.0,0.0,0.0,13.2,0,0,0,0.6,0.6,0.06,-0.6,-0.6,1.0,15.0,8.0,53.3,0.07,0.13,15.2,0.0,0.0,0.0,1.9,1.9,0.14,-0.9,-0.9
2021,North Carolina Courage,2021-06-19 00:00:00,16:00,Regular Season,Sat,Home,W,2,1,Reign,2,15,3,20.0,0.13,0.67,16.9,0,0,0,1.6,1.6,0.11,0.4,0.4,1.0,13.0,5.0,38.5,0.08,0.2,22.0,0.0,0.0,0.0,1.0,1.0,0.08,0.0,0.0
2021,North Carolina Courage,2021-06-23 00:00:00,19:30,Regular Season,Wed,Away,W,2,0,Louisville,2,19,8,42.1,0.11,0.25,13.9,1,0,0,2.2,2.2,0.12,-0.2,-0.2,0.0,4.0,2.0,50.0,0.0,0.0,19.0,0.0,0.0,0.0,0.4,0.4,0.1,-0.4,-0.4
2021,North Carolina Courage,2021-06-26 00:00:00,19:00,Regular Season,Sat,Home,W,2,0,Thorns,2,15,6,40.0,0.13,0.33,17.0,0,0,0,1.8,1.8,0.12,0.2,0.2,0.0,16.0,3.0,18.8,0.0,0.0,18.8,0.0,0.0,0.0,1.5,1.5,0.09,-1.5,-1.5
2021,North Carolina Courage,2021-07-04 00:00:00,18:00,Regular Season,Sun,Away,W,2,0,Pride,2,12,8,66.7,0.17,0.25,14.6,0,0,1,2.4,1.6,0.14,-0.4,0.4,0.0,19.0,9.0,47.4,0.0,0.0,19.8,0.0,0.0,0.0,1.4,1.4,0.07,-1.4,-1.4
2021,North Carolina Courage,2021-07-10 00:00:00,19:00,Regular Season,Sat,Away,L,0,2,Spirit,0,9,2,22.2,0.0,0.0,13.0,0,0,0,1.6,1.6,0.2,-1.6,-1.6,2.0,18.0,9.0,50.0,0.11,0.22,18.3,1.0,0.0,0.0,2.7,2.7,0.15,-0.7,-0.7
2021,North Carolina Courage,2021-07-17 00:00:00,19:00,Regular Season,Sat,Home,L,1,2,Dash,1,12,3,25.0,0.08,0.33,16.6,0,0,0,1.7,1.7,0.14,-0.7,-0.7,2.0,7.0,3.0,42.9,0.29,0.67,18.1,1.0,0.0,0.0,0.8,0.8,0.11,1.2,1.2
2021,North Carolina Courage,2021-07-23 00:00:00,19:00 (20:00),Regular Season,Fri,Away,D,0,0,Kansas City,0,7,0,0.0,0.0,,13.5,0,0,0,0.7,0.7,0.1,-0.7,-0.7,0.0,14.0,5.0,35.7,0.0,0.0,19.0,0.0,0.0,0.0,1.0,1.0,0.07,-1.0,-1.0
2021,North Carolina Courage,2021-07-31 00:00:00,19:00,Regular Season,Sat,Home,D,1,1,Pride,1,16,3,18.8,0.06,0.33,20.8,0,0,0,1.2,1.2,0.08,-0.2,-0.2,1.0,11.0,6.0,54.5,0.09,0.17,20.7,0.0,0.0,0.0,1.0,1.0,0.09,0.0,0.0
2021,North Carolina Courage,2021-08-07 00:00:00,19:00,Regular Season,Sat,Away,W,1,0,Gotham FC,1,8,4,50.0,0.13,0.25,13.7,0,0,0,1.3,1.3,0.21,-0.3,-0.3,0.0,9.0,2.0,22.2,0.0,0.0,17.2,0.0,0.0,0.0,0.7,0.7,0.07,-0.7,-0.7
2021,North Carolina Courage,2021-08-15 00:00:00,18:00,Regular Season,Sun,Home,W,1,0,Red Stars,1,15,4,26.7,0.0,0.0,15.6,0,1,1,2.2,1.4,0.1,-1.2,-1.4,0.0,21.0,4.0,19.0,0.0,0.0,18.0,1.0,0.0,0.0,1.0,1.0,0.05,-1.0,-1.0
2021,North Carolina Courage,2021-08-21 00:00:00,19:00,Regular Season,Sat,Home,W,4,0,Kansas City,4,9,7,77.8,0.44,0.57,18.9,0,0,0,1.2,1.2,0.13,2.8,2.8,0.0,26.0,9.0,34.6,0.0,0.0,19.6,0.0,0.0,0.0,1.7,1.7,0.07,-1.7,-1.7
2021,North Carolina Courage,2021-08-29 00:00:00,17:00,Regular Season,Sun,Away,D,0,0,Spirit,0,10,5,50.0,0.0,0.0,21.0,0,0,0,1.2,1.2,0.12,-1.2,-1.2,0.0,22.0,4.0,18.2,0.0,0.0,20.6,0.0,0.0,0.0,1.3,1.3,0.06,-1.3,-1.3
2021,North Carolina Courage,2021-09-05 00:00:00,18:00 (19:00),Regular Season,Sun,Away,D,0,0,Kansas City,0,9,5,55.6,0.0,0.0,15.8,1,0,0,1.2,1.2,0.13,-1.2,-1.2,0.0,14.0,6.0,42.9,0.0,0.0,16.2,0.0,0.0,0.0,1.4,1.4,0.1,-1.4,-1.4
2021,North Carolina Courage,2021-09-12 00:00:00,15:00,Regular Season,Sun,Home,L,0,1,Thorns,0,10,5,50.0,0.0,0.0,13.7,0,0,0,1.1,1.1,0.11,-1.1,-1.1,1.0,24.0,8.0,33.3,0.04,0.13,20.6,0.0,0.0,0.0,1.5,1.5,0.06,-0.5,-0.5
2021,North Carolina Courage,2021-09-25 00:00:00,15:00,Regular Season,Sat,Away,L,1,3,Gotham FC,1,8,4,50.0,0.13,0.25,19.5,0,0,0,0.4,0.4,0.05,0.6,0.6,3.0,12.0,2.0,16.7,0.17,1.0,18.2,1.0,1.0,1.0,2.4,1.6,0.14,0.6,0.4
2021,North Carolina Courage,2021-10-06 00:00:00,19:30,Regular Season,Wed,Home,W,3,1,Louisville,3,24,9,37.5,0.13,0.33,16.2,0,0,0,3.4,3.4,0.15,-0.4,-0.4,1.0,6.0,2.0,33.3,0.17,0.5,21.6,0.0,0.0,0.0,0.6,0.6,0.1,0.4,0.4
2021,North Carolina Courage,2021-10-10 00:00:00,18:00 (19:00),Regular Season,Sun,Away,L,1,4,Dash,1,9,3,33.3,0.11,0.33,18.4,0,0,0,1.3,1.3,0.18,-0.3,-0.3,4.0,19.0,9.0,47.4,0.21,0.44,17.0,1.0,0.0,0.0,3.0,3.0,0.16,1.0,1.0
2021,North Carolina Courage,2021-10-13 00:00:00,19:30,Regular Season,Wed,Home,L,1,2,Spirit,0,14,7,50.0,0.0,0.0,16.0,0,0,0,1.7,1.7,0.12,-1.7,-1.7,2.0,7.0,4.0,57.1,0.29,0.5,17.1,0.0,0.0,0.0,0.9,0.9,0.13,1.1,1.1
2021,North Carolina Courage,2021-10-17 00:00:00,14:00,Regular Season,Sun,Home,L,0,3,Gotham FC,0,17,5,29.4,0.0,0.0,18.7,0,0,0,2.4,2.4,0.14,-2.4,-2.4,3.0,21.0,8.0,38.1,0.14,0.38,17.9,0.0,0.0,0.0,2.1,2.1,0.1,0.9,0.9
2021,North Carolina Courage,2021-10-30 00:00:00,19:00 (22:00),Regular Season,Sat,Away,D,0,0,Thorns,0,20,2,10.0,0.0,0.0,16.0,0,0,0,1.4,1.4,0.07,-1.4,-1.4,0.0,19.0,5.0,26.3,0.0,0.0,17.4,0.0,0.0,0.0,1.8,1.8,0.1,-1.8,-1.8
2021,North Carolina Courage,2021-11-07 00:00:00,17:30,First round,Sun,Away,L,0,1,Spirit,0,21,8,38.1,0.0,0.0,17.8,0,0,0,1.4,1.4,0.07,-1.4,-1.4,1.0,33.0,13.0,39.4,0.03,0.08,20.8,2.0,0.0,0.0,2.0,2.0,0.06,-1.0,-1.0
2021,Orlando Pride,2021-05-16 00:00:00,18:00,Regular Season,Sun,Home,D,1,1,Spirit,1,11,2,18.2,0.09,0.5,17.1,0,0,0,1.4,1.4,0.13,-0.4,-0.4,1.0,12.0,4.0,33.3,0.08,0.25,15.0,0.0,0.0,0.0,2.1,2.1,0.17,-1.1,-1.1
2021,Orlando Pride,2021-05-22 00:00:00,19:00,Regular Season,Sat,Away,W,2,1,Courage,2,11,3,27.3,0.18,0.67,20.2,0,0,0,0.9,0.9,0.08,1.1,1.1,1.0,16.0,5.0,31.3,0.06,0.2,14.6,0.0,0.0,0.0,1.8,1.8,0.11,-0.8,-0.8
2021,Orlando Pride,2021-05-26 00:00:00,19:00,Regular Season,Wed,Home,W,2,1,Thorns,2,12,3,25.0,0.17,0.67,15.7,0,0,0,0.9,0.9,0.08,1.1,1.1,1.0,21.0,8.0,38.1,0.05,0.13,20.7,0.0,0.0,0.0,1.1,1.1,0.05,-0.1,-0.1
2021,Orlando Pride,2021-05-30 00:00:00,18:00,Regular Season,Sun,Home,W,1,0,Kansas City,1,13,4,30.8,0.08,0.25,17.1,1,0,1,2.1,1.3,0.11,-1.1,-0.3,0.0,9.0,0.0,0.0,0.0,,13.7,0.0,0.0,0.0,0.7,0.7,0.08,-0.7,-0.7
2021,Orlando Pride,2021-06-06 00:00:00,14:00,Regular Season,Sun,Away,D,1,1,Spirit,1,9,2,22.2,0.11,0.5,18.1,0,0,0,0.4,0.4,0.04,0.6,0.6,1.0,21.0,6.0,28.6,0.05,0.17,18.7,0.0,0.0,0.0,1.3,1.3,0.06,-0.3,-0.3
2021,Orlando Pride,2021-06-20 00:00:00,18:00,Regular Season,Sun,Home,D,1,1,Gotham FC,1,16,6,37.5,0.06,0.17,15.6,1,0,0,2.2,2.2,0.14,-1.2,-1.2,1.0,12.0,3.0,25.0,0.08,0.33,21.4,1.0,0.0,0.0,0.7,0.7,0.06,0.3,0.3
2021,Orlando Pride,2021-06-23 00:00:00,13:00 (14:00),Regular Season,Wed,Away,W,3,1,Kansas City,3,15,10,66.7,0.2,0.3,19.2,0,0,0,1.2,1.2,0.08,1.8,1.8,1.0,13.0,4.0,30.8,0.08,0.25,16.4,0.0,0.0,0.0,1.7,1.7,0.13,-0.7,-0.7
2021,Orlando Pride,2021-06-26 00:00:00,19:00 (20:00),Regular Season,Sat,Away,L,1,2,Dash,1,7,4,57.1,0.14,0.25,17.2,1,0,0,0.8,0.8,0.11,0.2,0.2,2.0,14.0,3.0,21.4,0.14,0.67,15.5,0.0,0.0,0.0,1.5,1.5,0.11,0.5,0.5
2021,Orlando Pride,2021-07-04 00:00:00,18:00,Regular Season,Sun,Home,L,0,2,Courage,0,19,9,47.4,0.0,0.0,19.8,0,0,0,1.4,1.4,0.07,-1.4,-1.4,2.0,12.0,8.0,66.7,0.17,0.25,14.6,0.0,0.0,1.0,2.4,1.6,0.14,-0.4,0.4
2021,Orlando Pride,2021-07-09 00:00:00,19:00,Regular Season,Fri,Home,D,1,1,Louisville,1,9,2,22.2,0.11,0.5,17.0,2,0,0,1.1,1.1,0.12,-0.1,-0.1,1.0,5.0,1.0,20.0,0.2,1.0,20.4,0.0,0.0,0.0,0.5,0.5,0.1,0.5,0.5
2021,Orlando Pride,2021-07-18 00:00:00,19:30 (22:30),Regular Season,Sun,Away,L,1,2,Thorns,1,6,2,33.3,0.17,0.5,13.5,0,0,0,0.3,0.3,0.05,0.7,0.7,2.0,19.0,4.0,21.1,0.11,0.5,18.2,0.0,0.0,1.0,2.4,1.6,0.08,-0.4,0.4
2021,Orlando Pride,2021-07-24 00:00:00,19:00,Regular Season,Sat,Home,L,0,2,Reign,0,7,0,0.0,0.0,,16.9,1,0,0,0.8,0.8,0.11,-0.8,-0.8,2.0,16.0,10.0,62.5,0.13,0.2,17.4,2.0,0.0,1.0,2.1,1.3,0.09,-0.1,0.7
2021,Orlando Pride,2021-07-31 00:00:00,19:00,Regular Season,Sat,Away,D,1,1,Courage,1,11,6,54.5,0.09,0.17,20.7,0,0,0,1.0,1.0,0.09,0.0,0.0,1.0,16.0,3.0,18.8,0.06,0.33,20.8,0.0,0.0,0.0,1.2,1.2,0.08,-0.2,-0.2
2021,Orlando Pride,2021-08-08 00:00:00,17:00 (18:00),Regular Season,Sun,Away,W,2,0,Red Stars,2,8,5,62.5,0.25,0.4,19.2,0,0,0,1.2,1.2,0.14,0.8,0.8,0.0,14.0,3.0,21.4,0.0,0.0,17.6,0.0,0.0,0.0,1.5,1.5,0.11,-1.5,-1.5
2021,Orlando Pride,2021-08-14 00:00:00,19:00,Regular Season,Sat,Home,D,1,1,Thorns,1,8,3,37.5,0.13,0.33,16.2,0,0,0,1.4,1.4,0.18,-0.4,-0.4,1.0,17.0,4.0,23.5,0.06,0.25,20.2,0.0,0.0,0.0,0.8,0.8,0.05,0.2,0.2
2021,Orlando Pride,2021-08-22 00:00:00,16:00,Regular Season,Sun,Away,L,1,2,Spirit,1,12,4,33.3,0.08,0.25,18.6,1,0,0,1.0,1.0,0.08,0.0,0.0,2.0,19.0,7.0,36.8,0.11,0.29,17.9,0.0,0.0,0.0,1.9,1.9,0.1,0.1,0.1
2021,Orlando Pride,2021-08-29 00:00:00,17:30,Regular Season,Sun,Away,W,1,0,Gotham FC,1,7,2,28.6,0.14,0.5,23.7,0,0,0,0.3,0.3,0.05,0.7,0.7,0.0,16.0,3.0,18.8,0.0,0.0,15.7,0.0,0.0,0.0,1.3,1.3,0.08,-1.3,-1.3
2021,Orlando Pride,2021-09-05 00:00:00,16:00,Regular Season,Sun,Home,D,1,1,Dash,1,8,4,50.0,0.13,0.25,20.6,0,0,0,0.4,0.4,0.05,0.6,0.6,1.0,11.0,5.0,45.5,0.09,0.2,13.4,0.0,0.0,0.0,1.1,1.1,0.1,-0.1,-0.1
2021,Orlando Pride,2021-09-11 00:00:00,19:00,Regular Season,Sat,Home,W,3,1,Louisville,3,6,4,66.7,0.5,0.75,11.5,0,0,0,1.6,1.6,0.26,1.4,1.4,1.0,12.0,3.0,25.0,0.08,0.33,16.0,0.0,0.0,0.0,0.9,0.9,0.08,0.1,0.1
2021,Orlando Pride,2021-09-26 00:00:00,16:00 (19:00),Regular Season,Sun,Away,L,0,3,Reign,0,11,3,27.3,0.0,0.0,18.6,0,0,0,0.6,0.6,0.05,-0.6,-0.6,3.0,22.0,8.0,36.4,0.14,0.38,16.9,1.0,0.0,0.0,3.1,3.1,0.14,-0.1,-0.1
2021,Orlando Pride,2021-10-09 00:00:00,19:00,Regular Season,Sat,Home,L,2,3,Gotham FC,2,17,8,47.1,0.06,0.13,18.4,0,1,1,2.1,1.3,0.08,-0.1,-0.3,3.0,15.0,5.0,33.3,0.2,0.6,18.6,1.0,0.0,0.0,2.2,2.2,0.15,0.8,0.8
2021,Orlando Pride,2021-10-13 00:00:00,19:00 (20:00),Regular Season,Wed,Away,L,0,1,Red Stars,0,10,5,50.0,0.0,0.0,16.8,0,0,1,1.4,0.7,0.07,-1.4,-0.7,1.0,17.0,9.0,52.9,0.06,0.11,14.7,0.0,0.0,0.0,1.8,1.8,0.11,-0.8,-0.8
2021,Orlando Pride,2021-10-16 00:00:00,19:30,Regular Season,Sat,Away,L,1,3,Louisville,1,10,3,30.0,0.1,0.33,16.0,0,0,0,1.6,1.6,0.16,-0.6,-0.6,3.0,13.0,6.0,46.2,0.23,0.5,19.4,0.0,0.0,0.0,1.3,1.3,0.1,1.7,1.7
2021,Orlando Pride,2021-10-29 00:00:00,19:00,Regular Season,Fri,Home,L,0,1,Red Stars,0,6,1,16.7,0.0,0.0,23.5,0,0,0,0.2,0.2,0.04,-0.2,-0.2,1.0,17.0,4.0,23.5,0.06,0.25,17.6,1.0,0.0,0.0,1.1,1.1,0.06,-0.1,-0.1
2021,Portland Thorns FC,2021-05-16 00:00:00,16:00 (19:00),Regular Season,Sun,Home,W,5,0,Red Stars,4,21,9,42.9,0.14,0.33,15.5,0,1,1,3.6,2.8,0.14,0.4,0.2,0.0,4.0,1.0,25.0,0.0,0.0,16.4,0.0,0.0,0.0,0.2,0.2,0.06,-0.2,-0.2
2021,Portland Thorns FC,2021-05-23 00:00:00,15:00 (18:00),Regular Season,Sun,Home,L,1,2,Reign,1,23,9,39.1,0.04,0.11,15.5,2,0,0,2.1,2.1,0.09,-1.1,-1.1,2.0,12.0,4.0,33.3,0.17,0.5,22.3,1.0,0.0,0.0,1.1,1.1,0.09,0.9,0.9
2021,Portland Thorns FC,2021-05-26 00:00:00,19:00,Regular Season,Wed,Away,L,1,2,Pride,1,21,8,38.1,0.05,0.13,20.7,0,0,0,1.1,1.1,0.05,-0.1,-0.1,2.0,12.0,3.0,25.0,0.17,0.67,15.7,0.0,0.0,0.0,0.9,0.9,0.08,1.1,1.1
2021,Portland Thorns FC,2021-05-30 00:00:00,15:00,Regular Season,Sun,Away,W,1,0,Gotham FC,1,22,8,36.4,0.05,0.13,17.4,0,0,0,1.5,1.5,0.07,-0.5,-0.5,0.0,12.0,3.0,25.0,0.0,0.0,18.4,0.0,0.0,0.0,0.7,0.7,0.06,-0.7,-0.7
2021,Portland Thorns FC,2021-06-05 00:00:00,19:30 (22:30),Regular Season,Sat,Home,W,3,0,Louisville,3,28,12,42.9,0.11,0.25,18.4,0,0,0,3.3,3.3,0.12,-0.3,-0.3,0.0,4.0,0.0,0.0,0.0,,18.1,0.0,0.0,0.0,0.3,0.3,0.07,-0.3,-0.3
2021,Portland Thorns FC,2021-06-20 00:00:00,13:00 (16:00),Regular Season,Sun,Home,W,1,0,Kansas City,1,18,5,27.8,0.06,0.2,16.3,0,0,1,3.3,2.5,0.14,-2.3,-1.5,0.0,18.0,5.0,27.8,0.0,0.0,22.4,1.0,0.0,0.0,0.8,0.8,0.05,-0.8,-0.8
2021,Portland Thorns FC,2021-06-26 00:00:00,19:00,Regular Season,Sat,Away,L,0,2,Courage,0,16,3,18.8,0.0,0.0,18.8,0,0,0,1.5,1.5,0.09,-1.5,-1.5,2.0,15.0,6.0,40.0,0.13,0.33,17.0,0.0,0.0,0.0,1.8,1.8,0.12,0.2,0.2
2021,Portland Thorns FC,2021-07-03 00:00:00,19:30,Regular Season,Sat,Away,W,2,0,Louisville,2,16,6,37.5,0.06,0.17,16.7,0,1,1,2.2,1.4,0.09,-0.2,-0.4,0.0,7.0,4.0,57.1,0.0,0.0,17.0,0.0,0.0,0.0,0.4,0.4,0.05,-0.4,-0.4
2021,Portland Thorns FC,2021-07-11 00:00:00,12:00 (15:00),Regular Season,Sun,Home,D,0,0,Gotham FC,0,22,4,18.2,0.0,0.0,16.0,0,0,0,2.1,2.1,0.1,-2.1,-2.1,0.0,11.0,2.0,18.2,0.0,0.0,18.5,0.0,0.0,0.0,0.8,0.8,0.07,-0.8,-0.8
2021,Portland Thorns FC,2021-07-18 00:00:00,19:30 (22:30),Regular Season,Sun,Home,W,2,1,Pride,2,19,4,21.1,0.11,0.5,18.2,0,0,1,2.4,1.6,0.08,-0.4,0.4,1.0,6.0,2.0,33.3,0.17,0.5,13.5,0.0,0.0,0.0,0.3,0.3,0.05,0.7,0.7
2021,Portland Thorns FC,2021-07-24 00:00:00,19:30 (20:30),Regular Season,Sat,Away,W,1,0,Dash,1,14,3,21.4,0.07,0.33,19.9,0,0,0,1.2,1.2,0.09,-0.2,-0.2,0.0,13.0,2.0,15.4,0.0,0.0,19.6,0.0,0.0,0.0,0.7,0.7,0.05,-0.7,-0.7
2021,Portland Thorns FC,2021-08-01 00:00:00,12:00 (15:00),Regular Season,Sun,Home,W,2,0,Kansas City,1,20,7,35.0,0.05,0.14,14.2,0,0,0,1.6,1.6,0.08,-0.6,-0.6,0.0,18.0,2.0,11.1,0.0,0.0,14.2,0.0,0.0,0.0,1.5,1.5,0.09,-1.5,-1.5
2021,Portland Thorns FC,2021-08-07 00:00:00,19:30,Regular Season,Sat,Away,W,1,0,Spirit,1,10,3,30.0,0.1,0.33,14.8,0,0,0,1.5,1.5,0.15,-0.5,-0.5,0.0,11.0,3.0,27.3,0.0,0.0,21.0,0.0,0.0,0.0,0.8,0.8,0.07,-0.8,-0.8
2021,Portland Thorns FC,2021-08-14 00:00:00,19:00,Regular Season,Sat,Away,D,1,1,Pride,1,17,4,23.5,0.06,0.25,20.2,0,0,0,0.8,0.8,0.05,0.2,0.2,1.0,8.0,3.0,37.5,0.13,0.33,16.2,0.0,0.0,0.0,1.4,1.4,0.18,-0.4,-0.4
2021,Portland Thorns FC,2021-08-25 00:00:00,19:30 (22:30),Regular Season,Wed,Home,W,2,1,Gotham FC,2,19,8,42.1,0.05,0.13,18.7,1,1,1,2.8,2.0,0.1,-0.8,-1.0,1.0,9.0,3.0,33.3,0.11,0.33,11.2,0.0,0.0,0.0,0.6,0.6,0.06,0.4,0.4
2021,Portland Thorns FC,2021-08-29 00:00:00,16:00 (19:00),Regular Season,Sun,Away,L,1,2,Reign,1,19,6,31.6,0.05,0.17,19.8,0,0,0,1.2,1.2,0.06,-0.2,-0.2,2.0,14.0,3.0,21.4,0.07,0.33,17.0,0.0,1.0,1.0,1.9,1.1,0.08,0.1,-0.1
2021,Portland Thorns FC,2021-09-12 00:00:00,15:00,Regular Season,Sun,Away,W,1,0,Courage,1,24,8,33.3,0.04,0.13,20.6,0,0,0,1.5,1.5,0.06,-0.5,-0.5,0.0,10.0,5.0,50.0,0.0,0.0,13.7,0.0,0.0,0.0,1.1,1.1,0.11,-1.1,-1.1
2021,Portland Thorns FC,2021-09-25 00:00:00,19:00 (20:00),Regular Season,Sat,Away,L,1,2,Red Stars,1,14,2,14.3,0.07,0.5,17.8,1,0,0,0.7,0.7,0.05,0.3,0.3,2.0,15.0,8.0,53.3,0.13,0.25,13.3,0.0,0.0,0.0,1.5,1.5,0.1,0.5,0.5
2021,Portland Thorns FC,2021-10-06 00:00:00,19:00 (22:00),Regular Season,Wed,Home,L,2,3,Dash,2,26,9,34.6,0.08,0.22,18.1,0,0,0,2.1,2.1,0.08,-0.1,-0.1,3.0,10.0,4.0,40.0,0.2,0.5,13.7,0.0,1.0,1.0,2.8,2.1,0.23,0.2,-0.1
2021,Portland Thorns FC,2021-10-10 00:00:00,16:00 (17:00),Regular Season,Sun,Away,D,0,0,Kansas City,0,17,2,11.8,0.0,0.0,18.3,0,0,1,1.6,0.8,0.05,-1.6,-0.8,0.0,9.0,2.0,22.2,0.0,0.0,24.1,0.0,0.0,0.0,0.4,0.4,0.04,-0.4,-0.4
2021,Portland Thorns FC,2021-10-13 00:00:00,19:30 (22:30),Regular Season,Wed,Home,D,1,1,Reign,1,23,4,17.4,0.04,0.25,20.1,0,0,0,1.3,1.3,0.06,-0.3,-0.3,1.0,15.0,4.0,26.7,0.0,0.0,15.8,0.0,1.0,1.0,1.7,1.5,0.13,-0.7,-1.5
2021,Portland Thorns FC,2021-10-17 00:00:00,18:00 (19:00),Regular Season,Sun,Away,W,1,0,Dash,1,16,4,25.0,0.06,0.25,16.5,1,0,0,2.3,2.3,0.14,-1.3,-1.3,0.0,13.0,5.0,38.5,0.0,0.0,14.9,0.0,0.0,0.0,1.3,1.3,0.1,-1.3,-1.3
2021,Portland Thorns FC,2021-10-30 00:00:00,19:00 (22:00),Regular Season,Sat,Home,D,0,0,Courage,0,19,5,26.3,0.0,0.0,17.4,0,0,0,1.8,1.8,0.1,-1.8,-1.8,0.0,20.0,2.0,10.0,0.0,0.0,16.0,0.0,0.0,0.0,1.4,1.4,0.07,-1.4,-1.4
2021,Portland Thorns FC,2021-11-14 00:00:00,14:30 (17:30),Semifinals,Sun,Home,L,0,2,Red Stars,0,21,7,33.3,0.0,0.0,18.4,0,0,0,1.0,1.0,0.05,-1.0,-1.0,2.0,5.0,2.0,40.0,0.4,1.0,20.1,0.0,0.0,0.0,0.2,0.2,0.05,1.8,1.8
2021,Racing Louisville,2021-05-15 00:00:00,17:00,Regular Season,Sat,Home,D,0,0,Kansas City,0,13,1,7.7,0.0,0.0,18.3,0,0,0,0.8,0.8,0.06,-0.8,-0.8,0.0,11.0,3.0,27.3,0.0,0.0,20.9,2.0,0.0,0.0,0.5,0.5,0.05,-0.5,-0.5
2021,Racing Louisville,2021-05-21 00:00:00,19:30,Regular Season,Fri,Home,W,2,0,Spirit,2,8,3,37.5,0.25,0.67,18.0,1,0,0,1.3,1.3,0.16,0.7,0.7,0.0,32.0,10.0,31.3,0.0,0.0,17.7,1.0,0.0,0.0,3.0,3.0,0.11,-3.0,-3.0
2021,Racing Louisville,2021-05-28 00:00:00,19:00,Regular Season,Fri,Away,L,0,5,Courage,0,7,1,14.3,0.0,0.0,20.2,0,0,0,0.3,0.3,0.05,-0.3,-0.3,5.0,27.0,10.0,37.0,0.19,0.5,16.3,0.0,0.0,0.0,4.0,4.0,0.15,1.0,1.0
2021,Racing Louisville,2021-06-05 00:00:00,19:30 (22:30),Regular Season,Sat,Away,L,0,3,Thorns,0,4,0,0.0,0.0,,18.1,0,0,0,0.3,0.3,0.07,-0.3,-0.3,3.0,28.0,12.0,42.9,0.11,0.25,18.4,0.0,0.0,0.0,3.3,3.3,0.12,-0.3,-0.3
2021,Racing Louisville,2021-06-20 00:00:00,15:00,Regular Season,Sun,Home,W,1,0,Dash,1,11,5,45.5,0.09,0.2,14.8,0,0,0,2.4,2.4,0.22,-1.4,-1.4,0.0,23.0,7.0,30.4,0.0,0.0,16.4,1.0,0.0,0.0,2.7,2.7,0.12,-2.7,-2.7
2021,Racing Louisville,2021-06-23 00:00:00,19:30,Regular Season,Wed,Home,L,0,2,Courage,0,4,2,50.0,0.0,0.0,19.0,0,0,0,0.4,0.4,0.1,-0.4,-0.4,2.0,19.0,8.0,42.1,0.11,0.25,13.9,1.0,0.0,0.0,2.2,2.2,0.12,-0.2,-0.2
2021,Racing Louisville,2021-06-26 00:00:00,15:25 (16:25),Regular Season,Sat,Away,W,3,0,Red Stars,3,11,5,45.5,0.27,0.6,16.1,0,0,0,1.4,1.4,0.12,1.6,1.6,0.0,17.0,3.0,17.6,0.0,0.0,17.3,1.0,0.0,0.0,1.7,1.7,0.1,-1.7,-1.7
2021,Racing Louisville,2021-07-03 00:00:00,19:30,Regular Season,Sat,Home,L,0,2,Thorns,0,7,4,57.1,0.0,0.0,17.0,0,0,0,0.4,0.4,0.05,-0.4,-0.4,2.0,16.0,6.0,37.5,0.06,0.17,16.7,0.0,1.0,1.0,2.2,1.4,0.09,-0.2,-0.4
2021,Racing Louisville,2021-07-09 00:00:00,19:00,Regular Season,Fri,Away,D,1,1,Pride,1,5,1,20.0,0.2,1.0,20.4,0,0,0,0.5,0.5,0.1,0.5,0.5,1.0,9.0,2.0,22.2,0.11,0.5,17.0,2.0,0.0,0.0,1.1,1.1,0.12,-0.1,-0.1
2021,Racing Louisville,2021-07-25 00:00:00,19:30,Regular Season,Sun,Home,L,0,2,Spirit,0,19,6,31.6,0.0,0.0,17.2,0,0,0,1.5,1.5,0.08,-1.5,-1.5,2.0,18.0,7.0,38.9,0.11,0.29,17.7,1.0,0.0,0.0,1.7,1.7,0.1,0.3,0.3
2021,Racing Louisville,2021-07-31 00:00:00,19:00 (22:00),Regular Season,Sat,Away,L,0,2,Reign,0,17,2,11.8,0.0,0.0,16.7,0,0,0,1.4,1.4,0.08,-1.4,-1.4,2.0,10.0,6.0,60.0,0.2,0.33,14.7,0.0,0.0,0.0,1.4,1.4,0.14,0.6,0.6
2021,Racing Louisville,2021-08-08 00:00:00,15:00,Regular Season,Sun,Home,W,3,1,Kansas City,3,12,3,25.0,0.25,1.0,13.3,0,0,0,2.5,2.5,0.21,0.5,0.5,1.0,14.0,9.0,64.3,0.07,0.11,16.8,2.0,0.0,0.0,1.9,1.9,0.15,-0.9,-0.9
2021,Racing Louisville,2021-08-15 00:00:00,17:00,Regular Season,Sun,Away,D,1,1,Gotham FC,1,10,4,40.0,0.1,0.25,14.1,0,0,0,2.2,2.2,0.23,-1.2,-1.2,1.0,11.0,2.0,18.2,0.09,0.5,21.0,0.0,0.0,0.0,0.5,0.5,0.05,0.5,0.5
2021,Racing Louisville,2021-08-18 00:00:00,19:30,Regular Season,Wed,Home,D,1,1,Red Stars,1,7,1,14.3,0.14,1.0,17.0,0,0,0,0.8,0.8,0.12,0.2,0.2,1.0,20.0,7.0,35.0,0.05,0.14,15.2,0.0,0.0,0.0,2.3,2.3,0.12,-1.3,-1.3
2021,Racing Louisville,2021-08-25 00:00:00,19:00 (20:00),Regular Season,Wed,Away,L,1,2,Kansas City,1,6,2,33.3,0.17,0.5,22.0,0,0,0,0.9,0.9,0.15,0.1,0.1,1.0,14.0,7.0,50.0,0.07,0.14,20.1,1.0,0.0,0.0,1.5,1.5,0.11,-0.5,-0.5
2021,Racing Louisville,2021-08-29 00:00:00,18:30 (19:30),Regular Season,Sun,Away,L,0,1,Dash,0,5,3,60.0,0.0,0.0,15.2,0,0,0,1.4,1.4,0.28,-1.4,-1.4,1.0,14.0,4.0,28.6,0.07,0.25,16.8,1.0,0.0,0.0,1.3,1.3,0.1,-0.3,-0.3
2021,Racing Louisville,2021-09-04 00:00:00,19:30,Regular Season,Sat,Home,D,1,1,Reign,1,9,3,33.3,0.11,0.33,23.0,0,0,0,0.8,0.8,0.09,0.2,0.2,1.0,26.0,7.0,26.9,0.04,0.14,18.0,0.0,0.0,0.0,2.1,2.1,0.08,-1.1,-1.1
2021,Racing Louisville,2021-09-11 00:00:00,19:00,Regular Season,Sat,Away,L,1,3,Pride,1,12,3,25.0,0.08,0.33,16.0,0,0,0,0.9,0.9,0.08,0.1,0.1,3.0,6.0,4.0,66.7,0.5,0.75,11.5,0.0,0.0,0.0,1.6,1.6,0.26,1.4,1.4
2021,Racing Louisville,2021-09-26 00:00:00,15:00,Regular Season,Sun,Home,L,0,4,Dash,0,3,0,0.0,0.0,,16.3,0,0,0,0.2,0.2,0.05,-0.2,-0.2,4.0,17.0,7.0,41.2,0.24,0.57,15.3,0.0,0.0,0.0,1.8,1.8,0.1,2.2,2.2
2021,Racing Louisville,2021-10-06 00:00:00,19:30,Regular Season,Wed,Away,L,1,3,Courage,1,6,2,33.3,0.17,0.5,21.6,0,0,0,0.6,0.6,0.1,0.4,0.4,3.0,24.0,9.0,37.5,0.13,0.33,16.2,0.0,0.0,0.0,3.4,3.4,0.15,-0.4,-0.4
2021,Racing Louisville,2021-10-09 00:00:00,19:30,Regular Season,Sat,Away,L,0,3,Spirit,0,11,3,27.3,0.0,0.0,21.2,1,0,0,0.6,0.6,0.05,-0.6,-0.6,3.0,18.0,5.0,27.8,0.11,0.4,15.7,0.0,1.0,1.0,3.6,2.8,0.16,-0.6,-0.8
2021,Racing Louisville,2021-10-16 00:00:00,19:30,Regular Season,Sat,Home,W,3,1,Pride,3,13,6,46.2,0.23,0.5,19.4,0,0,0,1.3,1.3,0.1,1.7,1.7,1.0,10.0,3.0,30.0,0.1,0.33,16.0,0.0,0.0,0.0,1.6,1.6,0.16,-0.6,-0.6
2021,Racing Louisville,2021-10-28 00:00:00,19:30,Regular Season,Thu,Home,D,1,1,Gotham FC,1,9,3,33.3,0.11,0.33,16.0,0,0,0,0.9,0.9,0.1,0.1,0.1,1.0,19.0,7.0,36.8,0.05,0.14,13.9,0.0,0.0,0.0,1.8,1.8,0.1,-0.8,-0.8
2021,Racing Louisville,2021-10-31 00:00:00,15:00,Regular Season,Sun,Away,D,1,1,Gotham FC,1,4,2,50.0,0.0,0.0,24.1,0,1,1,1.4,0.6,0.15,-0.4,-0.6,1.0,15.0,2.0,13.3,0.07,0.5,12.7,0.0,0.0,0.0,1.6,1.6,0.11,-0.6,-0.6
2021,Seattle Reign FC,2021-05-15 00:00:00,19:00 (22:00),Regular Season,Sat,Home,D,0,0,Courage,0,11,3,27.3,0.0,0.0,22.5,1,0,0,0.7,0.7,0.06,-0.7,-0.7,0.0,19.0,6.0,31.6,0.0,0.0,15.3,0.0,0.0,0.0,1.6,1.6,0.09,-1.6,-1.6
2021,Seattle Reign FC,2021-05-23 00:00:00,15:00 (18:00),Regular Season,Sun,Away,W,2,1,Thorns,2,12,4,33.3,0.17,0.5,22.3,1,0,0,1.1,1.1,0.09,0.9,0.9,1.0,23.0,9.0,39.1,0.04,0.11,15.5,2.0,0.0,0.0,2.1,2.1,0.09,-1.1,-1.1
2021,Seattle Reign FC,2021-05-30 00:00:00,16:00 (19:00),Regular Season,Sun,Home,L,0,1,Spirit,0,14,6,42.9,0.0,0.0,23.7,1,0,0,0.6,0.6,0.04,-0.6,-0.6,0.0,12.0,6.0,50.0,0.0,0.0,18.0,0.0,0.0,0.0,0.8,0.8,0.07,-0.8,-0.8
2021,Seattle Reign FC,2021-06-05 00:00:00,19:00,Regular Season,Sat,Away,L,0,1,Gotham FC,0,18,6,33.3,0.0,0.0,18.5,0,0,0,2.0,2.0,0.11,-2.0,-2.0,1.0,15.0,3.0,20.0,0.07,0.33,18.3,0.0,0.0,0.0,0.7,0.7,0.04,0.3,0.3
2021,Seattle Reign FC,2021-06-19 00:00:00,16:00,Regular Season,Sat,Away,L,1,2,Courage,1,13,5,38.5,0.08,0.2,22.0,0,0,0,1.0,1.0,0.08,0.0,0.0,2.0,15.0,3.0,20.0,0.13,0.67,16.9,0.0,0.0,0.0,1.6,1.6,0.11,0.4,0.4
2021,Seattle Reign FC,2021-06-22 00:00:00,19:00 (22:00),Regular Season,Tue,Home,W,2,0,Red Stars,2,18,7,38.9,0.11,0.29,16.5,0,0,0,2.4,2.4,0.13,-0.4,-0.4,0.0,9.0,2.0,22.2,0.0,0.0,21.6,0.0,0.0,0.0,0.6,0.6,0.07,-0.6,-0.6
2021,Seattle Reign FC,2021-06-26 00:00:00,13:00 (16:00),Regular Season,Sat,Home,L,0,3,Gotham FC,0,23,6,26.1,0.0,0.0,17.4,1,0,0,2.0,2.0,0.09,-2.0,-2.0,3.0,18.0,7.0,38.9,0.17,0.43,17.0,1.0,0.0,0.0,2.5,2.5,0.14,0.5,0.5
2021,Seattle Reign FC,2021-07-02 00:00:00,19:30 (20:30),Regular Season,Fri,Away,L,0,2,Dash,0,10,4,40.0,0.0,0.0,16.6,0,0,0,0.9,0.9,0.1,-0.9,-0.9,2.0,11.0,2.0,18.2,0.18,1.0,17.0,0.0,0.0,0.0,2.3,2.3,0.21,-0.3,-0.3
2021,Seattle Reign FC,2021-07-11 00:00:00,16:00 (19:00),Regular Season,Sun,Home,W,2,0,Kansas City,2,21,9,42.9,0.1,0.22,16.1,0,0,0,1.9,1.9,0.09,0.1,0.1,0.0,11.0,6.0,54.5,0.0,0.0,18.9,1.0,0.0,0.0,0.8,0.8,0.07,-0.8,-0.8
2021,Seattle Reign FC,2021-07-18 00:00:00,17:00 (18:00),Regular Season,Sun,Away,L,1,3,Red Stars,1,12,4,33.3,0.08,0.25,16.9,0,0,0,1.2,1.2,0.1,-0.2,-0.2,1.0,6.0,2.0,33.3,0.17,0.5,16.5,1.0,0.0,0.0,0.4,0.4,0.06,0.6,0.6
2021,Seattle Reign FC,2021-07-24 00:00:00,19:00,Regular Season,Sat,Away,W,2,0,Pride,2,16,10,62.5,0.13,0.2,17.4,2,0,1,2.1,1.3,0.09,-0.1,0.7,0.0,7.0,0.0,0.0,0.0,,16.9,1.0,0.0,0.0,0.8,0.8,0.11,-0.8,-0.8
2021,Seattle Reign FC,2021-07-31 00:00:00,19:00 (22:00),Regular Season,Sat,Home,W,2,0,Louisville,2,10,6,60.0,0.2,0.33,14.7,0,0,0,1.4,1.4,0.14,0.6,0.6,0.0,17.0,2.0,11.8,0.0,0.0,16.7,0.0,0.0,0.0,1.4,1.4,0.08,-1.4,-1.4
2021,Seattle Reign FC,2021-08-07 00:00:00,19:00 (22:00),Regular Season,Sat,Home,W,5,1,Dash,5,22,8,36.4,0.23,0.63,16.8,1,0,0,2.6,2.6,0.13,2.4,2.4,0.0,3.0,1.0,33.3,0.0,0.0,11.3,0.0,0.0,0.0,0.6,0.6,0.22,-0.6,-0.6
2021,Seattle Reign FC,2021-08-14 00:00:00,19:00 (20:00),Regular Season,Sat,Away,L,0,1,Kansas City,0,12,0,0.0,0.0,,23.2,1,0,0,0.8,0.8,0.07,-0.8,-0.8,1.0,17.0,5.0,29.4,0.06,0.2,21.3,0.0,0.0,0.0,1.0,1.0,0.06,0.0,0.0
2021,Seattle Reign FC,2021-08-21 00:00:00,19:00 (22:00),Regular Season,Sat,Home,W,3,2,Gotham FC,3,26,11,42.3,0.04,0.09,22.2,3,2,2,3.4,1.9,0.07,-0.4,-0.9,2.0,8.0,5.0,62.5,0.25,0.4,15.9,0.0,0.0,0.0,1.3,1.3,0.16,0.7,0.7
2021,Seattle Reign FC,2021-08-29 00:00:00,16:00 (19:00),Regular Season,Sun,Home,W,2,1,Thorns,2,14,3,21.4,0.07,0.33,17.0,0,1,1,1.9,1.1,0.08,0.1,-0.1,1.0,19.0,6.0,31.6,0.05,0.17,19.8,0.0,0.0,0.0,1.2,1.2,0.06,-0.2,-0.2
2021,Seattle Reign FC,2021-09-01 00:00:00,19:00 (20:00),Regular Season,Wed,Away,W,1,0,Dash,1,11,7,63.6,0.09,0.14,13.9,0,0,0,1.8,1.8,0.17,-0.8,-0.8,0.0,7.0,5.0,71.4,0.0,0.0,18.4,1.0,0.0,0.0,0.8,0.8,0.11,-0.8,-0.8
2021,Seattle Reign FC,2021-09-04 00:00:00,19:30,Regular Season,Sat,Away,D,1,1,Louisville,1,26,7,26.9,0.04,0.14,18.0,0,0,0,2.1,2.1,0.08,-1.1,-1.1,1.0,9.0,3.0,33.3,0.11,0.33,23.0,0.0,0.0,0.0,0.8,0.8,0.09,0.2,0.2
2021,Seattle Reign FC,2021-09-26 00:00:00,16:00 (19:00),Regular Season,Sun,Home,W,3,0,Pride,3,22,8,36.4,0.14,0.38,16.9,1,0,0,3.1,3.1,0.14,-0.1,-0.1,0.0,11.0,3.0,27.3,0.0,0.0,18.6,0.0,0.0,0.0,0.6,0.6,0.05,-0.6,-0.6
2021,Seattle Reign FC,2021-10-10 00:00:00,16:00 (19:00),Regular Season,Sun,Home,W,3,2,Red Stars,3,20,6,30.0,0.15,0.5,19.3,1,0,0,1.8,1.8,0.09,1.2,1.2,2.0,17.0,9.0,52.9,0.12,0.22,19.5,0.0,0.0,0.0,1.7,1.7,0.1,0.3,0.3
2021,Seattle Reign FC,2021-10-13 00:00:00,19:30 (22:30),Regular Season,Wed,Away,D,1,1,Thorns,1,15,4,26.7,0.0,0.0,15.8,0,1,1,1.7,1.5,0.13,-0.7,-1.5,1.0,23.0,4.0,17.4,0.04,0.25,20.1,0.0,0.0,0.0,1.3,1.3,0.06,-0.3,-0.3
2021,Seattle Reign FC,2021-10-16 00:00:00,19:00 (22:00),Regular Season,Sat,Home,L,0,2,Spirit,0,16,3,18.8,0.0,0.0,18.2,1,0,0,1.0,1.0,0.06,-1.0,-1.0,2.0,17.0,6.0,35.3,0.12,0.33,20.6,0.0,0.0,0.0,1.2,1.2,0.07,0.8,0.8
2021,Seattle Reign FC,2021-10-30 00:00:00,20:00 (21:00),Regular Season,Sat,Away,W,3,0,Kansas City,2,21,6,28.6,0.1,0.33,13.7,0,0,0,2.8,2.8,0.14,-0.8,-0.8,0.0,6.0,1.0,16.7,0.0,0.0,16.8,0.0,0.0,0.0,0.8,0.8,0.14,-0.8,-0.8
2021,Seattle Reign FC,2021-11-14 00:00:00,12:00 (15:00),Semifinals,Sun,Home,L,1,2,Spirit,1,23,3,13.0,0.04,0.33,15.8,1,0,0,3.5,3.5,0.15,-2.5,-2.5,2.0,13.0,4.0,30.8,0.15,0.5,18.7,0.0,0.0,0.0,1.5,1.5,0.12,0.5,0.5
2021,Washington Spirit,2021-05-16 00:00:00,18:00,Regular Season,Sun,Away,D,1,1,Pride,1,12,4,33.3,0.08,0.25,15.0,0,0,0,2.1,2.1,0.17,-1.1,-1.1,1.0,11.0,2.0,18.2,0.09,0.5,17.1,0.0,0.0,0.0,1.4,1.4,0.13,-0.4,-0.4
2021,Washington Spirit,2021-05-21 00:00:00,19:30,Regular Season,Fri,Away,L,0,2,Louisville,0,32,10,31.3,0.0,0.0,17.7,1,0,0,3.0,3.0,0.11,-3.0,-3.0,2.0,8.0,3.0,37.5,0.25,0.67,18.0,1.0,0.0,0.0,1.3,1.3,0.16,0.7,0.7
2021,Washington Spirit,2021-05-26 00:00:00,19:30 (20:30),Regular Season,Wed,Home,W,2,1,Dash,2,14,5,35.7,0.14,0.4,19.0,0,0,0,1.0,1.0,0.07,1.0,1.0,1.0,18.0,6.0,33.3,0.06,0.17,12.9,1.0,0.0,0.0,3.0,3.0,0.17,-2.0,-2.0
2021,Washington Spirit,2021-05-30 00:00:00,16:00 (19:00),Regular Season,Sun,Away,W,1,0,Reign,0,12,6,50.0,0.0,0.0,18.0,0,0,0,0.8,0.8,0.07,-0.8,-0.8,0.0,14.0,6.0,42.9,0.0,0.0,23.7,1.0,0.0,0.0,0.6,0.6,0.04,-0.6,-0.6
2021,Washington Spirit,2021-06-06 00:00:00,14:00,Regular Season,Sun,Home,D,1,1,Pride,1,21,6,28.6,0.05,0.17,18.7,0,0,0,1.3,1.3,0.06,-0.3,-0.3,1.0,9.0,2.0,22.2,0.11,0.5,18.1,0.0,0.0,0.0,0.4,0.4,0.04,0.6,0.6
2021,Washington Spirit,2021-06-19 00:00:00,19:00 (20:00),Regular Season,Sat,Away,D,1,1,Red Stars,1,7,4,57.1,0.14,0.25,16.6,0,0,0,1.1,1.1,0.16,-0.1,-0.1,1.0,16.0,3.0,18.8,0.0,0.0,19.6,0.0,1.0,1.0,1.7,0.9,0.06,-0.7,-0.9
2021,Washington Spirit,2021-06-26 00:00:00,19:30 (20:30),Regular Season,Sat,Away,W,2,1,Kansas City,2,11,4,36.4,0.18,0.5,19.4,0,0,0,1.4,1.4,0.13,0.6,0.6,1.0,13.0,2.0,15.4,0.08,0.5,18.7,1.0,0.0,0.0,1.1,1.1,0.08,-0.1,-0.1
2021,Washington Spirit,2021-07-02 00:00:00,19:30,Regular Season,Fri,Home,L,0,1,Red Stars,0,13,1,7.7,0.0,0.0,23.2,0,0,0,0.5,0.5,0.04,-0.5,-0.5,0.0,8.0,2.0,25.0,0.0,0.0,17.7,0.0,0.0,0.0,0.5,0.5,0.06,-0.5,-0.5
2021,Washington Spirit,2021-07-10 00:00:00,19:00,Regular Season,Sat,Home,W,2,0,Courage,2,18,9,50.0,0.11,0.22,18.3,1,0,0,2.7,2.7,0.15,-0.7,-0.7,0.0,9.0,2.0,22.2,0.0,0.0,13.0,0.0,0.0,0.0,1.6,1.6,0.2,-1.6,-1.6
2021,Washington Spirit,2021-07-18 00:00:00,17:00,Regular Season,Sun,Home,L,2,3,Gotham FC,2,8,5,62.5,0.25,0.4,16.5,1,0,0,1.7,1.7,0.21,0.3,0.3,3.0,24.0,6.0,25.0,0.13,0.5,17.4,2.0,0.0,0.0,3.4,3.4,0.15,-0.4,-0.4
2021,Washington Spirit,2021-07-25 00:00:00,19:30,Regular Season,Sun,Away,W,2,0,Louisville,2,18,7,38.9,0.11,0.29,17.7,1,0,0,1.7,1.7,0.1,0.3,0.3,0.0,19.0,6.0,31.6,0.0,0.0,17.2,0.0,0.0,0.0,1.5,1.5,0.08,-1.5,-1.5
2021,Washington Spirit,2021-08-01 00:00:00,17:00 (18:00),Regular Season,Sun,Away,L,1,3,Red Stars,1,14,5,35.7,0.07,0.2,12.7,1,0,0,1.7,1.7,0.12,-0.7,-0.7,3.0,11.0,5.0,45.5,0.18,0.4,19.2,2.0,1.0,1.0,2.6,1.9,0.19,0.4,0.1
2021,Washington Spirit,2021-08-07 00:00:00,19:30,Regular Season,Sat,Home,L,0,1,Thorns,0,11,3,27.3,0.0,0.0,21.0,0,0,0,0.8,0.8,0.07,-0.8,-0.8,1.0,10.0,3.0,30.0,0.1,0.33,14.8,0.0,0.0,0.0,1.5,1.5,0.15,-0.5,-0.5
2021,Washington Spirit,2021-08-13 00:00:00,19:30 (20:30),Regular Season,Fri,Away,D,2,2,Dash,2,12,4,33.3,0.17,0.5,16.9,0,0,0,1.0,1.0,0.09,1.0,1.0,2.0,17.0,4.0,23.5,0.12,0.5,18.0,1.0,0.0,0.0,2.1,2.1,0.12,-0.1,-0.1
2021,Washington Spirit,2021-08-22 00:00:00,16:00,Regular Season,Sun,Home,W,2,1,Pride,2,19,7,36.8,0.11,0.29,17.9,0,0,0,1.9,1.9,0.1,0.1,0.1,1.0,12.0,4.0,33.3,0.08,0.25,18.6,1.0,0.0,0.0,1.0,1.0,0.08,0.0,0.0
2021,Washington Spirit,2021-08-29 00:00:00,17:00,Regular Season,Sun,Home,D,0,0,Courage,0,22,4,18.2,0.0,0.0,20.6,0,0,0,1.3,1.3,0.06,-1.3,-1.3,0.0,10.0,5.0,50.0,0.0,0.0,21.0,0.0,0.0,0.0,1.2,1.2,0.12,-1.2,-1.2
2021,Washington Spirit,2021-09-26 00:00:00,17:00,Regular Season,Sun,Home,W,2,1,Kansas City,2,8,2,25.0,0.13,0.5,19.3,0,1,1,1.2,0.4,0.05,0.8,0.6,1.0,7.0,2.0,28.6,0.14,0.5,16.0,0.0,0.0,0.0,0.8,0.8,0.11,0.2,0.2
2021,Washington Spirit,2021-10-06 00:00:00,19:00,Regular Season,Wed,Away,D,0,0,Gotham FC,0,11,3,27.3,0.0,0.0,20.5,0,0,0,0.6,0.6,0.05,-0.6,-0.6,0.0,14.0,3.0,21.4,0.0,0.0,14.9,0.0,0.0,0.0,1.1,1.1,0.08,-1.1,-1.1
2021,Washington Spirit,2021-10-09 00:00:00,19:30,Regular Season,Sat,Home,W,3,0,Louisville,3,18,5,27.8,0.11,0.4,15.7,0,1,1,3.6,2.8,0.16,-0.6,-0.8,0.0,11.0,3.0,27.3,0.0,0.0,21.2,1.0,0.0,0.0,0.6,0.6,0.05,-0.6,-0.6
2021,Washington Spirit,2021-10-13 00:00:00,19:30,Regular Season,Wed,Away,W,2,1,Courage,2,7,4,57.1,0.29,0.5,17.1,0,0,0,0.9,0.9,0.13,1.1,1.1,0.0,14.0,7.0,50.0,0.0,0.0,16.0,0.0,0.0,0.0,1.7,1.7,0.12,-1.7,-1.7
2021,Washington Spirit,2021-10-16 00:00:00,19:00 (22:00),Regular Season,Sat,Away,W,2,0,Reign,2,17,6,35.3,0.12,0.33,20.6,0,0,0,1.2,1.2,0.07,0.8,0.8,0.0,16.0,3.0,18.8,0.0,0.0,18.2,1.0,0.0,0.0,1.0,1.0,0.06,-1.0,-1.0
2021,Washington Spirit,2021-10-31 00:00:00,14:00,Regular Season,Sun,Home,W,1,0,Dash,1,15,5,33.3,0.07,0.2,18.9,1,0,0,1.4,1.4,0.09,-0.4,-0.4,0.0,10.0,5.0,50.0,0.0,0.0,15.5,0.0,0.0,0.0,0.6,0.6,0.06,-0.6,-0.6
2021,Washington Spirit,2021-11-07 00:00:00,17:30,First round,Sun,Home,W,1,0,Courage,1,33,13,39.4,0.03,0.08,20.8,2,0,0,2.0,2.0,0.06,-1.0,-1.0,0.0,21.0,8.0,38.1,0.0,0.0,17.8,0.0,0.0,0.0,1.4,1.4,0.07,-1.4,-1.4
2021,Washington Spirit,2021-11-14 00:00:00,12:00 (15:00),Semifinals,Sun,Away,W,2,1,Reign,2,13,4,30.8,0.15,0.5,18.7,0,0,0,1.5,1.5,0.12,0.5,0.5,1.0,23.0,3.0,13.0,0.04,0.33,15.8,1.0,0.0,0.0,3.5,3.5,0.15,-2.5,-2.5
2021,Washington Spirit,2021-11-20 00:00:00,12:00,Final,Sat,Home,W,2,1,Red Stars,2,30,9,30.0,0.03,0.11,19.5,1,1,1,2.7,1.9,0.06,-0.7,-0.9,1.0,14.0,3.0,21.4,0.07,0.33,19.1,0.0,0.0,0.0,1.5,1.5,0.11,-0.5,-0.5
2019,Chicago Stars,2019-04-13 00:00:00,19:00,Regular Season,Sat,Away,D,1,1,Courage,1,6,1,16.7,0.17,1.0,13.1,0,0,0,1.7,1.7,0.29,-0.7,-0.7,1.0,24.0,6.0,25.0,0.04,0.17,19.7,1.0,0.0,0.0,1.1,1.1,0.05,-0.1,-0.1
2019,Chicago Stars,2019-04-20 00:00:00,14:30 (15:30),Regular Season,Sat,Home,D,4,4,Thorns,4,19,6,31.6,0.16,0.5,16.4,0,1,1,3.1,2.3,0.13,0.9,0.7,4.0,9.0,4.0,44.4,0.33,0.75,18.1,0.0,1.0,1.0,2.9,2.1,0.23,1.1,0.9
2019,Chicago Stars,2019-04-28 00:00:00,12:00 (13:00),Regular Season,Sun,Home,W,3,0,Reign,3,17,9,52.9,0.18,0.33,16.6,0,0,0,2.9,2.9,0.18,0.1,0.1,0.0,16.0,5.0,31.3,0.0,0.0,21.3,0.0,0.0,0.0,1.5,1.5,0.1,-1.5,-1.5
2019,Chicago Stars,2019-05-03 00:00:00,19:30 (21:30),Regular Season,Fri,Away,L,0,1,Royals,0,8,3,37.5,0.0,0.0,15.2,0,0,0,0.8,0.8,0.11,-0.8,-0.8,1.0,14.0,4.0,28.6,0.07,0.25,22.0,1.0,0.0,0.0,0.8,0.8,0.06,0.2,0.2
2019,Chicago Stars,2019-05-12 00:00:00,17:00 (18:00),Regular Season,Sun,Home,W,3,1,Courage,3,9,3,33.3,0.33,1.0,17.5,0,0,0,1.9,1.9,0.27,1.1,1.1,1.0,16.0,5.0,31.3,0.06,0.2,15.9,0.0,0.0,0.0,2.1,2.1,0.13,-1.1,-1.1
2019,Chicago Stars,2019-05-19 00:00:00,17:00 (18:00),Regular Season,Sun,Away,W,2,1,Dash,2,13,4,30.8,0.15,0.5,16.2,1,0,0,2.5,2.5,0.19,-0.5,-0.5,1.0,9.0,3.0,33.3,0.11,0.33,17.7,0.0,0.0,0.0,0.5,0.5,0.06,0.5,0.5
2019,Chicago Stars,2019-05-26 00:00:00,17:00 (18:00),Regular Season,Sun,Home,L,0,2,Spirit,0,20,7,35.0,0.0,0.0,15.5,0,0,0,1.4,1.4,0.07,-1.4,-1.4,1.0,10.0,3.0,30.0,0.1,0.33,15.2,1.0,0.0,0.0,0.7,0.7,0.07,0.3,0.3
2019,Chicago Stars,2019-06-02 00:00:00,15:00 (18:00),Regular Season,Sun,Away,L,0,3,Thorns,0,28,4,14.3,0.0,0.0,20.4,0,0,0,1.6,1.6,0.06,-1.6,-1.6,3.0,9.0,4.0,44.4,0.33,0.75,9.8,0.0,0.0,0.0,3.1,3.1,0.35,-0.1,-0.1
2019,Chicago Stars,2019-06-23 00:00:00,17:00 (18:00),Regular Season,Sun,Home,L,0,1,Reign,0,9,3,33.3,0.0,0.0,17.6,0,0,0,0.7,0.7,0.08,-0.7,-0.7,1.0,15.0,4.0,26.7,0.07,0.25,20.1,0.0,0.0,0.0,2.0,2.0,0.13,-1.0,-1.0
2019,Chicago Stars,2019-06-30 00:00:00,17:00,Regular Season,Sun,Away,W,3,2,Pride,3,20,11,55.0,0.15,0.27,18.4,0,0,0,2.3,2.3,0.12,0.7,0.7,2.0,5.0,3.0,60.0,0.2,0.33,16.3,0.0,1.0,1.0,1.9,1.1,0.22,0.1,-0.1
2019,Chicago Stars,2019-07-06 00:00:00,19:00 (20:00),Regular Season,Sat,Home,L,1,2,Sky Blue FC,1,24,8,33.3,0.04,0.13,17.8,1,0,0,2.6,2.6,0.11,-1.6,-1.6,2.0,12.0,3.0,25.0,0.17,0.67,14.9,0.0,0.0,0.0,1.6,1.6,0.14,0.4,0.4
2019,Chicago Stars,2019-07-13 00:00:00,19:30 (20:30),Regular Season,Sat,Away,W,1,0,Dash,1,5,2,40.0,0.2,0.5,20.1,0,0,0,0.3,0.3,0.05,0.7,0.7,0.0,9.0,2.0,22.2,0.0,0.0,17.8,0.0,0.0,0.0,0.5,0.5,0.05,-0.5,-0.5
2019,Chicago Stars,2019-07-21 00:00:00,17:00 (18:00),Regular Season,Sun,Home,W,2,1,Courage,2,12,3,25.0,0.17,0.67,18.5,0,0,0,1.7,1.7,0.14,0.3,0.3,1.0,18.0,3.0,16.7,0.06,0.33,16.0,0.0,0.0,0.0,3.2,3.2,0.18,-2.2,-2.2
2019,Chicago Stars,2019-07-28 00:00:00,13:00 (16:00),Regular Season,Sun,Away,W,4,0,Reign,4,19,9,47.4,0.21,0.44,18.7,0,0,0,2.4,2.4,0.13,1.6,1.6,0.0,14.0,2.0,14.3,0.0,0.0,13.2,0.0,0.0,0.0,2.0,2.0,0.14,-2.0,-2.0
2019,Chicago Stars,2019-08-03 00:00:00,19:00 (20:00),Regular Season,Sat,Home,W,2,0,Royals,2,18,8,44.4,0.11,0.25,16.3,1,0,0,3.0,3.0,0.18,-1.0,-1.0,0.0,14.0,2.0,14.3,0.0,0.0,15.3,1.0,0.0,0.0,1.7,1.7,0.16,-1.7,-1.7
2019,Chicago Stars,2019-08-10 00:00:00,19:00,Regular Season,Sat,Away,W,1,0,Spirit,1,12,3,25.0,0.08,0.33,14.7,0,0,0,2.0,2.0,0.17,-1.0,-1.0,0.0,9.0,3.0,33.3,0.0,0.0,20.4,0.0,0.0,0.0,0.5,0.5,0.06,-0.5,-0.5
2019,Chicago Stars,2019-08-14 00:00:00,19:00,Regular Season,Wed,Away,L,1,2,Sky Blue FC,1,17,6,35.3,0.06,0.17,16.9,1,0,0,2.0,2.0,0.12,-1.0,-1.0,2.0,11.0,3.0,27.3,0.18,0.67,22.1,0.0,0.0,0.0,0.8,0.8,0.08,1.2,1.2
2019,Chicago Stars,2019-08-21 00:00:00,18:30 (19:30),Regular Season,Wed,Home,L,1,2,Pride,1,18,4,22.2,0.06,0.25,20.4,2,0,0,1.0,1.0,0.06,0.0,0.0,2.0,6.0,3.0,50.0,0.33,0.67,17.4,0.0,0.0,0.0,0.7,0.7,0.12,1.3,1.3
2019,Chicago Stars,2019-08-25 00:00:00,12:00 (15:00),Regular Season,Sun,Away,L,0,3,Thorns,0,17,2,11.8,0.0,0.0,20.8,0,0,0,1.0,1.0,0.06,-1.0,-1.0,3.0,12.0,9.0,75.0,0.25,0.33,13.7,0.0,0.0,0.0,2.8,2.8,0.25,0.2,0.2
2019,Chicago Stars,2019-09-08 00:00:00,17:00 (18:00),Regular Season,Sun,Home,W,3,0,Dash,3,11,6,54.5,0.27,0.5,17.8,0,0,1,2.2,1.4,0.13,0.8,1.6,0.0,5.0,2.0,40.0,0.0,0.0,20.3,0.0,0.0,0.0,0.2,0.2,0.04,-0.2,-0.2
2019,Chicago Stars,2019-09-11 00:00:00,19:00,Regular Season,Wed,Away,W,1,0,Pride,1,19,8,42.1,0.05,0.13,13.2,1,0,0,1.8,1.8,0.12,-0.8,-0.8,0.0,10.0,1.0,10.0,0.0,0.0,17.6,0.0,0.0,0.0,1.3,1.3,0.14,-1.3,-1.3
2019,Chicago Stars,2019-09-15 00:00:00,17:00,Regular Season,Sun,Away,W,3,0,Sky Blue FC,3,11,5,45.5,0.27,0.6,15.9,0,0,0,1.8,1.8,0.17,1.2,1.2,0.0,13.0,6.0,46.2,0.0,0.0,20.1,1.0,0.0,0.0,1.3,1.3,0.1,-1.3,-1.3
2019,Chicago Stars,2019-09-21 00:00:00,19:00 (20:00),Regular Season,Sat,Home,W,3,1,Spirit,3,11,4,36.4,0.27,0.75,17.7,1,0,0,1.1,1.1,0.1,1.9,1.9,1.0,7.0,6.0,85.7,0.14,0.17,17.5,0.0,0.0,1.0,1.3,0.5,0.07,-0.3,0.5
2019,Chicago Stars,2019-09-28 00:00:00,19:00 (20:00),Regular Season,Sat,Home,W,2,1,Royals,2,8,5,62.5,0.25,0.4,12.7,0,0,0,1.5,1.5,0.2,0.5,0.5,1.0,11.0,3.0,27.3,0.09,0.33,18.6,0.0,0.0,0.0,1.3,1.3,0.12,-0.3,-0.3
2019,Chicago Stars,2019-10-20 00:00:00,14:30 (15:30),Semifinals,Sun,Home,W,1,0,Thorns,1,10,4,40.0,0.1,0.25,15.0,0,0,0,1.4,1.4,0.14,-0.4,-0.4,0.0,11.0,2.0,18.2,0.0,0.0,22.3,0.0,0.0,0.0,0.5,0.5,0.05,-0.5,-0.5
2019,Chicago Stars,2019-10-27 00:00:00,15:30,Final,Sun,Away,L,0,4,Courage,0,13,2,15.4,0.0,0.0,17.7,0,0,0,1.3,1.3,0.1,-1.3,-1.3,4.0,21.0,10.0,47.6,0.19,0.4,15.0,0.0,0.0,0.0,2.8,2.8,0.16,1.2,1.2
2019,Sky Blue FC,2019-04-13 00:00:00,19:00,Regular Season,Sat,Away,L,0,2,Spirit,0,8,2,25.0,0.0,0.0,11.1,0,0,0,1.0,1.0,0.13,-1.0,-1.0,2.0,15.0,5.0,33.3,0.13,0.4,18.3,0.0,0.0,0.0,1.5,1.5,0.1,0.5,0.5
2019,Sky Blue FC,2019-04-20 00:00:00,18:00,Regular Season,Sat,Home,L,0,1,Dash,0,7,1,14.3,0.0,0.0,22.0,1,0,1,1.2,0.4,0.06,-1.2,-0.4,1.0,19.0,11.0,57.9,0.05,0.09,16.1,1.0,0.0,0.0,2.4,2.4,0.14,-1.4,-1.4
2019,Sky Blue FC,2019-04-28 00:00:00,18:00,Regular Season,Sun,Home,D,2,2,Thorns,2,16,5,31.3,0.13,0.4,16.9,0,0,0,1.3,1.3,0.08,0.7,0.7,2.0,14.0,5.0,35.7,0.14,0.4,15.1,1.0,0.0,0.0,1.6,1.6,0.12,0.4,0.4
2019,Sky Blue FC,2019-05-04 00:00:00,19:00,Regular Season,Sat,Away,D,0,0,Courage,0,8,2,25.0,0.0,0.0,16.2,0,0,0,0.9,0.9,0.11,-0.9,-0.9,0.0,28.0,3.0,10.7,0.0,0.0,19.3,0.0,0.0,0.0,1.9,1.9,0.07,-1.9,-1.9
2019,Sky Blue FC,2019-05-11 00:00:00,15:00,Regular Season,Sat,Home,L,2,3,Spirit,2,14,4,28.6,0.14,0.5,18.0,1,0,0,1.4,1.4,0.1,0.6,0.6,3.0,12.0,7.0,58.3,0.25,0.43,14.9,0.0,0.0,0.0,1.8,1.8,0.15,1.2,1.2
2019,Sky Blue FC,2019-05-18 00:00:00,13:00 (16:00),Regular Season,Sat,Away,L,1,2,Reign,1,7,3,42.9,0.14,0.33,15.0,0,0,0,1.5,1.5,0.21,-0.5,-0.5,1.0,20.0,4.0,20.0,0.05,0.25,16.2,0.0,0.0,0.0,2.5,2.5,0.13,-1.5,-1.5
2019,Sky Blue FC,2019-05-25 00:00:00,18:00,Regular Season,Sat,Home,L,0,1,Thorns,0,8,1,12.5,0.0,0.0,18.8,0,0,0,0.5,0.5,0.06,-0.5,-0.5,1.0,16.0,7.0,43.8,0.06,0.14,14.7,0.0,0.0,0.0,2.2,2.2,0.14,-1.2,-1.2
2019,Sky Blue FC,2019-06-15 00:00:00,20:00 (22:00),Regular Season,Sat,Away,L,0,1,Royals,0,17,5,29.4,0.0,0.0,18.2,1,0,0,1.6,1.6,0.1,-1.6,-1.6,1.0,11.0,6.0,54.5,0.09,0.17,18.8,1.0,0.0,0.0,1.6,1.6,0.14,-0.6,-0.6
2019,Sky Blue FC,2019-06-22 00:00:00,19:00,Regular Season,Sat,Home,L,1,2,Pride,1,21,4,19.0,0.0,0.0,18.0,0,1,1,2.8,2.1,0.1,-1.8,-2.1,1.0,5.0,2.0,40.0,0.0,0.0,21.8,0.0,1.0,1.0,1.3,0.6,0.12,-0.3,-0.6
2019,Sky Blue FC,2019-07-06 00:00:00,19:00 (20:00),Regular Season,Sat,Away,W,2,1,Red Stars,2,12,3,25.0,0.17,0.67,14.9,0,0,0,1.6,1.6,0.14,0.4,0.4,1.0,24.0,8.0,33.3,0.04,0.13,17.8,1.0,0.0,0.0,2.6,2.6,0.11,-1.6,-1.6
2019,Sky Blue FC,2019-07-12 00:00:00,19:30,Regular Season,Fri,Home,W,1,0,Royals,1,16,4,25.0,0.06,0.25,15.9,0,0,0,1.5,1.5,0.09,-0.5,-0.5,0.0,8.0,1.0,12.5,0.0,0.0,20.1,0.0,0.0,0.0,0.8,0.8,0.11,-0.8,-0.8
2019,Sky Blue FC,2019-07-20 00:00:00,19:30,Regular Season,Sat,Away,L,0,1,Pride,0,10,2,20.0,0.0,0.0,21.4,0,0,0,0.4,0.4,0.04,-0.4,-0.4,1.0,22.0,6.0,27.3,0.05,0.17,16.3,0.0,0.0,0.0,2.1,2.1,0.1,-1.1,-1.1
2019,Sky Blue FC,2019-07-24 00:00:00,19:30,Regular Season,Wed,Home,L,0,1,Spirit,0,6,2,33.3,0.0,0.0,17.9,0,0,0,0.3,0.3,0.04,-0.3,-0.3,1.0,17.0,3.0,17.6,0.06,0.33,18.9,0.0,0.0,0.0,1.3,1.3,0.08,-0.3,-0.3
2019,Sky Blue FC,2019-07-28 00:00:00,19:30 (20:30),Regular Season,Sun,Away,L,0,1,Dash,0,7,0,0.0,0.0,,19.5,0,0,0,0.5,0.5,0.08,-0.5,-0.5,1.0,15.0,6.0,40.0,0.07,0.17,20.0,1.0,0.0,0.0,1.8,1.8,0.13,-0.8,-0.8
2019,Sky Blue FC,2019-08-03 00:00:00,20:00 (23:00),Regular Season,Sat,Away,D,1,1,Thorns,1,9,2,22.2,0.11,0.5,21.0,0,0,0,0.7,0.7,0.08,0.3,0.3,1.0,18.0,2.0,11.1,0.0,0.0,16.9,0.0,1.0,1.0,2.3,1.5,0.09,-1.3,-1.5
2019,Sky Blue FC,2019-08-07 00:00:00,20:00 (22:00),Regular Season,Wed,Away,L,0,3,Royals,0,12,2,16.7,0.0,0.0,20.8,0,0,0,0.5,0.5,0.05,-0.5,-0.5,3.0,23.0,11.0,47.8,0.13,0.27,14.1,0.0,0.0,0.0,3.5,3.5,0.16,-0.5,-0.5
2019,Sky Blue FC,2019-08-14 00:00:00,19:00,Regular Season,Wed,Home,W,2,1,Red Stars,2,11,3,27.3,0.18,0.67,22.1,0,0,0,0.8,0.8,0.08,1.2,1.2,1.0,17.0,6.0,35.3,0.06,0.17,16.9,1.0,0.0,0.0,2.0,2.0,0.12,-1.0,-1.0
2019,Sky Blue FC,2019-08-18 00:00:00,13:00,Regular Season,Sun,Home,D,1,1,Reign,1,9,3,33.3,0.11,0.33,21.8,1,0,0,0.7,0.7,0.08,0.3,0.3,1.0,18.0,6.0,33.3,0.06,0.17,18.0,1.0,0.0,0.0,2.0,2.0,0.12,-1.0,-1.0
2019,Sky Blue FC,2019-08-24 00:00:00,19:30 (20:30),Regular Season,Sat,Away,W,2,1,Dash,2,13,4,30.8,0.15,0.5,16.9,0,0,0,1.8,1.8,0.14,0.2,0.2,1.0,18.0,7.0,38.9,0.06,0.14,17.3,1.0,0.0,0.0,1.8,1.8,0.1,-0.8,-0.8
2019,Sky Blue FC,2019-09-07 00:00:00,15:00,Regular Season,Sat,Home,L,1,2,Courage,1,9,2,22.2,0.0,0.0,17.1,0,1,1,2.3,1.6,0.18,-1.3,-1.6,1.0,21.0,6.0,28.6,0.05,0.17,18.2,1.0,0.0,0.0,1.6,1.6,0.08,-0.6,-0.6
2019,Sky Blue FC,2019-09-15 00:00:00,17:00,Regular Season,Sun,Home,L,0,3,Red Stars,0,13,6,46.2,0.0,0.0,20.1,1,0,0,1.3,1.3,0.1,-1.3,-1.3,3.0,11.0,5.0,45.5,0.27,0.6,15.9,0.0,0.0,0.0,1.8,1.8,0.17,1.2,1.2
2019,Sky Blue FC,2019-09-21 00:00:00,19:00 (22:00),Regular Season,Sat,Away,W,1,0,Reign,1,17,4,23.5,0.06,0.25,21.2,0,0,0,1.4,1.4,0.08,-0.4,-0.4,0.0,23.0,4.0,17.4,0.0,0.0,15.4,0.0,0.0,0.0,2.7,2.7,0.12,-2.7,-2.7
2019,Sky Blue FC,2019-09-29 00:00:00,11:00,Regular Season,Sun,Home,D,1,1,Pride,1,16,2,12.5,0.06,0.5,15.9,0,0,0,1.4,1.4,0.09,-0.4,-0.4,1.0,19.0,5.0,26.3,0.05,0.2,21.2,1.0,0.0,0.0,1.7,1.7,0.09,-0.7,-0.7
2019,Sky Blue FC,2019-10-12 00:00:00,19:00,Regular Season,Sat,Away,L,2,3,Courage,2,11,7,63.6,0.18,0.29,19.6,1,0,0,0.9,0.9,0.08,1.1,1.1,3.0,23.0,9.0,39.1,0.13,0.33,17.1,0.0,0.0,0.0,2.1,2.1,0.09,0.9,0.9
2019,Houston Dash,2019-04-14 00:00:00,17:00 (18:00),Regular Season,Sun,Home,D,1,1,Reign,1,16,8,50.0,0.06,0.13,17.6,0,0,0,2.4,2.4,0.15,-1.4,-1.4,1.0,8.0,1.0,12.5,0.13,1.0,16.0,0.0,0.0,1.0,1.4,0.6,0.08,-0.4,0.4
2019,Houston Dash,2019-04-20 00:00:00,18:00,Regular Season,Sat,Away,W,1,0,Sky Blue FC,1,19,11,57.9,0.05,0.09,16.1,1,0,0,2.4,2.4,0.14,-1.4,-1.4,0.0,7.0,1.0,14.3,0.0,0.0,22.0,1.0,0.0,1.0,1.2,0.4,0.06,-1.2,-0.4
2019,Houston Dash,2019-04-28 00:00:00,17:00 (18:00),Regular Season,Sun,Home,L,1,4,Courage,1,9,4,44.4,0.11,0.25,18.0,0,0,0,0.9,0.9,0.12,0.1,0.1,4.0,19.0,12.0,63.2,0.21,0.33,16.6,1.0,0.0,1.0,3.0,2.2,0.12,1.0,1.8
2019,Houston Dash,2019-05-05 00:00:00,17:00 (18:00),Regular Season,Sun,Home,W,1,0,Pride,1,18,9,50.0,0.06,0.11,16.3,0,0,0,1.3,1.3,0.08,-0.3,-0.3,0.0,9.0,0.0,0.0,0.0,,19.7,0.0,0.0,0.0,0.6,0.6,0.07,-0.6,-0.6
2019,Houston Dash,2019-05-11 00:00:00,13:30 (15:30),Regular Season,Sat,Away,W,2,1,Royals,2,11,4,36.4,0.18,0.5,17.4,0,0,0,0.6,0.6,0.05,1.4,1.4,1.0,7.0,4.0,57.1,0.14,0.25,20.6,0.0,0.0,0.0,0.6,0.6,0.09,0.4,0.4
2019,Houston Dash,2019-05-19 00:00:00,17:00 (18:00),Regular Season,Sun,Home,L,1,2,Red Stars,1,9,3,33.3,0.11,0.33,17.7,0,0,0,0.5,0.5,0.06,0.5,0.5,2.0,13.0,4.0,30.8,0.15,0.5,16.2,1.0,0.0,0.0,2.5,2.5,0.19,-0.5,-0.5
2019,Houston Dash,2019-06-02 00:00:00,13:00 (16:00),Regular Season,Sun,Away,D,1,1,Reign,1,11,4,36.4,0.09,0.25,25.3,0,0,1,1.4,0.6,0.06,-0.4,0.4,1.0,19.0,7.0,36.8,0.05,0.14,20.3,1.0,0.0,0.0,1.8,1.8,0.09,-0.8,-0.8
2019,Houston Dash,2019-06-15 00:00:00,19:30 (20:30),Regular Season,Sat,Home,D,2,2,Pride,2,22,9,40.9,0.09,0.22,15.0,0,0,0,2.5,2.5,0.12,-0.5,-0.5,2.0,8.0,4.0,50.0,0.25,0.5,15.1,1.0,0.0,0.0,1.1,1.1,0.13,0.9,0.9
2019,Houston Dash,2019-06-22 00:00:00,19:00,Regular Season,Sat,Away,D,0,0,Spirit,0,5,0,0.0,0.0,,18.6,0,0,0,0.2,0.2,0.04,-0.2,-0.2,0.0,12.0,2.0,16.7,0.0,0.0,18.9,0.0,0.0,0.0,1.4,1.4,0.11,-1.4,-1.4
2019,Houston Dash,2019-06-29 00:00:00,19:30 (20:30),Regular Season,Sat,Home,L,1,2,Thorns,1,11,4,36.4,0.09,0.25,15.3,1,0,0,1.7,1.7,0.15,-0.7,-0.7,2.0,12.0,5.0,41.7,0.17,0.4,18.8,1.0,0.0,0.0,0.9,0.9,0.08,1.1,1.1
2019,Houston Dash,2019-07-05 00:00:00,19:30,Regular Season,Fri,Away,L,2,5,Courage,2,8,5,62.5,0.25,0.4,18.7,0,0,0,0.9,0.9,0.12,1.1,1.1,5.0,12.0,8.0,66.7,0.42,0.63,16.3,0.0,0.0,0.0,2.6,2.6,0.22,2.4,2.4
2019,Houston Dash,2019-07-13 00:00:00,19:30 (20:30),Regular Season,Sat,Home,L,0,1,Red Stars,0,9,2,22.2,0.0,0.0,17.8,0,0,0,0.5,0.5,0.05,-0.5,-0.5,1.0,5.0,2.0,40.0,0.2,0.5,20.1,0.0,0.0,0.0,0.3,0.3,0.05,0.7,0.7
2019,Houston Dash,2019-07-20 00:00:00,20:00,Regular Season,Sat,Away,W,2,1,Spirit,2,9,2,22.2,0.22,1.0,17.8,0,0,0,0.9,0.9,0.1,1.1,1.1,1.0,11.0,4.0,36.4,0.09,0.25,18.0,0.0,0.0,1.0,1.6,0.8,0.08,-0.6,0.2
2019,Houston Dash,2019-07-24 00:00:00,19:30 (22:30),Regular Season,Wed,Away,L,0,5,Thorns,0,9,3,33.3,0.0,0.0,15.1,0,0,0,0.8,0.8,0.09,-0.8,-0.8,4.0,19.0,9.0,47.4,0.16,0.33,15.8,1.0,1.0,1.0,3.6,2.8,0.16,0.4,0.2
2019,Houston Dash,2019-07-28 00:00:00,19:30 (20:30),Regular Season,Sun,Home,W,1,0,Sky Blue FC,1,15,6,40.0,0.07,0.17,20.0,1,0,0,1.8,1.8,0.13,-0.8,-0.8,0.0,7.0,0.0,0.0,0.0,,19.5,0.0,0.0,0.0,0.5,0.5,0.08,-0.5,-0.5
2019,Houston Dash,2019-08-02 00:00:00,18:00 (19:00),Regular Season,Fri,Home,L,0,1,Reign,0,19,4,21.1,0.0,0.0,21.2,0,0,0,1.6,1.6,0.08,-1.6,-1.6,1.0,8.0,3.0,37.5,0.13,0.33,20.9,0.0,0.0,0.0,0.9,0.9,0.12,0.1,0.1
2019,Houston Dash,2019-08-10 00:00:00,19:30,Regular Season,Sat,Away,W,1,0,Pride,1,11,1,9.1,0.0,0.0,22.3,1,1,1,1.8,1.0,0.09,-0.8,-1.0,0.0,11.0,3.0,27.3,0.0,0.0,19.7,1.0,0.0,0.0,1.4,1.4,0.13,-1.4,-1.4
2019,Houston Dash,2019-08-24 00:00:00,19:30 (20:30),Regular Season,Sat,Home,L,1,2,Sky Blue FC,1,18,7,38.9,0.06,0.14,17.3,1,0,0,1.8,1.8,0.1,-0.8,-0.8,2.0,13.0,4.0,30.8,0.15,0.5,16.9,0.0,0.0,0.0,1.8,1.8,0.14,0.2,0.2
2019,Houston Dash,2019-09-08 00:00:00,17:00 (18:00),Regular Season,Sun,Away,L,0,3,Red Stars,0,5,2,40.0,0.0,0.0,20.3,0,0,0,0.2,0.2,0.04,-0.2,-0.2,3.0,11.0,6.0,54.5,0.27,0.5,17.8,0.0,0.0,1.0,2.2,1.4,0.13,0.8,1.6
2019,Houston Dash,2019-09-13 00:00:00,19:30 (20:30),Regular Season,Fri,Home,W,2,1,Royals,2,9,3,33.3,0.22,0.67,13.7,0,0,0,1.4,1.4,0.16,0.6,0.6,1.0,14.0,4.0,28.6,0.07,0.25,17.4,0.0,0.0,0.0,1.1,1.1,0.08,-0.1,-0.1
2019,Houston Dash,2019-09-17 00:00:00,19:30,Regular Season,Tue,Away,L,0,1,Courage,0,7,1,14.3,0.0,0.0,18.4,0,0,0,0.7,0.7,0.1,-0.7,-0.7,1.0,17.0,4.0,23.5,0.0,0.0,19.3,0.0,1.0,1.0,2.2,1.4,0.08,-1.2,-1.4
2019,Houston Dash,2019-09-21 00:00:00,19:30 (22:30),Regular Season,Sat,Away,L,0,1,Thorns,0,8,2,25.0,0.0,0.0,13.2,0,0,0,1.3,1.3,0.17,-1.3,-1.3,1.0,19.0,3.0,15.8,0.05,0.33,17.8,0.0,0.0,0.0,1.5,1.5,0.08,-0.5,-0.5
2019,Houston Dash,2019-09-25 00:00:00,20:00 (21:00),Regular Season,Wed,Home,D,0,0,Spirit,0,14,4,28.6,0.0,0.0,20.8,0,0,0,0.6,0.6,0.04,-0.6,-0.6,0.0,13.0,3.0,23.1,0.0,0.0,18.9,0.0,0.0,0.0,1.4,1.4,0.11,-1.4,-1.4
2019,Houston Dash,2019-10-12 00:00:00,19:00 (21:00),Regular Season,Sat,Away,L,1,2,Royals,1,6,3,50.0,0.17,0.33,15.9,0,0,0,0.7,0.7,0.11,0.3,0.3,2.0,22.0,7.0,31.8,0.09,0.29,17.2,1.0,0.0,0.0,2.6,2.6,0.12,-0.6,-0.6
2019,North Carolina Courage,2019-04-13 00:00:00,19:00,Regular Season,Sat,Home,D,1,1,Red Stars,1,24,6,25.0,0.04,0.17,19.7,1,0,0,1.1,1.1,0.05,-0.1,-0.1,1.0,6.0,1.0,16.7,0.17,1.0,13.1,0.0,0.0,0.0,1.7,1.7,0.29,-0.7,-0.7
2019,North Carolina Courage,2019-04-17 00:00:00,19:00,Regular Season,Wed,Home,W,5,0,Pride,5,31,13,41.9,0.16,0.38,15.7,0,0,0,2.6,2.6,0.08,2.4,2.4,0.0,9.0,0.0,0.0,0.0,,23.0,0.0,0.0,0.0,0.4,0.4,0.04,-0.4,-0.4
2019,North Carolina Courage,2019-04-28 00:00:00,17:00 (18:00),Regular Season,Sun,Away,W,4,1,Dash,4,19,12,63.2,0.21,0.33,16.6,1,0,1,3.0,2.2,0.12,1.0,1.8,1.0,9.0,4.0,44.4,0.11,0.25,18.0,0.0,0.0,0.0,0.9,0.9,0.12,0.1,0.1
2019,North Carolina Courage,2019-05-04 00:00:00,19:00,Regular Season,Sat,Home,D,0,0,Sky Blue FC,0,28,3,10.7,0.0,0.0,19.3,0,0,0,1.9,1.9,0.07,-1.9,-1.9,0.0,8.0,2.0,25.0,0.0,0.0,16.2,0.0,0.0,0.0,0.9,0.9,0.11,-0.9,-0.9
2019,North Carolina Courage,2019-05-12 00:00:00,17:00 (18:00),Regular Season,Sun,Away,L,1,3,Red Stars,1,16,5,31.3,0.06,0.2,15.9,0,0,0,2.1,2.1,0.13,-1.1,-1.1,3.0,9.0,3.0,33.3,0.33,1.0,17.5,0.0,0.0,0.0,1.9,1.9,0.27,1.1,1.1
2019,North Carolina Courage,2019-05-19 00:00:00,17:00,Regular Season,Sun,Home,D,1,1,Royals,1,18,3,16.7,0.06,0.33,17.0,0,0,0,1.8,1.8,0.1,-0.8,-0.8,1.0,2.0,1.0,50.0,0.5,1.0,14.5,0.0,0.0,0.0,0.3,0.3,0.17,0.7,0.7
2019,North Carolina Courage,2019-05-27 00:00:00,16:00 (19:00),Regular Season,Mon,Away,L,1,2,Reign,1,13,5,38.5,0.08,0.2,17.6,0,0,0,1.5,1.5,0.12,-0.5,-0.5,2.0,16.0,6.0,37.5,0.13,0.33,20.5,1.0,0.0,0.0,0.9,0.9,0.05,1.1,1.1
2019,North Carolina Courage,2019-06-01 00:00:00,19:30,Regular Season,Sat,Away,W,3,0,Pride,3,14,7,50.0,0.21,0.43,17.1,0,0,0,1.4,1.4,0.1,1.6,1.6,0.0,7.0,1.0,14.3,0.0,0.0,14.8,1.0,0.0,0.0,0.9,0.9,0.12,-0.9,-0.9
2019,North Carolina Courage,2019-06-15 00:00:00,19:45,Regular Season,Sat,Home,D,1,1,Thorns,1,21,6,28.6,0.05,0.17,19.6,0,0,0,1.3,1.3,0.06,-0.3,-0.3,1.0,7.0,3.0,42.9,0.14,0.33,17.8,0.0,0.0,0.0,0.5,0.5,0.07,0.5,0.5
2019,North Carolina Courage,2019-06-29 00:00:00,19:00,Regular Season,Sat,Away,W,2,1,Spirit,2,17,6,35.3,0.12,0.33,20.1,0,0,1,2.4,1.5,0.09,-0.4,0.5,1.0,13.0,4.0,30.8,0.08,0.25,17.9,1.0,0.0,0.0,0.9,0.9,0.07,0.1,0.1
2019,North Carolina Courage,2019-07-05 00:00:00,19:30,Regular Season,Fri,Home,W,5,2,Dash,5,12,8,66.7,0.42,0.63,16.3,0,0,0,2.6,2.6,0.22,2.4,2.4,2.0,8.0,5.0,62.5,0.25,0.4,18.7,0.0,0.0,0.0,0.9,0.9,0.12,1.1,1.1
2019,North Carolina Courage,2019-07-13 00:00:00,19:00,Regular Season,Sat,Home,W,2,0,Reign,2,23,10,43.5,0.09,0.2,20.3,0,0,0,1.8,1.8,0.08,0.2,0.2,0.0,8.0,1.0,12.5,0.0,0.0,17.1,0.0,0.0,0.0,0.4,0.4,0.05,-0.4,-0.4
2019,North Carolina Courage,2019-07-21 00:00:00,17:00 (18:00),Regular Season,Sun,Away,L,1,2,Red Stars,1,18,3,16.7,0.06,0.33,16.0,0,0,0,3.2,3.2,0.18,-2.2,-2.2,2.0,12.0,3.0,25.0,0.17,0.67,18.5,0.0,0.0,0.0,1.7,1.7,0.14,0.3,0.3
2019,North Carolina Courage,2019-07-27 00:00:00,20:00 (22:00),Regular Season,Sat,Away,W,2,1,Royals,2,16,5,31.3,0.13,0.4,18.9,0,0,0,1.1,1.1,0.07,0.9,0.9,1.0,12.0,7.0,58.3,0.08,0.14,23.8,0.0,0.0,0.0,0.4,0.4,0.04,0.6,0.6
2019,North Carolina Courage,2019-08-02 00:00:00,19:00,Regular Season,Fri,Home,W,1,0,Spirit,1,20,5,25.0,0.05,0.2,17.5,1,0,0,2.5,2.5,0.13,-1.5,-1.5,0.0,6.0,3.0,50.0,0.0,0.0,15.4,0.0,0.0,0.0,0.7,0.7,0.14,-0.7,-0.7
2019,North Carolina Courage,2019-08-11 00:00:00,12:00 (15:00),Regular Season,Sun,Away,L,1,2,Thorns,1,20,11,55.0,0.05,0.09,19.3,0,0,0,2.9,2.9,0.14,-1.9,-1.9,0.0,10.0,4.0,40.0,0.0,0.0,14.3,1.0,0.0,0.0,1.7,1.7,0.17,-1.7,-1.7
2019,North Carolina Courage,2019-08-24 00:00:00,19:00,Regular Season,Sat,Home,W,1,0,Reign,1,26,7,26.9,0.04,0.14,18.3,1,0,0,2.7,2.7,0.11,-1.7,-1.7,0.0,9.0,1.0,11.1,0.0,0.0,21.1,0.0,0.0,0.0,1.1,1.1,0.12,-1.1,-1.1
2019,North Carolina Courage,2019-09-07 00:00:00,15:00,Regular Season,Sat,Away,W,2,1,Sky Blue FC,1,21,6,28.6,0.05,0.17,18.2,1,0,0,1.6,1.6,0.08,-0.6,-0.6,1.0,9.0,2.0,22.2,0.0,0.0,17.1,0.0,1.0,1.0,2.3,1.6,0.18,-1.3,-1.6
2019,North Carolina Courage,2019-09-11 00:00:00,19:30 (22:30),Regular Season,Wed,Away,W,6,0,Thorns,6,22,8,36.4,0.27,0.75,15.0,0,0,0,2.6,2.6,0.12,3.4,3.4,0.0,9.0,1.0,11.1,0.0,0.0,17.3,1.0,0.0,0.0,0.7,0.7,0.08,-0.7,-0.7
2019,North Carolina Courage,2019-09-14 00:00:00,19:00,Regular Season,Sat,Home,W,6,1,Pride,5,22,10,45.5,0.23,0.5,14.6,0,0,1,5.5,4.7,0.22,-0.5,0.3,1.0,4.0,2.0,50.0,0.25,0.5,20.5,0.0,0.0,0.0,0.5,0.5,0.12,0.5,0.5
2019,North Carolina Courage,2019-09-17 00:00:00,19:30,Regular Season,Tue,Home,W,1,0,Dash,1,17,4,23.5,0.0,0.0,19.3,0,1,1,2.2,1.4,0.08,-1.2,-1.4,0.0,7.0,1.0,14.3,0.0,0.0,18.4,0.0,0.0,0.0,0.7,0.7,0.1,-0.7,-0.7
2019,North Carolina Courage,2019-09-21 00:00:00,19:00 (21:00),Regular Season,Sat,Away,W,3,0,Royals,3,13,4,30.8,0.15,0.5,20.7,0,1,1,1.8,1.1,0.08,1.2,0.9,0.0,12.0,5.0,41.7,0.0,0.0,18.5,0.0,0.0,0.0,0.6,0.6,0.05,-0.6,-0.6
2019,North Carolina Courage,2019-09-28 00:00:00,19:00,Regular Season,Sat,Away,L,1,2,Spirit,1,27,8,29.6,0.04,0.13,14.2,0,0,0,2.9,2.9,0.11,-1.9,-1.9,2.0,6.0,3.0,50.0,0.33,0.67,22.1,0.0,0.0,0.0,0.3,0.3,0.06,1.7,1.7
2019,North Carolina Courage,2019-10-12 00:00:00,19:00,Regular Season,Sat,Home,W,3,2,Sky Blue FC,3,23,9,39.1,0.13,0.33,17.1,0,0,0,2.1,2.1,0.09,0.9,0.9,2.0,11.0,7.0,63.6,0.18,0.29,19.6,1.0,0.0,0.0,0.9,0.9,0.08,1.1,1.1
2019,North Carolina Courage,2019-10-20 00:00:00,13:30,Semifinals,Sun,Home,W,4,1,Reign,3,33,13,39.4,0.06,0.15,19.1,1,1,1,5.5,4.7,0.15,-2.5,-2.7,1.0,7.0,4.0,57.1,0.14,0.25,23.5,0.0,0.0,0.0,0.3,0.3,0.04,0.7,0.7
2019,North Carolina Courage,2019-10-27 00:00:00,15:30,Final,Sun,Home,W,4,0,Red Stars,4,21,10,47.6,0.19,0.4,15.0,0,0,0,2.8,2.8,0.16,1.2,1.2,0.0,13.0,2.0,15.4,0.0,0.0,17.7,0.0,0.0,0.0,1.3,1.3,0.1,-1.3,-1.3
2019,Orlando Pride,2019-04-14 00:00:00,17:00,Regular Season,Sun,Home,L,0,2,Thorns,0,15,1,6.7,0.0,0.0,17.0,0,0,0,1.5,1.5,0.11,-1.5,-1.5,2.0,22.0,8.0,36.4,0.09,0.25,18.3,0.0,0.0,0.0,3.0,3.0,0.14,-1.0,-1.0
2019,Orlando Pride,2019-04-17 00:00:00,19:00,Regular Season,Wed,Away,L,0,5,Courage,0,9,0,0.0,0.0,,23.0,0,0,0,0.4,0.4,0.04,-0.4,-0.4,5.0,31.0,13.0,41.9,0.16,0.38,15.7,0.0,0.0,0.0,2.6,2.6,0.08,2.4,2.4
2019,Orlando Pride,2019-04-21 00:00:00,19:00 (22:00),Regular Season,Sun,Away,D,1,1,Reign,1,13,2,15.4,0.08,0.5,22.2,0,0,0,0.5,0.5,0.04,0.5,0.5,1.0,13.0,4.0,30.8,0.08,0.25,14.9,0.0,0.0,0.0,0.9,0.9,0.07,0.1,0.1
2019,Orlando Pride,2019-04-27 00:00:00,19:30,Regular Season,Sat,Home,L,0,1,Royals,0,14,3,21.4,0.0,0.0,13.8,1,0,0,0.8,0.8,0.06,-0.8,-0.8,1.0,17.0,5.0,29.4,0.06,0.2,15.8,0.0,0.0,0.0,1.8,1.8,0.11,-0.8,-0.8
2019,Orlando Pride,2019-05-05 00:00:00,17:00 (18:00),Regular Season,Sun,Away,L,0,1,Dash,0,9,0,0.0,0.0,,19.7,0,0,0,0.6,0.6,0.07,-0.6,-0.6,1.0,18.0,9.0,50.0,0.06,0.11,16.3,0.0,0.0,0.0,1.3,1.3,0.08,-0.3,-0.3
2019,Orlando Pride,2019-05-11 00:00:00,19:30,Regular Season,Sat,Home,L,1,3,Thorns,1,16,5,31.3,0.06,0.2,17.0,1,0,0,1.0,1.0,0.07,0.0,0.0,3.0,10.0,4.0,40.0,0.3,0.75,17.7,1.0,0.0,1.0,2.1,1.2,0.12,0.9,1.8
2019,Orlando Pride,2019-05-25 00:00:00,18:00 (20:00),Regular Season,Sat,Away,L,0,2,Royals,0,12,3,25.0,0.0,0.0,13.5,0,0,0,1.1,1.1,0.09,-1.1,-1.1,2.0,15.0,3.0,20.0,0.07,0.33,17.5,0.0,1.0,1.0,3.2,2.4,0.17,-1.2,-1.4
2019,Orlando Pride,2019-06-01 00:00:00,19:30,Regular Season,Sat,Home,L,0,3,Courage,0,7,1,14.3,0.0,0.0,14.8,1,0,0,0.9,0.9,0.12,-0.9,-0.9,3.0,14.0,7.0,50.0,0.21,0.43,17.1,0.0,0.0,0.0,1.4,1.4,0.1,1.6,1.6
2019,Orlando Pride,2019-06-15 00:00:00,19:30 (20:30),Regular Season,Sat,Away,D,2,2,Dash,2,8,4,50.0,0.25,0.5,15.1,1,0,0,1.1,1.1,0.13,0.9,0.9,2.0,22.0,9.0,40.9,0.09,0.22,15.0,0.0,0.0,0.0,2.5,2.5,0.12,-0.5,-0.5
2019,Orlando Pride,2019-06-22 00:00:00,19:00,Regular Season,Sat,Away,W,2,1,Sky Blue FC,1,5,2,40.0,0.0,0.0,21.8,0,1,1,1.3,0.6,0.12,-0.3,-0.6,1.0,21.0,4.0,19.0,0.0,0.0,18.0,0.0,1.0,1.0,2.8,2.1,0.1,-1.8,-2.1
2019,Orlando Pride,2019-06-30 00:00:00,17:00,Regular Season,Sun,Home,L,2,3,Red Stars,2,5,3,60.0,0.2,0.33,16.3,0,1,1,1.9,1.1,0.22,0.1,-0.1,3.0,20.0,11.0,55.0,0.15,0.27,18.4,0.0,0.0,0.0,2.3,2.3,0.12,0.7,0.7
2019,Orlando Pride,2019-07-06 00:00:00,19:30,Regular Season,Sat,Home,W,4,3,Spirit,4,15,8,53.3,0.27,0.5,11.7,0,0,0,3.1,3.1,0.21,0.9,0.9,3.0,19.0,5.0,26.3,0.16,0.6,14.1,1.0,0.0,0.0,3.1,3.1,0.16,-0.1,-0.1
2019,Orlando Pride,2019-07-14 00:00:00,12:00 (15:00),Regular Season,Sun,Away,L,3,4,Thorns,2,12,6,50.0,0.17,0.33,22.5,1,0,0,0.5,0.5,0.04,1.5,1.5,4.0,20.0,10.0,50.0,0.2,0.4,14.1,0.0,0.0,0.0,2.9,2.9,0.15,1.1,1.1
2019,Orlando Pride,2019-07-20 00:00:00,19:30,Regular Season,Sat,Home,W,1,0,Sky Blue FC,1,22,6,27.3,0.05,0.17,16.3,0,0,0,2.1,2.1,0.1,-1.1,-1.1,0.0,10.0,2.0,20.0,0.0,0.0,21.4,0.0,0.0,0.0,0.4,0.4,0.04,-0.4,-0.4
2019,Orlando Pride,2019-08-10 00:00:00,19:30,Regular Season,Sat,Home,L,0,1,Dash,0,11,3,27.3,0.0,0.0,19.7,1,0,0,1.4,1.4,0.13,-1.4,-1.4,1.0,11.0,1.0,9.1,0.0,0.0,22.3,1.0,1.0,1.0,1.8,1.0,0.09,-0.8,-1.0
2019,Orlando Pride,2019-08-17 00:00:00,19:30,Regular Season,Sat,Home,L,0,2,Royals,0,13,1,7.7,0.0,0.0,15.5,0,0,0,1.2,1.2,0.09,-1.2,-1.2,2.0,15.0,10.0,66.7,0.13,0.2,17.0,0.0,0.0,0.0,2.4,2.4,0.16,-0.4,-0.4
2019,Orlando Pride,2019-08-21 00:00:00,18:30 (19:30),Regular Season,Wed,Away,W,2,1,Red Stars,2,6,3,50.0,0.33,0.67,17.4,0,0,0,0.7,0.7,0.12,1.3,1.3,1.0,18.0,4.0,22.2,0.06,0.25,20.4,2.0,0.0,0.0,1.0,1.0,0.06,0.0,0.0
2019,Orlando Pride,2019-08-24 00:00:00,19:30,Regular Season,Sat,Away,L,1,2,Spirit,1,11,3,27.3,0.09,0.33,15.8,0,0,0,1.7,1.7,0.16,-0.7,-0.7,2.0,15.0,7.0,46.7,0.13,0.29,17.1,0.0,0.0,0.0,2.1,2.1,0.14,-0.1,-0.1
2019,Orlando Pride,2019-09-07 00:00:00,19:00 (22:00),Regular Season,Sat,Away,L,1,3,Reign,1,11,3,27.3,0.0,0.0,29.2,2,1,1,1.3,0.5,0.04,-0.3,-0.5,3.0,12.0,6.0,50.0,0.25,0.5,15.6,0.0,0.0,0.0,1.3,1.3,0.11,1.7,1.7
2019,Orlando Pride,2019-09-11 00:00:00,19:00,Regular Season,Wed,Home,L,0,1,Red Stars,0,10,1,10.0,0.0,0.0,17.6,0,0,0,1.3,1.3,0.14,-1.3,-1.3,1.0,19.0,8.0,42.1,0.05,0.13,13.2,1.0,0.0,0.0,1.8,1.8,0.12,-0.8,-0.8
2019,Orlando Pride,2019-09-14 00:00:00,19:00,Regular Season,Sat,Away,L,1,6,Courage,1,4,2,50.0,0.25,0.5,20.5,0,0,0,0.5,0.5,0.12,0.5,0.5,5.0,22.0,10.0,45.5,0.23,0.5,14.6,0.0,0.0,1.0,5.5,4.7,0.22,-0.5,0.3
2019,Orlando Pride,2019-09-29 00:00:00,11:00,Regular Season,Sun,Away,D,1,1,Sky Blue FC,1,19,5,26.3,0.05,0.2,21.2,1,0,0,1.7,1.7,0.09,-0.7,-0.7,1.0,16.0,2.0,12.5,0.06,0.5,15.9,0.0,0.0,0.0,1.4,1.4,0.09,-0.4,-0.4
2019,Orlando Pride,2019-10-05 00:00:00,17:00,Regular Season,Sat,Home,L,0,3,Spirit,0,8,3,37.5,0.0,0.0,17.4,0,0,0,0.4,0.4,0.05,-0.4,-0.4,3.0,12.0,7.0,58.3,0.25,0.43,23.0,1.0,0.0,0.0,1.0,1.0,0.08,2.0,2.0
2019,Orlando Pride,2019-10-12 00:00:00,19:30,Regular Season,Sat,Home,D,2,2,Reign,2,22,11,50.0,0.09,0.18,17.8,0,0,0,2.2,2.2,0.1,-0.2,-0.2,2.0,10.0,7.0,70.0,0.2,0.29,17.4,0.0,0.0,0.0,1.9,1.9,0.19,0.1,0.1
2019,Portland Thorns FC,2019-04-14 00:00:00,17:00,Regular Season,Sun,Away,W,2,0,Pride,2,22,8,36.4,0.09,0.25,18.3,0,0,0,3.0,3.0,0.14,-1.0,-1.0,0.0,15.0,1.0,6.7,0.0,0.0,17.0,0.0,0.0,0.0,1.5,1.5,0.11,-1.5,-1.5
2019,Portland Thorns FC,2019-04-20 00:00:00,14:30 (15:30),Regular Season,Sat,Away,D,4,4,Red Stars,4,9,4,44.4,0.33,0.75,18.1,0,1,1,2.9,2.1,0.23,1.1,0.9,4.0,19.0,6.0,31.6,0.16,0.5,16.4,0.0,1.0,1.0,3.1,2.3,0.13,0.9,0.7
2019,Portland Thorns FC,2019-04-28 00:00:00,18:00,Regular Season,Sun,Away,D,2,2,Sky Blue FC,2,14,5,35.7,0.14,0.4,15.1,1,0,0,1.6,1.6,0.12,0.4,0.4,2.0,16.0,5.0,31.3,0.13,0.4,16.9,0.0,0.0,0.0,1.3,1.3,0.08,0.7,0.7
2019,Portland Thorns FC,2019-05-11 00:00:00,19:30,Regular Season,Sat,Away,W,3,1,Pride,3,10,4,40.0,0.3,0.75,17.7,1,0,1,2.1,1.2,0.12,0.9,1.8,1.0,16.0,5.0,31.3,0.06,0.2,17.0,1.0,0.0,0.0,1.0,1.0,0.07,0.0,0.0
2019,Portland Thorns FC,2019-05-18 00:00:00,19:00,Regular Season,Sat,Away,L,1,3,Spirit,1,14,4,28.6,0.07,0.25,14.3,0,0,0,1.6,1.6,0.12,-0.6,-0.6,2.0,16.0,7.0,43.8,0.13,0.29,16.8,0.0,0.0,0.0,1.2,1.2,0.07,0.8,0.8
2019,Portland Thorns FC,2019-05-25 00:00:00,18:00,Regular Season,Sat,Away,W,1,0,Sky Blue FC,1,16,7,43.8,0.06,0.14,14.7,0,0,0,2.2,2.2,0.14,-1.2,-1.2,0.0,8.0,1.0,12.5,0.0,0.0,18.8,0.0,0.0,0.0,0.5,0.5,0.06,-0.5,-0.5
2019,Portland Thorns FC,2019-06-02 00:00:00,15:00 (18:00),Regular Season,Sun,Home,W,3,0,Red Stars,3,9,4,44.4,0.33,0.75,9.8,0,0,0,3.1,3.1,0.35,-0.1,-0.1,0.0,28.0,4.0,14.3,0.0,0.0,20.4,0.0,0.0,0.0,1.6,1.6,0.06,-1.6,-1.6
2019,Portland Thorns FC,2019-06-15 00:00:00,19:45,Regular Season,Sat,Away,D,1,1,Courage,1,7,3,42.9,0.14,0.33,17.8,0,0,0,0.5,0.5,0.07,0.5,0.5,1.0,21.0,6.0,28.6,0.05,0.17,19.6,0.0,0.0,0.0,1.3,1.3,0.06,-0.3,-0.3
2019,Portland Thorns FC,2019-06-21 00:00:00,20:00 (23:00),Regular Season,Fri,Home,D,0,0,Royals,0,18,3,16.7,0.0,0.0,15.7,0,0,0,1.2,1.2,0.07,-1.2,-1.2,0.0,7.0,4.0,57.1,0.0,0.0,21.4,0.0,0.0,0.0,0.3,0.3,0.05,-0.3,-0.3
2019,Portland Thorns FC,2019-06-29 00:00:00,19:30 (20:30),Regular Season,Sat,Away,W,2,1,Dash,2,12,5,41.7,0.17,0.4,18.8,1,0,0,0.9,0.9,0.08,1.1,1.1,1.0,11.0,4.0,36.4,0.09,0.25,15.3,1.0,0.0,0.0,1.7,1.7,0.15,-0.7,-0.7
2019,Portland Thorns FC,2019-07-05 00:00:00,20:00 (23:00),Regular Season,Fri,Home,L,0,1,Reign,0,10,1,10.0,0.0,0.0,16.8,0,0,0,1.1,1.1,0.11,-1.1,-1.1,1.0,7.0,3.0,42.9,0.14,0.33,21.4,0.0,0.0,0.0,0.3,0.3,0.04,0.7,0.7
2019,Portland Thorns FC,2019-07-14 00:00:00,12:00 (15:00),Regular Season,Sun,Home,W,4,3,Pride,4,20,10,50.0,0.2,0.4,14.1,0,0,0,2.9,2.9,0.15,1.1,1.1,2.0,12.0,6.0,50.0,0.17,0.33,22.5,1.0,0.0,0.0,0.5,0.5,0.04,1.5,1.5
2019,Portland Thorns FC,2019-07-19 00:00:00,20:00 (22:00),Regular Season,Fri,Away,D,2,2,Royals,1,5,2,40.0,0.2,0.5,16.0,0,0,0,0.2,0.2,0.05,0.8,0.8,2.0,13.0,7.0,53.8,0.15,0.29,12.6,0.0,0.0,0.0,1.9,1.9,0.15,0.1,0.1
2019,Portland Thorns FC,2019-07-24 00:00:00,19:30 (22:30),Regular Season,Wed,Home,W,5,0,Dash,4,19,9,47.4,0.16,0.33,15.8,1,1,1,3.6,2.8,0.16,0.4,0.2,0.0,9.0,3.0,33.3,0.0,0.0,15.1,0.0,0.0,0.0,0.8,0.8,0.09,-0.8,-0.8
2019,Portland Thorns FC,2019-08-03 00:00:00,20:00 (23:00),Regular Season,Sat,Home,D,1,1,Sky Blue FC,1,18,2,11.1,0.0,0.0,16.9,0,1,1,2.3,1.5,0.09,-1.3,-1.5,1.0,9.0,2.0,22.2,0.11,0.5,21.0,0.0,0.0,0.0,0.7,0.7,0.08,0.3,0.3
2019,Portland Thorns FC,2019-08-07 00:00:00,19:00 (22:00),Regular Season,Wed,Away,L,0,1,Reign,0,14,2,14.3,0.0,0.0,18.1,1,0,0,1.1,1.1,0.08,-1.1,-1.1,1.0,14.0,4.0,28.6,0.07,0.25,20.1,0.0,0.0,0.0,1.8,1.8,0.14,-0.8,-0.8
2019,Portland Thorns FC,2019-08-11 00:00:00,12:00 (15:00),Regular Season,Sun,Home,W,2,1,Courage,0,10,4,40.0,0.0,0.0,14.3,1,0,0,1.7,1.7,0.17,-1.7,-1.7,1.0,20.0,11.0,55.0,0.05,0.09,19.3,0.0,0.0,0.0,2.9,2.9,0.14,-1.9,-1.9
2019,Portland Thorns FC,2019-08-17 00:00:00,19:30 (22:30),Regular Season,Sat,Home,W,3,1,Spirit,3,12,6,50.0,0.25,0.5,13.7,0,0,0,1.1,1.1,0.1,1.9,1.9,1.0,15.0,5.0,33.3,0.07,0.2,18.3,1.0,0.0,0.0,0.9,0.9,0.06,0.1,0.1
2019,Portland Thorns FC,2019-08-25 00:00:00,12:00 (15:00),Regular Season,Sun,Home,W,3,0,Red Stars,3,12,9,75.0,0.25,0.33,13.7,0,0,0,2.8,2.8,0.25,0.2,0.2,0.0,17.0,2.0,11.8,0.0,0.0,20.8,0.0,0.0,0.0,1.0,1.0,0.06,-1.0,-1.0
2019,Portland Thorns FC,2019-09-06 00:00:00,19:30 (21:30),Regular Season,Fri,Away,L,0,1,Royals,0,23,6,26.1,0.0,0.0,15.7,0,0,0,1.5,1.5,0.07,-1.5,-1.5,1.0,9.0,3.0,33.3,0.11,0.33,17.1,0.0,0.0,0.0,0.5,0.5,0.05,0.5,0.5
2019,Portland Thorns FC,2019-09-11 00:00:00,19:30 (22:30),Regular Season,Wed,Home,L,0,6,Courage,0,9,1,11.1,0.0,0.0,17.3,1,0,0,0.7,0.7,0.08,-0.7,-0.7,6.0,22.0,8.0,36.4,0.27,0.75,15.0,0.0,0.0,0.0,2.6,2.6,0.12,3.4,3.4
2019,Portland Thorns FC,2019-09-21 00:00:00,19:30 (22:30),Regular Season,Sat,Home,W,1,0,Dash,1,19,3,15.8,0.05,0.33,17.8,0,0,0,1.5,1.5,0.08,-0.5,-0.5,0.0,8.0,2.0,25.0,0.0,0.0,13.2,0.0,0.0,0.0,1.3,1.3,0.17,-1.3,-1.3
2019,Portland Thorns FC,2019-09-29 00:00:00,11:00 (14:00),Regular Season,Sun,Away,L,0,2,Reign,0,11,2,18.2,0.0,0.0,18.7,1,0,0,1.0,1.0,0.09,-1.0,-1.0,2.0,15.0,3.0,20.0,0.13,0.67,19.0,0.0,0.0,0.0,1.9,1.9,0.13,0.1,0.1
2019,Portland Thorns FC,2019-10-12 00:00:00,19:30 (22:30),Regular Season,Sat,Home,D,0,0,Spirit,0,21,5,23.8,0.0,0.0,17.4,0,0,0,3.0,3.0,0.15,-3.0,-3.0,0.0,5.0,1.0,20.0,0.0,0.0,28.0,0.0,0.0,0.0,0.2,0.2,0.04,-0.2,-0.2
2019,Portland Thorns FC,2019-10-20 00:00:00,14:30 (15:30),Semifinals,Sun,Away,L,0,1,Red Stars,0,11,2,18.2,0.0,0.0,22.3,0,0,0,0.5,0.5,0.05,-0.5,-0.5,1.0,10.0,4.0,40.0,0.1,0.25,15.0,0.0,0.0,0.0,1.4,1.4,0.14,-0.4,-0.4
2019,Seattle Reign FC,2019-04-14 00:00:00,17:00 (18:00),Regular Season,Sun,Away,D,1,1,Dash,1,8,1,12.5,0.13,1.0,16.0,0,0,1,1.4,0.6,0.08,-0.4,0.4,1.0,16.0,8.0,50.0,0.06,0.13,17.6,0.0,0.0,0.0,2.4,2.4,0.15,-1.4,-1.4
2019,Seattle Reign FC,2019-04-21 00:00:00,19:00 (22:00),Regular Season,Sun,Home,D,1,1,Pride,1,13,4,30.8,0.08,0.25,14.9,0,0,0,0.9,0.9,0.07,0.1,0.1,1.0,13.0,2.0,15.4,0.08,0.5,22.2,0.0,0.0,0.0,0.5,0.5,0.04,0.5,0.5
2019,Seattle Reign FC,2019-04-28 00:00:00,12:00 (13:00),Regular Season,Sun,Away,L,0,3,Red Stars,0,16,5,31.3,0.0,0.0,21.3,0,0,0,1.5,1.5,0.1,-1.5,-1.5,3.0,17.0,9.0,52.9,0.18,0.33,16.6,0.0,0.0,0.0,2.9,2.9,0.18,0.1,0.1
2019,Seattle Reign FC,2019-05-04 00:00:00,19:00,Regular Season,Sat,Away,D,0,0,Spirit,0,19,9,47.4,0.0,0.0,17.7,1,0,0,1.6,1.6,0.09,-1.6,-1.6,0.0,12.0,4.0,33.3,0.0,0.0,18.7,0.0,0.0,0.0,1.0,1.0,0.09,-1.0,-1.0
2019,Seattle Reign FC,2019-05-18 00:00:00,13:00 (16:00),Regular Season,Sat,Home,W,2,1,Sky Blue FC,1,20,4,20.0,0.05,0.25,16.2,0,0,0,2.5,2.5,0.13,-1.5,-1.5,1.0,7.0,3.0,42.9,0.14,0.33,15.0,0.0,0.0,0.0,1.5,1.5,0.21,-0.5,-0.5
2019,Seattle Reign FC,2019-05-27 00:00:00,16:00 (19:00),Regular Season,Mon,Home,W,2,1,Courage,2,16,6,37.5,0.13,0.33,20.5,1,0,0,0.9,0.9,0.05,1.1,1.1,1.0,13.0,5.0,38.5,0.08,0.2,17.6,0.0,0.0,0.0,1.5,1.5,0.12,-0.5,-0.5
2019,Seattle Reign FC,2019-06-02 00:00:00,13:00 (16:00),Regular Season,Sun,Home,D,1,1,Dash,1,19,7,36.8,0.05,0.14,20.3,1,0,0,1.8,1.8,0.09,-0.8,-0.8,1.0,11.0,4.0,36.4,0.09,0.25,25.3,0.0,0.0,1.0,1.4,0.6,0.06,-0.4,0.4
2019,Seattle Reign FC,2019-06-15 00:00:00,19:00 (22:00),Regular Season,Sat,Home,D,1,1,Spirit,1,24,9,37.5,0.04,0.11,18.7,2,0,0,2.2,2.2,0.09,-1.2,-1.2,1.0,10.0,4.0,40.0,0.1,0.25,19.8,1.0,0.0,0.0,0.8,0.8,0.08,0.2,0.2
2019,Seattle Reign FC,2019-06-23 00:00:00,17:00 (18:00),Regular Season,Sun,Away,W,1,0,Red Stars,1,15,4,26.7,0.07,0.25,20.1,0,0,0,2.0,2.0,0.13,-1.0,-1.0,0.0,9.0,3.0,33.3,0.0,0.0,17.6,0.0,0.0,0.0,0.7,0.7,0.08,-0.7,-0.7
2019,Seattle Reign FC,2019-06-28 00:00:00,20:00 (22:00),Regular Season,Fri,Away,W,2,0,Royals,2,12,4,33.3,0.17,0.5,21.1,0,0,0,1.8,1.8,0.15,0.2,0.2,0.0,7.0,2.0,28.6,0.0,0.0,13.2,0.0,0.0,0.0,1.0,1.0,0.14,-1.0,-1.0
2019,Seattle Reign FC,2019-07-05 00:00:00,20:00 (23:00),Regular Season,Fri,Away,W,1,0,Thorns,1,7,3,42.9,0.14,0.33,21.4,0,0,0,0.3,0.3,0.04,0.7,0.7,0.0,10.0,1.0,10.0,0.0,0.0,16.8,0.0,0.0,0.0,1.1,1.1,0.11,-1.1,-1.1
2019,Seattle Reign FC,2019-07-13 00:00:00,19:00,Regular Season,Sat,Away,L,0,2,Courage,0,8,1,12.5,0.0,0.0,17.1,0,0,0,0.4,0.4,0.05,-0.4,-0.4,2.0,23.0,10.0,43.5,0.09,0.2,20.3,0.0,0.0,0.0,1.8,1.8,0.08,0.2,0.2
2019,Seattle Reign FC,2019-07-28 00:00:00,13:00 (16:00),Regular Season,Sun,Home,L,0,4,Red Stars,0,14,2,14.3,0.0,0.0,13.2,0,0,0,2.0,2.0,0.14,-2.0,-2.0,4.0,19.0,9.0,47.4,0.21,0.44,18.7,0.0,0.0,0.0,2.4,2.4,0.13,1.6,1.6
2019,Seattle Reign FC,2019-08-02 00:00:00,18:00 (19:00),Regular Season,Fri,Away,W,1,0,Dash,1,8,3,37.5,0.13,0.33,20.9,0,0,0,0.9,0.9,0.12,0.1,0.1,0.0,19.0,4.0,21.1,0.0,0.0,21.2,0.0,0.0,0.0,1.6,1.6,0.08,-1.6,-1.6
2019,Seattle Reign FC,2019-08-07 00:00:00,19:00 (22:00),Regular Season,Wed,Home,W,1,0,Thorns,1,14,4,28.6,0.07,0.25,20.1,0,0,0,1.8,1.8,0.14,-0.8,-0.8,0.0,14.0,2.0,14.3,0.0,0.0,18.1,1.0,0.0,0.0,1.1,1.1,0.08,-1.1,-1.1
2019,Seattle Reign FC,2019-08-11 00:00:00,13:00 (16:00),Regular Season,Sun,Home,L,1,3,Royals,1,12,2,16.7,0.08,0.5,19.1,0,0,0,1.3,1.3,0.11,-0.3,-0.3,3.0,15.0,6.0,40.0,0.2,0.5,16.0,0.0,0.0,0.0,2.4,2.4,0.17,0.6,0.6
2019,Seattle Reign FC,2019-08-18 00:00:00,13:00,Regular Season,Sun,Away,D,1,1,Sky Blue FC,1,18,6,33.3,0.06,0.17,18.0,1,0,0,2.0,2.0,0.12,-1.0,-1.0,1.0,9.0,3.0,33.3,0.11,0.33,21.8,1.0,0.0,0.0,0.7,0.7,0.08,0.3,0.3
2019,Seattle Reign FC,2019-08-24 00:00:00,19:00,Regular Season,Sat,Away,L,0,1,Courage,0,9,1,11.1,0.0,0.0,21.1,0,0,0,1.1,1.1,0.12,-1.1,-1.1,1.0,26.0,7.0,26.9,0.04,0.14,18.3,1.0,0.0,0.0,2.7,2.7,0.11,-1.7,-1.7
2019,Seattle Reign FC,2019-09-07 00:00:00,19:00 (22:00),Regular Season,Sat,Home,W,3,1,Pride,3,12,6,50.0,0.25,0.5,15.6,0,0,0,1.3,1.3,0.11,1.7,1.7,1.0,11.0,3.0,27.3,0.0,0.0,29.2,2.0,1.0,1.0,1.3,0.5,0.04,-0.3,-0.5
2019,Seattle Reign FC,2019-09-14 00:00:00,19:30,Regular Season,Sat,Away,D,2,2,Spirit,2,13,6,46.2,0.15,0.33,17.2,0,0,0,1.4,1.4,0.11,0.6,0.6,2.0,12.0,4.0,33.3,0.17,0.5,15.0,0.0,0.0,0.0,1.7,1.7,0.14,0.3,0.3
2019,Seattle Reign FC,2019-09-21 00:00:00,19:00 (22:00),Regular Season,Sat,Home,L,0,1,Sky Blue FC,0,23,4,17.4,0.0,0.0,15.4,0,0,0,2.7,2.7,0.12,-2.7,-2.7,1.0,17.0,4.0,23.5,0.06,0.25,21.2,0.0,0.0,0.0,1.4,1.4,0.08,-0.4,-0.4
2019,Seattle Reign FC,2019-09-25 00:00:00,19:00 (22:00),Regular Season,Wed,Home,W,2,1,Royals,2,10,5,50.0,0.2,0.4,13.5,0,0,0,1.6,1.6,0.16,0.4,0.4,1.0,14.0,8.0,57.1,0.07,0.13,16.7,0.0,0.0,0.0,1.5,1.5,0.12,-0.5,-0.5
2019,Seattle Reign FC,2019-09-29 00:00:00,11:00 (14:00),Regular Season,Sun,Home,W,2,0,Thorns,2,15,3,20.0,0.13,0.67,19.0,0,0,0,1.9,1.9,0.13,0.1,0.1,0.0,11.0,2.0,18.2,0.0,0.0,18.7,1.0,0.0,0.0,1.0,1.0,0.09,-1.0,-1.0
2019,Seattle Reign FC,2019-10-12 00:00:00,19:30,Regular Season,Sat,Away,D,2,2,Pride,2,10,7,70.0,0.2,0.29,17.4,0,0,0,1.9,1.9,0.19,0.1,0.1,2.0,22.0,11.0,50.0,0.09,0.18,17.8,0.0,0.0,0.0,2.2,2.2,0.1,-0.2,-0.2
2019,Seattle Reign FC,2019-10-20 00:00:00,13:30,Semifinals,Sun,Away,L,1,4,Courage,1,7,4,57.1,0.14,0.25,23.5,0,0,0,0.3,0.3,0.04,0.7,0.7,3.0,33.0,13.0,39.4,0.06,0.15,19.1,1.0,1.0,1.0,5.5,4.7,0.15,-2.5,-2.7
2019,Utah Royals,2019-04-20 00:00:00,19:00 (21:00),Regular Season,Sat,Home,W,1,0,Spirit,1,12,4,33.3,0.08,0.25,17.0,0,0,0,1.1,1.1,0.09,-0.1,-0.1,0.0,6.0,2.0,33.3,0.0,0.0,23.1,1.0,0.0,0.0,0.6,0.6,0.1,-0.6,-0.6
2019,Utah Royals,2019-04-27 00:00:00,19:30,Regular Season,Sat,Away,W,1,0,Pride,1,17,5,29.4,0.06,0.2,15.8,0,0,0,1.8,1.8,0.11,-0.8,-0.8,0.0,14.0,3.0,21.4,0.0,0.0,13.8,1.0,0.0,0.0,0.8,0.8,0.06,-0.8,-0.8
2019,Utah Royals,2019-05-03 00:00:00,19:30 (21:30),Regular Season,Fri,Home,W,1,0,Red Stars,1,14,4,28.6,0.07,0.25,22.0,1,0,0,0.8,0.8,0.06,0.2,0.2,0.0,8.0,3.0,37.5,0.0,0.0,15.2,0.0,0.0,0.0,0.8,0.8,0.11,-0.8,-0.8
2019,Utah Royals,2019-05-11 00:00:00,13:30 (15:30),Regular Season,Sat,Home,L,1,2,Dash,1,7,4,57.1,0.14,0.25,20.6,0,0,0,0.6,0.6,0.09,0.4,0.4,2.0,11.0,4.0,36.4,0.18,0.5,17.4,0.0,0.0,0.0,0.6,0.6,0.05,1.4,1.4
2019,Utah Royals,2019-05-19 00:00:00,17:00,Regular Season,Sun,Away,D,1,1,Courage,1,2,1,50.0,0.5,1.0,14.5,0,0,0,0.3,0.3,0.17,0.7,0.7,1.0,18.0,3.0,16.7,0.06,0.33,17.0,0.0,0.0,0.0,1.8,1.8,0.1,-0.8,-0.8
2019,Utah Royals,2019-05-25 00:00:00,18:00 (20:00),Regular Season,Sat,Home,W,2,0,Pride,2,15,3,20.0,0.07,0.33,17.5,0,1,1,3.2,2.4,0.17,-1.2,-1.4,0.0,12.0,3.0,25.0,0.0,0.0,13.5,0.0,0.0,0.0,1.1,1.1,0.09,-1.1,-1.1
2019,Utah Royals,2019-06-01 00:00:00,19:00,Regular Season,Sat,Away,L,0,2,Spirit,0,7,6,85.7,0.0,0.0,19.2,0,0,0,0.6,0.6,0.08,-0.6,-0.6,2.0,15.0,2.0,13.3,0.13,1.0,20.1,0.0,0.0,0.0,0.9,0.9,0.06,1.1,1.1
2019,Utah Royals,2019-06-15 00:00:00,20:00 (22:00),Regular Season,Sat,Home,W,1,0,Sky Blue FC,1,11,6,54.5,0.09,0.17,18.8,1,0,0,1.6,1.6,0.14,-0.6,-0.6,0.0,17.0,5.0,29.4,0.0,0.0,18.2,1.0,0.0,0.0,1.6,1.6,0.1,-1.6,-1.6
2019,Utah Royals,2019-06-21 00:00:00,20:00 (23:00),Regular Season,Fri,Away,D,0,0,Thorns,0,7,4,57.1,0.0,0.0,21.4,0,0,0,0.3,0.3,0.05,-0.3,-0.3,0.0,18.0,3.0,16.7,0.0,0.0,15.7,0.0,0.0,0.0,1.2,1.2,0.07,-1.2,-1.2
2019,Utah Royals,2019-06-28 00:00:00,20:00 (22:00),Regular Season,Fri,Home,L,0,2,Reign,0,7,2,28.6,0.0,0.0,13.2,0,0,0,1.0,1.0,0.14,-1.0,-1.0,2.0,12.0,4.0,33.3,0.17,0.5,21.1,0.0,0.0,0.0,1.8,1.8,0.15,0.2,0.2
2019,Utah Royals,2019-07-12 00:00:00,19:30,Regular Season,Fri,Away,L,0,1,Sky Blue FC,0,8,1,12.5,0.0,0.0,20.1,0,0,0,0.8,0.8,0.11,-0.8,-0.8,1.0,16.0,4.0,25.0,0.06,0.25,15.9,0.0,0.0,0.0,1.5,1.5,0.09,-0.5,-0.5
2019,Utah Royals,2019-07-19 00:00:00,20:00 (22:00),Regular Season,Fri,Home,D,2,2,Thorns,2,13,7,53.8,0.15,0.29,12.6,0,0,0,1.9,1.9,0.15,0.1,0.1,1.0,5.0,2.0,40.0,0.2,0.5,16.0,0.0,0.0,0.0,0.2,0.2,0.05,0.8,0.8
2019,Utah Royals,2019-07-27 00:00:00,20:00 (22:00),Regular Season,Sat,Home,L,1,2,Courage,1,12,7,58.3,0.08,0.14,23.8,0,0,0,0.4,0.4,0.04,0.6,0.6,2.0,16.0,5.0,31.3,0.13,0.4,18.9,0.0,0.0,0.0,1.1,1.1,0.07,0.9,0.9
2019,Utah Royals,2019-08-03 00:00:00,19:00 (20:00),Regular Season,Sat,Away,L,0,2,Red Stars,0,14,2,14.3,0.0,0.0,15.3,1,0,0,1.7,1.7,0.16,-1.7,-1.7,2.0,18.0,8.0,44.4,0.11,0.25,16.3,1.0,0.0,0.0,3.0,3.0,0.18,-1.0,-1.0
2019,Utah Royals,2019-08-07 00:00:00,20:00 (22:00),Regular Season,Wed,Home,W,3,0,Sky Blue FC,3,23,11,47.8,0.13,0.27,14.1,0,0,0,3.5,3.5,0.16,-0.5,-0.5,0.0,12.0,2.0,16.7,0.0,0.0,20.8,0.0,0.0,0.0,0.5,0.5,0.05,-0.5,-0.5
2019,Utah Royals,2019-08-11 00:00:00,13:00 (16:00),Regular Season,Sun,Away,W,3,1,Reign,3,15,6,40.0,0.2,0.5,16.0,0,0,0,2.4,2.4,0.17,0.6,0.6,1.0,12.0,2.0,16.7,0.08,0.5,19.1,0.0,0.0,0.0,1.3,1.3,0.11,-0.3,-0.3
2019,Utah Royals,2019-08-17 00:00:00,19:30,Regular Season,Sat,Away,W,2,0,Pride,2,15,10,66.7,0.13,0.2,17.0,0,0,0,2.4,2.4,0.16,-0.4,-0.4,0.0,13.0,1.0,7.7,0.0,0.0,15.5,0.0,0.0,0.0,1.2,1.2,0.09,-1.2,-1.2
2019,Utah Royals,2019-08-21 00:00:00,19:30,Regular Season,Wed,Away,D,0,0,Spirit,0,6,2,33.3,0.0,0.0,15.4,0,0,0,0.6,0.6,0.1,-0.6,-0.6,0.0,17.0,2.0,11.8,0.0,0.0,16.5,1.0,0.0,0.0,0.9,0.9,0.05,-0.9,-0.9
2019,Utah Royals,2019-09-06 00:00:00,19:30 (21:30),Regular Season,Fri,Home,W,1,0,Thorns,1,9,3,33.3,0.11,0.33,17.1,0,0,0,0.5,0.5,0.05,0.5,0.5,0.0,23.0,6.0,26.1,0.0,0.0,15.7,0.0,0.0,0.0,1.5,1.5,0.07,-1.5,-1.5
2019,Utah Royals,2019-09-13 00:00:00,19:30 (20:30),Regular Season,Fri,Away,L,1,2,Dash,1,14,4,28.6,0.07,0.25,17.4,0,0,0,1.1,1.1,0.08,-0.1,-0.1,2.0,9.0,3.0,33.3,0.22,0.67,13.7,0.0,0.0,0.0,1.4,1.4,0.16,0.6,0.6
2019,Utah Royals,2019-09-21 00:00:00,19:00 (21:00),Regular Season,Sat,Home,L,0,3,Courage,0,12,5,41.7,0.0,0.0,18.5,0,0,0,0.6,0.6,0.05,-0.6,-0.6,3.0,13.0,4.0,30.8,0.15,0.5,20.7,0.0,1.0,1.0,1.8,1.1,0.08,1.2,0.9
2019,Utah Royals,2019-09-25 00:00:00,19:00 (22:00),Regular Season,Wed,Away,L,1,2,Reign,1,14,8,57.1,0.07,0.13,16.7,0,0,0,1.5,1.5,0.12,-0.5,-0.5,2.0,10.0,5.0,50.0,0.2,0.4,13.5,0.0,0.0,0.0,1.6,1.6,0.16,0.4,0.4
2019,Utah Royals,2019-09-28 00:00:00,19:00 (20:00),Regular Season,Sat,Away,L,1,2,Red Stars,1,11,3,27.3,0.09,0.33,18.6,0,0,0,1.3,1.3,0.12,-0.3,-0.3,2.0,8.0,5.0,62.5,0.25,0.4,12.7,0.0,0.0,0.0,1.5,1.5,0.2,0.5,0.5
2019,Utah Royals,2019-10-12 00:00:00,19:00 (21:00),Regular Season,Sat,Home,W,2,1,Dash,2,22,7,31.8,0.09,0.29,17.2,1,0,0,2.6,2.6,0.12,-0.6,-0.6,1.0,6.0,3.0,50.0,0.17,0.33,15.9,0.0,0.0,0.0,0.7,0.7,0.11,0.3,0.3
2019,Washington Spirit,2019-04-13 00:00:00,19:00,Regular Season,Sat,Home,W,2,0,Sky Blue FC,2,15,5,33.3,0.13,0.4,18.3,0,0,0,1.5,1.5,0.1,0.5,0.5,0.0,8.0,2.0,25.0,0.0,0.0,11.1,0.0,0.0,0.0,1.0,1.0,0.13,-1.0,-1.0
2019,Washington Spirit,2019-04-20 00:00:00,19:00 (21:00),Regular Season,Sat,Away,L,0,1,Royals,0,6,2,33.3,0.0,0.0,23.1,1,0,0,0.6,0.6,0.1,-0.6,-0.6,1.0,12.0,4.0,33.3,0.08,0.25,17.0,0.0,0.0,0.0,1.1,1.1,0.09,-0.1,-0.1
2019,Washington Spirit,2019-05-04 00:00:00,19:00,Regular Season,Sat,Home,D,0,0,Reign,0,12,4,33.3,0.0,0.0,18.7,0,0,0,1.0,1.0,0.09,-1.0,-1.0,0.0,19.0,9.0,47.4,0.0,0.0,17.7,1.0,0.0,0.0,1.6,1.6,0.09,-1.6,-1.6
2019,Washington Spirit,2019-05-11 00:00:00,15:00,Regular Season,Sat,Away,W,3,2,Sky Blue FC,3,12,7,58.3,0.25,0.43,14.9,0,0,0,1.8,1.8,0.15,1.2,1.2,2.0,14.0,4.0,28.6,0.14,0.5,18.0,1.0,0.0,0.0,1.4,1.4,0.1,0.6,0.6
2019,Washington Spirit,2019-05-18 00:00:00,19:00,Regular Season,Sat,Home,W,3,1,Thorns,2,16,7,43.8,0.13,0.29,16.8,0,0,0,1.2,1.2,0.07,0.8,0.8,1.0,14.0,4.0,28.6,0.07,0.25,14.3,0.0,0.0,0.0,1.6,1.6,0.12,-0.6,-0.6
2019,Washington Spirit,2019-05-26 00:00:00,17:00 (18:00),Regular Season,Sun,Away,W,2,0,Red Stars,1,10,3,30.0,0.1,0.33,15.2,1,0,0,0.7,0.7,0.07,0.3,0.3,0.0,20.0,7.0,35.0,0.0,0.0,15.5,0.0,0.0,0.0,1.4,1.4,0.07,-1.4,-1.4
2019,Washington Spirit,2019-06-01 00:00:00,19:00,Regular Season,Sat,Home,W,2,0,Royals,2,15,2,13.3,0.13,1.0,20.1,0,0,0,0.9,0.9,0.06,1.1,1.1,0.0,7.0,6.0,85.7,0.0,0.0,19.2,0.0,0.0,0.0,0.6,0.6,0.08,-0.6,-0.6
2019,Washington Spirit,2019-06-15 00:00:00,19:00 (22:00),Regular Season,Sat,Away,D,1,1,Reign,1,10,4,40.0,0.1,0.25,19.8,1,0,0,0.8,0.8,0.08,0.2,0.2,1.0,24.0,9.0,37.5,0.04,0.11,18.7,2.0,0.0,0.0,2.2,2.2,0.09,-1.2,-1.2
2019,Washington Spirit,2019-06-22 00:00:00,19:00,Regular Season,Sat,Home,D,0,0,Dash,0,12,2,16.7,0.0,0.0,18.9,0,0,0,1.4,1.4,0.11,-1.4,-1.4,0.0,5.0,0.0,0.0,0.0,,18.6,0.0,0.0,0.0,0.2,0.2,0.04,-0.2,-0.2
2019,Washington Spirit,2019-06-29 00:00:00,19:00,Regular Season,Sat,Home,L,1,2,Courage,1,13,4,30.8,0.08,0.25,17.9,1,0,0,0.9,0.9,0.07,0.1,0.1,2.0,17.0,6.0,35.3,0.12,0.33,20.1,0.0,0.0,1.0,2.4,1.5,0.09,-0.4,0.5
2019,Washington Spirit,2019-07-06 00:00:00,19:30,Regular Season,Sat,Away,L,3,4,Pride,3,19,5,26.3,0.16,0.6,14.1,1,0,0,3.1,3.1,0.16,-0.1,-0.1,4.0,15.0,8.0,53.3,0.27,0.5,11.7,0.0,0.0,0.0,3.1,3.1,0.21,0.9,0.9
2019,Washington Spirit,2019-07-20 00:00:00,20:00,Regular Season,Sat,Home,L,1,2,Dash,1,11,4,36.4,0.09,0.25,18.0,0,0,1,1.6,0.8,0.08,-0.6,0.2,2.0,9.0,2.0,22.2,0.22,1.0,17.8,0.0,0.0,0.0,0.9,0.9,0.1,1.1,1.1
2019,Washington Spirit,2019-07-24 00:00:00,19:30,Regular Season,Wed,Away,W,1,0,Sky Blue FC,1,17,3,17.6,0.06,0.33,18.9,0,0,0,1.3,1.3,0.08,-0.3,-0.3,0.0,6.0,2.0,33.3,0.0,0.0,17.9,0.0,0.0,0.0,0.3,0.3,0.04,-0.3,-0.3
2019,Washington Spirit,2019-08-02 00:00:00,19:00,Regular Season,Fri,Away,L,0,1,Courage,0,6,3,50.0,0.0,0.0,15.4,0,0,0,0.7,0.7,0.14,-0.7,-0.7,1.0,20.0,5.0,25.0,0.05,0.2,17.5,1.0,0.0,0.0,2.5,2.5,0.13,-1.5,-1.5
2019,Washington Spirit,2019-08-10 00:00:00,19:00,Regular Season,Sat,Home,L,0,1,Red Stars,0,9,3,33.3,0.0,0.0,20.4,0,0,0,0.5,0.5,0.06,-0.5,-0.5,1.0,12.0,3.0,25.0,0.08,0.33,14.7,0.0,0.0,0.0,2.0,2.0,0.17,-1.0,-1.0
2019,Washington Spirit,2019-08-17 00:00:00,19:30 (22:30),Regular Season,Sat,Away,L,1,3,Thorns,1,15,5,33.3,0.07,0.2,18.3,1,0,0,0.9,0.9,0.06,0.1,0.1,3.0,12.0,6.0,50.0,0.25,0.5,13.7,0.0,0.0,0.0,1.1,1.1,0.1,1.9,1.9
2019,Washington Spirit,2019-08-21 00:00:00,19:30,Regular Season,Wed,Home,D,0,0,Royals,0,17,2,11.8,0.0,0.0,16.5,1,0,0,0.9,0.9,0.05,-0.9,-0.9,0.0,6.0,2.0,33.3,0.0,0.0,15.4,0.0,0.0,0.0,0.6,0.6,0.1,-0.6,-0.6
2019,Washington Spirit,2019-08-24 00:00:00,19:30,Regular Season,Sat,Home,W,2,1,Pride,2,15,7,46.7,0.13,0.29,17.1,0,0,0,2.1,2.1,0.14,-0.1,-0.1,1.0,11.0,3.0,27.3,0.09,0.33,15.8,0.0,0.0,0.0,1.7,1.7,0.16,-0.7,-0.7
2019,Washington Spirit,2019-09-14 00:00:00,19:30,Regular Season,Sat,Home,D,2,2,Reign,2,12,4,33.3,0.17,0.5,15.0,0,0,0,1.7,1.7,0.14,0.3,0.3,2.0,13.0,6.0,46.2,0.15,0.33,17.2,0.0,0.0,0.0,1.4,1.4,0.11,0.6,0.6
2019,Washington Spirit,2019-09-21 00:00:00,19:00 (20:00),Regular Season,Sat,Away,L,1,3,Red Stars,1,7,6,85.7,0.14,0.17,17.5,0,0,1,1.3,0.5,0.07,-0.3,0.5,3.0,11.0,4.0,36.4,0.27,0.75,17.7,1.0,0.0,0.0,1.1,1.1,0.1,1.9,1.9
2019,Washington Spirit,2019-09-25 00:00:00,20:00 (21:00),Regular Season,Wed,Away,D,0,0,Dash,0,13,3,23.1,0.0,0.0,18.9,0,0,0,1.4,1.4,0.11,-1.4,-1.4,0.0,14.0,4.0,28.6,0.0,0.0,20.8,0.0,0.0,0.0,0.6,0.6,0.04,-0.6,-0.6
2019,Washington Spirit,2019-09-28 00:00:00,19:00,Regular Season,Sat,Home,W,2,1,Courage,2,6,3,50.0,0.33,0.67,22.1,0,0,0,0.3,0.3,0.06,1.7,1.7,1.0,27.0,8.0,29.6,0.04,0.13,14.2,0.0,0.0,0.0,2.9,2.9,0.11,-1.9,-1.9
2019,Washington Spirit,2019-10-05 00:00:00,17:00,Regular Season,Sat,Away,W,3,0,Pride,3,12,7,58.3,0.25,0.43,23.0,1,0,0,1.0,1.0,0.08,2.0,2.0,0.0,8.0,3.0,37.5,0.0,0.0,17.4,0.0,0.0,0.0,0.4,0.4,0.05,-0.4,-0.4
2019,Washington Spirit,2019-10-12 00:00:00,19:30 (22:30),Regular Season,Sat,Away,D,0,0,Thorns,0,5,1,20.0,0.0,0.0,28.0,0,0,0,0.2,0.2,0.04,-0.2,-0.2,0.0,21.0,5.0,23.8,0.0,0.0,17.4,0.0,0.0,0.0,3.0,3.0,0.15,-3.0,-3.0
