date,league,home_team,away_team,home_score,away_score,home_xg,away_xg,source,result,home_avg_goals_for,home_avg_goals_against,home_avg_xg_for,home_avg_xg_against,home_win_rate,home_draw_rate,home_loss_rate,home_matches_played,home_goal_difference_per_match,home_xg_difference_per_match,away_avg_goals_for,away_avg_goals_against,away_avg_xg_for,away_avg_xg_against,away_win_rate,away_draw_rate,away_loss_rate,away_matches_played,away_goal_difference_per_match,away_xg_difference_per_match,goal_difference_gap,xg_difference_gap,win_rate_gap,attack_strength_gap,defensive_strength_gap
2022-08-27,208,FC Como Women,Juventus,0,6,0.1,2.9,european_leagues,AWAY_WIN,1.4545454545454546,2.272727272727273,1.1818181818181819,1.7636363636363634,0.09090909090909091,0.36363636363636365,0.5454545454545454,11,-0.8181818181818183,-0.5818181818181816,2.5454545454545454,0.9090909090909091,2.0090909090909093,0.8363636363636363,0.6363636363636364,0.2727272727272727,0.09090909090909091,11,1.6363636363636362,1.1727272727272728,-2.4545454545454546,-1.7545454545454544,-0.5454545454545454,-1.0909090909090908,-1.3636363636363638
2022-08-28,208,ASD Calcio Pomigliano,AS Roma,0,2,0.2,2.4,european_leagues,AWAY_WIN,1.0,2.0,0.9727272727272727,1.7545454545454546,0.2727272727272727,0.09090909090909091,0.6363636363636364,11,-1.0,-0.781818181818182,1.9090909090909092,0.2727272727272727,1.9454545454545453,0.43636363636363634,0.9090909090909091,0.0,0.09090909090909091,11,1.6363636363636365,1.509090909090909,-2.6363636363636367,-2.290909090909091,-0.6363636363636364,-0.9090909090909092,-1.7272727272727273
2022-08-28,208,AC Milan,Fiorentina,1,3,0.7,1.3,european_leagues,AWAY_WIN,2.1818181818181817,2.0,1.5727272727272728,1.4090909090909092,0.45454545454545453,0.09090909090909091,0.45454545454545453,11,0.18181818181818166,0.16363636363636358,1.5454545454545454,1.4545454545454546,1.5363636363636366,1.3454545454545455,0.6363636363636364,0.09090909090909091,0.2727272727272727,11,0.09090909090909083,0.19090909090909114,0.09090909090909083,-0.02727272727272756,-0.18181818181818182,0.6363636363636362,-0.5454545454545454
2022-08-28,208,Internazionale,Parma Calcio 1913,4,1,2.8,0.8,european_leagues,HOME_WIN,2.3636363636363638,1.1818181818181819,1.8,1.3363636363636362,0.45454545454545453,0.36363636363636365,0.18181818181818182,11,1.1818181818181819,0.46363636363636385,1.0,2.6363636363636362,1.0636363636363635,1.8363636363636362,0.09090909090909091,0.2727272727272727,0.6363636363636364,11,-1.6363636363636362,-0.7727272727272727,2.8181818181818183,1.2363636363636366,0.36363636363636365,1.3636363636363638,1.4545454545454544
2022-08-28,208,Sassuolo,UC Sampdoria,1,2,1.4,2.7,european_leagues,AWAY_WIN,1.1818181818181819,1.5454545454545454,0.9090909090909091,1.9,0.18181818181818182,0.36363636363636365,0.45454545454545453,11,-0.36363636363636354,-0.9909090909090909,0.6363636363636364,1.5454545454545454,1.2454545454545454,1.6181818181818182,0.2727272727272727,0.09090909090909091,0.6363636363636364,11,-0.9090909090909091,-0.3727272727272728,0.5454545454545455,-0.618181818181818,-0.09090909090909088,0.5454545454545455,0.0
2022-09-09,193,Paris S-G,Soyaux,2,0,2.8,0.3,european_leagues,HOME_WIN,2.2,0.6,1.8699999999999999,0.37,0.8,0.2,0.0,10,1.6,1.5,0.9,2.0,0.71,2.09,0.1,0.2,0.7,10,-1.1,-1.38,2.7,2.88,0.7000000000000001,1.3000000000000003,1.4
2022-09-10,193,Bordeaux,Le Havre,4,2,2.0,0.7,european_leagues,HOME_WIN,1.4,1.3,1.2399999999999998,0.9199999999999999,0.4,0.3,0.3,10,0.09999999999999987,0.31999999999999984,1.7,1.6,1.17,1.64,0.4,0.1,0.5,10,0.09999999999999987,-0.47,0.0,0.7899999999999998,0.0,-0.30000000000000004,0.30000000000000004
2022-09-10,193,Guingamp,Fleury,0,3,0.5,2.5,european_leagues,AWAY_WIN,0.5,2.0,0.9899999999999999,1.67,0.1,0.1,0.8,10,-1.5,-0.68,1.7,0.9,1.35,0.9199999999999999,0.4,0.3,0.3,10,0.7999999999999999,0.43000000000000016,-2.3,-1.1100000000000003,-0.30000000000000004,-1.2,-1.1
2022-09-10,193,Paris FC,Rodez,2,0,1.3,0.3,european_leagues,HOME_WIN,1.7,0.9,1.48,0.89,0.5,0.3,0.2,10,0.7999999999999999,0.59,0.6,1.9,0.8,1.61,0.1,0.2,0.7,10,-1.2999999999999998,-0.81,2.0999999999999996,1.4,0.4,1.1,0.9999999999999999
2022-09-10,193,Montpellier,Dijon,3,0,2.3,1.2,european_leagues,HOME_WIN,1.9,1.4,1.61,1.26,0.4,0.4,0.2,10,0.5,0.3500000000000001,0.6,2.8,0.78,1.98,0.2,0.2,0.6,10,-2.1999999999999997,-1.2,2.6999999999999997,1.55,0.2,1.2999999999999998,1.4
2022-09-10,208,AS Roma,AC Milan,2,0,1.4,0.6,european_leagues,HOME_WIN,1.9090909090909092,0.2727272727272727,1.9454545454545453,0.43636363636363634,0.9090909090909091,0.0,0.09090909090909091,11,1.6363636363636365,1.509090909090909,2.1818181818181817,2.0,1.5727272727272728,1.4090909090909092,0.45454545454545453,0.09090909090909091,0.45454545454545453,11,0.18181818181818166,0.16363636363636358,1.4545454545454548,1.3454545454545455,0.45454545454545453,-0.2727272727272725,1.7272727272727273
2022-09-11,193,Stade de Reims,Lyon,1,5,0.7,3.6,european_leagues,AWAY_WIN,1.5,1.5,0.89,1.41,0.4,0.2,0.4,10,0.0,-0.5199999999999999,2.8,0.6,2.35,0.48,0.9,0.1,0.0,10,2.1999999999999997,1.87,-2.1999999999999997,-2.39,-0.5,-1.2999999999999998,-0.9
2022-09-11,208,UC Sampdoria,ASD Calcio Pomigliano,2,1,1.6,0.9,european_leagues,HOME_WIN,0.6363636363636364,1.5454545454545454,1.2454545454545454,1.6181818181818182,0.2727272727272727,0.09090909090909091,0.6363636363636364,11,-0.9090909090909091,-0.3727272727272728,1.0,2.0,0.9727272727272727,1.7545454545454546,0.2727272727272727,0.09090909090909091,0.6363636363636364,11,-1.0,-0.781818181818182,0.09090909090909094,0.40909090909090917,0.0,-0.36363636363636365,0.4545454545454546
2022-09-11,208,Juventus,Internazionale,3,3,1.4,0.6,european_leagues,DRAW,2.5454545454545454,0.9090909090909091,2.0090909090909093,0.8363636363636363,0.6363636363636364,0.2727272727272727,0.09090909090909091,11,1.6363636363636362,1.1727272727272728,2.3636363636363638,1.1818181818181819,1.8,1.3363636363636362,0.45454545454545453,0.36363636363636365,0.18181818181818182,11,1.1818181818181819,0.46363636363636385,0.45454545454545436,0.709090909090909,0.18181818181818182,0.18181818181818166,0.2727272727272728
2022-09-11,208,Fiorentina,FC Como Women,2,1,0.8,0.9,european_leagues,HOME_WIN,1.5454545454545454,1.4545454545454546,1.5363636363636366,1.3454545454545455,0.6363636363636364,0.09090909090909091,0.2727272727272727,11,0.09090909090909083,0.19090909090909114,1.4545454545454546,2.272727272727273,1.1818181818181819,1.7636363636363634,0.09090909090909091,0.36363636363636365,0.5454545454545454,11,-0.8181818181818183,-0.5818181818181816,0.9090909090909092,0.7727272727272727,0.5454545454545454,0.09090909090909083,0.8181818181818183
2022-09-12,208,Parma Calcio 1913,Sassuolo,2,1,2.0,0.9,european_leagues,HOME_WIN,1.0,2.6363636363636362,1.0636363636363635,1.8363636363636362,0.09090909090909091,0.2727272727272727,0.6363636363636364,11,-1.6363636363636362,-0.7727272727272727,1.1818181818181819,1.5454545454545454,0.9090909090909091,1.9,0.18181818181818182,0.36363636363636365,0.45454545454545453,11,-0.36363636363636354,-0.9909090909090909,-1.2727272727272727,0.21818181818181814,-0.09090909090909091,-0.18181818181818188,-1.0909090909090908
2022-09-16,189,Arsenal,Brighton,4,0,3.6,0.3,european_leagues,HOME_WIN,2.625,0.5,2.0,0.7,0.875,0.0,0.125,8,2.125,1.3,1.375,3.625,1.2875,2.0875,0.25,0.125,0.625,8,-2.25,-0.7999999999999998,4.375,2.0999999999999996,0.625,1.25,3.125
2022-09-16,193,Fleury,Paris FC,1,1,1.2,0.9,european_leagues,DRAW,1.7,0.9,1.35,0.9199999999999999,0.4,0.3,0.3,10,0.7999999999999999,0.43000000000000016,1.7,0.9,1.48,0.89,0.5,0.3,0.2,10,0.7999999999999999,0.59,0.0,-0.1599999999999998,-0.09999999999999998,0.0,0.0
2022-09-16,183,E. Frankfurt,Bayern Munich,0,0,0.7,0.5,european_leagues,DRAW,2.2222222222222223,1.4444444444444444,1.7000000000000002,0.7666666666666667,0.6666666666666666,0.2222222222222222,0.1111111111111111,9,0.7777777777777779,0.9333333333333335,2.6666666666666665,0.3333333333333333,2.0444444444444443,0.5555555555555556,0.7777777777777778,0.1111111111111111,0.1111111111111111,9,2.333333333333333,1.4888888888888887,-1.5555555555555551,-0.5555555555555552,-0.11111111111111116,-0.4444444444444442,-1.1111111111111112
2022-09-16,208,Juventus,AS Roma,1,0,0.7,1.2,european_leagues,HOME_WIN,2.5454545454545454,0.9090909090909091,2.0090909090909093,0.8363636363636363,0.6363636363636364,0.2727272727272727,0.09090909090909091,11,1.6363636363636362,1.1727272727272728,1.9090909090909092,0.2727272727272727,1.9454545454545453,0.43636363636363634,0.9090909090909091,0.0,0.09090909090909091,11,1.6363636363636365,1.509090909090909,-2.220446049250313e-16,-0.3363636363636362,-0.2727272727272727,0.6363636363636362,-0.6363636363636364
2022-09-17,230,Barcelona,UDG Tenerife,2,0,1.9,0.4,european_leagues,HOME_WIN,4.090909090909091,0.36363636363636365,2.9545454545454546,0.5636363636363636,1.0,0.0,0.0,11,3.727272727272727,2.390909090909091,0.9,1.2,0.95,1.04,0.3,0.3,0.4,10,-0.29999999999999993,-0.09000000000000008,4.027272727272727,2.4809090909090914,0.7,3.190909090909091,0.8363636363636363
2022-09-17,230,Alavés,Madrid CFF,1,2,1.1,1.2,european_leagues,AWAY_WIN,1.0,3.090909090909091,0.7818181818181817,2.109090909090909,0.09090909090909091,0.2727272727272727,0.6363636363636364,11,-2.090909090909091,-1.3272727272727272,2.0,1.3636363636363635,1.5454545454545454,0.990909090909091,0.6363636363636364,0.09090909090909091,0.2727272727272727,11,0.6363636363636365,0.5545454545454545,-2.7272727272727275,-1.8818181818181816,-0.5454545454545454,-1.0,-1.7272727272727273
2022-09-17,230,Real Sociedad,Villarreal,2,0,0.7,0.3,european_leagues,HOME_WIN,2.0,1.0909090909090908,1.8272727272727274,1.1272727272727272,0.45454545454545453,0.36363636363636365,0.18181818181818182,11,0.9090909090909092,0.7000000000000002,0.9090909090909091,2.5454545454545454,0.9090909090909091,1.5454545454545454,0.2727272727272727,0.09090909090909091,0.6363636363636364,11,-1.6363636363636362,-0.6363636363636364,2.5454545454545454,1.3363636363636364,0.18181818181818182,1.0909090909090908,1.4545454545454546
2022-09-17,230,Real Madrid,Valencia,2,0,1.6,0.8,european_leagues,HOME_WIN,3.0,0.9,1.6600000000000001,1.05,0.8,0.1,0.1,10,2.1,0.6100000000000001,1.1818181818181819,0.9090909090909091,1.2909090909090908,1.1090909090909091,0.36363636363636365,0.2727272727272727,0.36363636363636365,11,0.2727272727272728,0.18181818181818166,1.8272727272727272,0.42818181818181844,0.4363636363636364,1.8181818181818181,0.009090909090909038
2022-09-17,230,Sevilla,Atlético Madrid,1,3,1.1,1.4,european_leagues,AWAY_WIN,1.7272727272727273,1.8181818181818181,1.4636363636363638,1.1636363636363638,0.2727272727272727,0.2727272727272727,0.45454545454545453,11,-0.09090909090909083,0.30000000000000004,1.9090909090909092,1.1818181818181819,1.8454545454545455,0.9,0.6363636363636364,0.18181818181818182,0.18181818181818182,11,0.7272727272727273,0.9454545454545454,-0.8181818181818181,-0.6454545454545454,-0.36363636363636365,-0.18181818181818188,-0.6363636363636362
2022-09-17,189,Manchester Utd,Reading,4,0,2.3,0.0,european_leagues,HOME_WIN,2.875,0.625,1.275,0.5,0.875,0.0,0.125,8,2.25,0.7749999999999999,1.1111111111111112,2.2222222222222223,0.8222222222222222,1.5444444444444445,0.2222222222222222,0.1111111111111111,0.6666666666666666,9,-1.1111111111111112,-0.7222222222222223,3.361111111111111,1.4972222222222222,0.6527777777777778,1.7638888888888888,1.5972222222222223
2022-09-17,193,Dijon,Bordeaux,1,1,0.2,1.0,european_leagues,DRAW,0.6,2.8,0.78,1.98,0.2,0.2,0.6,10,-2.1999999999999997,-1.2,1.4,1.3,1.2399999999999998,0.9199999999999999,0.4,0.3,0.3,10,0.09999999999999987,0.31999999999999984,-2.3,-1.5199999999999998,-0.2,-0.7999999999999999,-1.4999999999999998
2022-09-17,193,Stade de Reims,Montpellier,1,3,0.1,2.9,european_leagues,AWAY_WIN,1.5,1.5,0.89,1.41,0.4,0.2,0.4,10,0.0,-0.5199999999999999,1.9,1.4,1.61,1.26,0.4,0.4,0.2,10,0.5,0.3500000000000001,-0.5,-0.87,0.0,-0.3999999999999999,-0.10000000000000009
2022-09-17,193,Rodez,Paris S-G,0,4,0.2,3.1,european_leagues,AWAY_WIN,0.6,1.9,0.8,1.61,0.1,0.2,0.7,10,-1.2999999999999998,-0.81,2.2,0.6,1.8699999999999999,0.37,0.8,0.2,0.0,10,1.6,1.5,-2.9,-2.31,-0.7000000000000001,-1.6,-1.2999999999999998
2022-09-17,183,Wolfsburg,Essen,4,0,4.2,0.9,european_leagues,HOME_WIN,3.5555555555555554,0.5555555555555556,2.588888888888889,0.6444444444444444,1.0,0.0,0.0,9,3.0,1.9444444444444446,0.7777777777777778,2.7777777777777777,1.1444444444444446,1.6444444444444446,0.2222222222222222,0.1111111111111111,0.6666666666666666,9,-2.0,-0.5,5.0,2.4444444444444446,0.7777777777777778,2.7777777777777777,2.2222222222222223
2022-09-17,208,Internazionale,ASD Calcio Pomigliano,6,1,2.5,1.8,european_leagues,HOME_WIN,2.3636363636363638,1.1818181818181819,1.8,1.3363636363636362,0.45454545454545453,0.36363636363636365,0.18181818181818182,11,1.1818181818181819,0.46363636363636385,1.0,2.0,0.9727272727272727,1.7545454545454546,0.2727272727272727,0.09090909090909091,0.6363636363636364,11,-1.0,-0.781818181818182,2.1818181818181817,1.2454545454545458,0.18181818181818182,1.3636363636363638,0.8181818181818181
2022-09-18,230,Alhama,Levante,2,3,0.7,2.1,european_leagues,AWAY_WIN,0.45454545454545453,2.0,0.7000000000000001,1.4909090909090912,0.09090909090909091,0.0,0.9090909090909091,11,-1.5454545454545454,-0.7909090909090911,2.727272727272727,1.2727272727272727,2.1454545454545455,0.8272727272727273,0.6363636363636364,0.18181818181818182,0.18181818181818182,11,1.4545454545454544,1.3181818181818183,-3.0,-2.1090909090909093,-0.5454545454545454,-2.2727272727272725,-0.7272727272727273
2022-09-18,230,Athletic Club,Sporting Huelva,3,0,3.1,0.2,european_leagues,HOME_WIN,1.4545454545454546,1.8181818181818181,1.009090909090909,1.3272727272727272,0.36363636363636365,0.09090909090909091,0.5454545454545454,11,-0.36363636363636354,-0.3181818181818181,0.8181818181818182,1.8181818181818181,0.7545454545454546,1.8636363636363635,0.2727272727272727,0.2727272727272727,0.45454545454545453,11,-0.9999999999999999,-1.109090909090909,0.6363636363636364,0.7909090909090908,0.09090909090909094,0.6363636363636364,0.0
2022-09-18,230,Real Betis,Levante Planas,1,2,0.3,1.3,european_leagues,AWAY_WIN,1.1818181818181819,2.3636363636363638,0.6272727272727273,2.2636363636363637,0.2727272727272727,0.09090909090909091,0.6363636363636364,11,-1.1818181818181819,-1.6363636363636362,1.0,2.4545454545454546,0.9181818181818181,1.9636363636363638,0.18181818181818182,0.18181818181818182,0.6363636363636364,11,-1.4545454545454546,-1.0454545454545459,0.2727272727272727,-0.5909090909090904,0.09090909090909088,0.18181818181818188,0.09090909090909083
2022-09-18,189,Aston Villa,Manchester City,4,3,1.4,0.7,european_leagues,HOME_WIN,1.5,1.875,1.3375,1.1,0.5,0.0,0.5,8,-0.375,0.23749999999999982,2.5,1.125,2.0,0.6875,0.75,0.0,0.25,8,1.375,1.3125,-1.75,-1.0750000000000002,-0.25,-1.0,-0.75
2022-09-18,189,West Ham,Everton,1,0,0.4,0.6,european_leagues,HOME_WIN,1.4444444444444444,2.0,0.788888888888889,1.8555555555555554,0.4444444444444444,0.0,0.5555555555555556,9,-0.5555555555555556,-1.0666666666666664,0.875,1.25,0.7125,1.5625,0.375,0.0,0.625,8,-0.375,-0.85,-0.18055555555555558,-0.21666666666666645,0.06944444444444442,0.5694444444444444,-0.75
2022-09-18,189,Leicester City WFC,Tottenham,1,2,0.3,0.3,european_leagues,AWAY_WIN,0.2222222222222222,2.7777777777777777,0.4222222222222223,1.4555555555555555,0.0,0.0,1.0,9,-2.5555555555555554,-1.0333333333333332,1.5714285714285714,1.7142857142857142,0.8714285714285713,0.9714285714285714,0.42857142857142855,0.0,0.5714285714285714,7,-0.1428571428571428,-0.10000000000000009,-2.4126984126984126,-0.9333333333333331,-0.42857142857142855,-1.3492063492063493,-1.0634920634920635
2022-09-18,189,Liverpool,Chelsea,2,1,2.0,1.3,european_leagues,HOME_WIN,1.2222222222222223,1.7777777777777777,1.2555555555555555,1.3555555555555554,0.2222222222222222,0.2222222222222222,0.5555555555555556,9,-0.5555555555555554,-0.09999999999999987,3.111111111111111,0.6666666666666666,2.0,0.7555555555555555,0.8888888888888888,0.0,0.1111111111111111,9,2.4444444444444446,1.2444444444444445,-3.0,-1.3444444444444443,-0.6666666666666666,-1.8888888888888888,-1.1111111111111112
2022-09-18,193,Le Havre,Guingamp,1,0,1.7,0.6,european_leagues,HOME_WIN,1.7,1.6,1.17,1.64,0.4,0.1,0.5,10,0.09999999999999987,-0.47,0.5,2.0,0.9899999999999999,1.67,0.1,0.1,0.8,10,-1.5,-0.68,1.5999999999999999,0.21000000000000008,0.30000000000000004,1.2,0.3999999999999999
2022-09-18,193,Lyon,Soyaux,2,1,3.2,0.1,european_leagues,HOME_WIN,2.8,0.6,2.35,0.48,0.9,0.1,0.0,10,2.1999999999999997,1.87,0.9,2.0,0.71,2.09,0.1,0.2,0.7,10,-1.1,-1.38,3.3,3.25,0.8,1.9,1.4
2022-09-18,183,Köln,Hoffenheim,3,1,1.9,1.1,european_leagues,HOME_WIN,1.1111111111111112,1.8888888888888888,1.2888888888888888,1.4666666666666666,0.3333333333333333,0.0,0.6666666666666666,9,-0.7777777777777777,-0.1777777777777778,2.111111111111111,2.0,1.5555555555555556,1.8444444444444446,0.5555555555555556,0.1111111111111111,0.3333333333333333,9,0.11111111111111116,-0.288888888888889,-0.8888888888888888,0.11111111111111116,-0.22222222222222227,-1.0,0.11111111111111116
2022-09-18,183,SV Meppen,Freiburg,1,2,1.0,0.8,european_leagues,AWAY_WIN,0.8888888888888888,1.0,0.8,1.4333333333333333,0.4444444444444444,0.0,0.5555555555555556,9,-0.11111111111111116,-0.6333333333333333,2.7777777777777777,1.8888888888888888,1.8333333333333333,1.2777777777777777,0.6666666666666666,0.0,0.3333333333333333,9,0.8888888888888888,0.5555555555555556,-1.0,-1.1888888888888889,-0.2222222222222222,-1.8888888888888888,0.8888888888888888
2022-09-18,183,Werder Bremen,Turbine Potsdam,1,1,0.7,0.7,european_leagues,DRAW,0.5555555555555556,1.7777777777777777,0.8444444444444444,1.411111111111111,0.0,0.3333333333333333,0.6666666666666666,9,-1.222222222222222,-0.5666666666666665,0.5555555555555556,2.7777777777777777,0.6111111111111112,2.2555555555555555,0.0,0.1111111111111111,0.8888888888888888,9,-2.2222222222222223,-1.6444444444444444,1.0000000000000002,1.077777777777778,0.0,0.0,1.0
2022-09-18,183,MSV Duisburg,Leverkusen,0,1,0.0,2.4,european_leagues,AWAY_WIN,1.0,1.8888888888888888,0.5,2.011111111111111,0.3333333333333333,0.1111111111111111,0.5555555555555556,9,-0.8888888888888888,-1.511111111111111,1.6666666666666667,1.5555555555555556,1.588888888888889,1.188888888888889,0.4444444444444444,0.0,0.5555555555555556,9,0.11111111111111116,0.3999999999999999,-1.0,-1.911111111111111,-0.1111111111111111,-0.6666666666666667,-0.33333333333333326
2022-09-18,208,Fiorentina,Parma Calcio 1913,2,1,2.6,1.2,european_leagues,HOME_WIN,1.5454545454545454,1.4545454545454546,1.5363636363636366,1.3454545454545455,0.6363636363636364,0.09090909090909091,0.2727272727272727,11,0.09090909090909083,0.19090909090909114,1.0,2.6363636363636362,1.0636363636363635,1.8363636363636362,0.09090909090909091,0.2727272727272727,0.6363636363636364,11,-1.6363636363636362,-0.7727272727272727,1.727272727272727,0.9636363636363638,0.5454545454545454,0.5454545454545454,1.1818181818181817
2022-09-18,208,FC Como Women,UC Sampdoria,0,1,0.6,1.2,european_leagues,AWAY_WIN,1.4545454545454546,2.272727272727273,1.1818181818181819,1.7636363636363634,0.09090909090909091,0.36363636363636365,0.5454545454545454,11,-0.8181818181818183,-0.5818181818181816,0.6363636363636364,1.5454545454545454,1.2454545454545454,1.6181818181818182,0.2727272727272727,0.09090909090909091,0.6363636363636364,11,-0.9090909090909091,-0.3727272727272728,0.09090909090909072,-0.20909090909090877,-0.1818181818181818,0.8181818181818182,-0.7272727272727275
2022-09-18,208,AC Milan,Sassuolo,3,1,1.6,0.4,european_leagues,HOME_WIN,2.1818181818181817,2.0,1.5727272727272728,1.4090909090909092,0.45454545454545453,0.09090909090909091,0.45454545454545453,11,0.18181818181818166,0.16363636363636358,1.1818181818181819,1.5454545454545454,0.9090909090909091,1.9,0.18181818181818182,0.36363636363636365,0.45454545454545453,11,-0.36363636363636354,-0.9909090909090909,0.5454545454545452,1.1545454545454543,0.2727272727272727,0.9999999999999998,-0.4545454545454546
2022-09-23,193,Paris FC,Le Havre,1,0,2.6,0.4,european_leagues,HOME_WIN,1.7,0.9,1.48,0.89,0.5,0.3,0.2,10,0.7999999999999999,0.59,1.7,1.6,1.17,1.64,0.4,0.1,0.5,10,0.09999999999999987,-0.47,0.7000000000000001,1.06,0.09999999999999998,0.0,0.7000000000000001
2022-09-23,193,Montpellier,Lyon,1,3,1.2,2.1,european_leagues,AWAY_WIN,1.9,1.4,1.61,1.26,0.4,0.4,0.2,10,0.5,0.3500000000000001,2.8,0.6,2.35,0.48,0.9,0.1,0.0,10,2.1999999999999997,1.87,-1.6999999999999997,-1.52,-0.5,-0.8999999999999999,-0.7999999999999999
2022-09-23,183,Leverkusen,Köln,1,0,1.7,1.6,european_leagues,HOME_WIN,1.6666666666666667,1.5555555555555556,1.588888888888889,1.188888888888889,0.4444444444444444,0.0,0.5555555555555556,9,0.11111111111111116,0.3999999999999999,1.1111111111111112,1.8888888888888888,1.2888888888888888,1.4666666666666666,0.3333333333333333,0.0,0.6666666666666666,9,-0.7777777777777777,-0.1777777777777778,0.8888888888888888,0.5777777777777777,0.1111111111111111,0.5555555555555556,0.33333333333333326
2022-09-24,230,Madrid CFF,Levante Planas,3,1,3.4,0.5,european_leagues,HOME_WIN,2.0,1.3636363636363635,1.5454545454545454,0.990909090909091,0.6363636363636364,0.09090909090909091,0.2727272727272727,11,0.6363636363636365,0.5545454545454545,1.0,2.4545454545454546,0.9181818181818181,1.9636363636363638,0.18181818181818182,0.18181818181818182,0.6363636363636364,11,-1.4545454545454546,-1.0454545454545459,2.090909090909091,1.6000000000000003,0.45454545454545453,1.0,1.090909090909091
2022-09-24,230,Sporting Huelva,Alhama,1,0,0.5,0.8,european_leagues,HOME_WIN,0.8181818181818182,1.8181818181818181,0.7545454545454546,1.8636363636363635,0.2727272727272727,0.2727272727272727,0.45454545454545453,11,-0.9999999999999999,-1.109090909090909,0.45454545454545453,2.0,0.7000000000000001,1.4909090909090912,0.09090909090909091,0.0,0.9090909090909091,11,-1.5454545454545454,-0.7909090909090911,0.5454545454545455,-0.3181818181818178,0.1818181818181818,0.3636363636363637,0.18181818181818188
2022-09-24,230,Valencia,Sevilla,2,0,2.8,1.3,european_leagues,HOME_WIN,1.1818181818181819,0.9090909090909091,1.2909090909090908,1.1090909090909091,0.36363636363636365,0.2727272727272727,0.36363636363636365,11,0.2727272727272728,0.18181818181818166,1.7272727272727273,1.8181818181818181,1.4636363636363638,1.1636363636363638,0.2727272727272727,0.2727272727272727,0.45454545454545453,11,-0.09090909090909083,0.30000000000000004,0.36363636363636365,-0.11818181818181839,0.09090909090909094,-0.5454545454545454,0.9090909090909091
2022-09-24,230,Real Sociedad,Real Betis,2,2,2.8,0.6,european_leagues,DRAW,2.0,1.0909090909090908,1.8272727272727274,1.1272727272727272,0.45454545454545453,0.36363636363636365,0.18181818181818182,11,0.9090909090909092,0.7000000000000002,1.1818181818181819,2.3636363636363638,0.6272727272727273,2.2636363636363637,0.2727272727272727,0.09090909090909091,0.6363636363636364,11,-1.1818181818181819,-1.6363636363636362,2.090909090909091,2.3363636363636364,0.18181818181818182,0.8181818181818181,1.272727272727273
2022-09-24,189,Arsenal,Tottenham,4,0,1.5,0.2,european_leagues,HOME_WIN,2.625,0.5,2.0,0.7,0.875,0.0,0.125,8,2.125,1.3,1.5714285714285714,1.7142857142857142,0.8714285714285713,0.9714285714285714,0.42857142857142855,0.0,0.5714285714285714,7,-0.1428571428571428,-0.10000000000000009,2.267857142857143,1.4000000000000001,0.44642857142857145,1.0535714285714286,1.2142857142857142
2022-09-24,193,Soyaux,Rodez,2,0,1.5,1.0,european_leagues,HOME_WIN,0.9,2.0,0.71,2.09,0.1,0.2,0.7,10,-1.1,-1.38,0.6,1.9,0.8,1.61,0.1,0.2,0.7,10,-1.2999999999999998,-0.81,0.19999999999999973,-0.5699999999999998,0.0,0.30000000000000004,-0.10000000000000009
2022-09-24,193,Guingamp,Dijon,0,1,1.3,1.3,european_leagues,AWAY_WIN,0.5,2.0,0.9899999999999999,1.67,0.1,0.1,0.8,10,-1.5,-0.68,0.6,2.8,0.78,1.98,0.2,0.2,0.6,10,-2.1999999999999997,-1.2,0.6999999999999997,0.5199999999999999,-0.1,-0.09999999999999998,0.7999999999999998
2022-09-24,193,Bordeaux,Stade de Reims,0,1,0.7,1.0,european_leagues,AWAY_WIN,1.4,1.3,1.2399999999999998,0.9199999999999999,0.4,0.3,0.3,10,0.09999999999999987,0.31999999999999984,1.5,1.5,0.89,1.41,0.4,0.2,0.4,10,0.0,-0.5199999999999999,0.09999999999999987,0.8399999999999997,0.0,-0.10000000000000009,0.19999999999999996
2022-09-24,183,Hoffenheim,Wolfsburg,1,2,0.7,2.9,european_leagues,AWAY_WIN,2.111111111111111,2.0,1.5555555555555556,1.8444444444444446,0.5555555555555556,0.1111111111111111,0.3333333333333333,9,0.11111111111111116,-0.288888888888889,3.5555555555555554,0.5555555555555556,2.588888888888889,0.6444444444444444,1.0,0.0,0.0,9,3.0,1.9444444444444446,-2.888888888888889,-2.2333333333333334,-0.4444444444444444,-1.4444444444444442,-1.4444444444444444
2022-09-24,208,Sassuolo,Juventus,1,1,0.5,1.4,european_leagues,DRAW,1.1818181818181819,1.5454545454545454,0.9090909090909091,1.9,0.18181818181818182,0.36363636363636365,0.45454545454545453,11,-0.36363636363636354,-0.9909090909090909,2.5454545454545454,0.9090909090909091,2.0090909090909093,0.8363636363636363,0.6363636363636364,0.2727272727272727,0.09090909090909091,11,1.6363636363636362,1.1727272727272728,-1.9999999999999998,-2.1636363636363636,-0.45454545454545453,-1.3636363636363635,-0.6363636363636364
2022-09-24,208,Parma Calcio 1913,AC Milan,0,4,0.7,3.3,european_leagues,AWAY_WIN,1.0,2.6363636363636362,1.0636363636363635,1.8363636363636362,0.09090909090909091,0.2727272727272727,0.6363636363636364,11,-1.6363636363636362,-0.7727272727272727,2.1818181818181817,2.0,1.5727272727272728,1.4090909090909092,0.45454545454545453,0.09090909090909091,0.45454545454545453,11,0.18181818181818166,0.16363636363636358,-1.818181818181818,-0.9363636363636363,-0.36363636363636365,-1.1818181818181817,-0.6363636363636362
2022-09-24,208,AS Roma,Fiorentina,2,1,1.6,0.4,european_leagues,HOME_WIN,1.9090909090909092,0.2727272727272727,1.9454545454545453,0.43636363636363634,0.9090909090909091,0.0,0.09090909090909091,11,1.6363636363636365,1.509090909090909,1.5454545454545454,1.4545454545454546,1.5363636363636366,1.3454545454545455,0.6363636363636364,0.09090909090909091,0.2727272727272727,11,0.09090909090909083,0.19090909090909114,1.5454545454545456,1.318181818181818,0.2727272727272727,0.36363636363636376,1.1818181818181819
2022-09-25,230,Atlético Madrid,Alavés,1,0,2.3,0.0,european_leagues,HOME_WIN,1.9090909090909092,1.1818181818181819,1.8454545454545455,0.9,0.6363636363636364,0.18181818181818182,0.18181818181818182,11,0.7272727272727273,0.9454545454545454,1.0,3.090909090909091,0.7818181818181817,2.109090909090909,0.09090909090909091,0.2727272727272727,0.6363636363636364,11,-2.090909090909091,-1.3272727272727272,2.8181818181818183,2.2727272727272725,0.5454545454545454,0.9090909090909092,1.909090909090909
2022-09-25,230,Villarreal,Barcelona,1,4,0.5,2.9,european_leagues,AWAY_WIN,0.9090909090909091,2.5454545454545454,0.9090909090909091,1.5454545454545454,0.2727272727272727,0.09090909090909091,0.6363636363636364,11,-1.6363636363636362,-0.6363636363636364,4.090909090909091,0.36363636363636365,2.9545454545454546,0.5636363636363636,1.0,0.0,0.0,11,3.727272727272727,2.390909090909091,-5.363636363636363,-3.0272727272727273,-0.7272727272727273,-3.1818181818181817,-2.1818181818181817
2022-09-25,230,Levante,Athletic Club,2,0,0.4,0.4,european_leagues,HOME_WIN,2.727272727272727,1.2727272727272727,2.1454545454545455,0.8272727272727273,0.6363636363636364,0.18181818181818182,0.18181818181818182,11,1.4545454545454544,1.3181818181818183,1.4545454545454546,1.8181818181818181,1.009090909090909,1.3272727272727272,0.36363636363636365,0.09090909090909091,0.5454545454545454,11,-0.36363636363636354,-0.3181818181818181,1.818181818181818,1.6363636363636365,0.2727272727272727,1.2727272727272725,0.5454545454545454
2022-09-25,189,Brighton,Reading,2,1,1.8,1.4,european_leagues,HOME_WIN,1.375,3.625,1.2875,2.0875,0.25,0.125,0.625,8,-2.25,-0.7999999999999998,1.1111111111111112,2.2222222222222223,0.8222222222222222,1.5444444444444445,0.2222222222222222,0.1111111111111111,0.6666666666666666,9,-1.1111111111111112,-0.7222222222222223,-1.1388888888888888,-0.0777777777777775,0.02777777777777779,0.26388888888888884,-1.4027777777777777
2022-09-25,189,West Ham,Manchester Utd,0,2,0.6,1.2,european_leagues,AWAY_WIN,1.4444444444444444,2.0,0.788888888888889,1.8555555555555554,0.4444444444444444,0.0,0.5555555555555556,9,-0.5555555555555556,-1.0666666666666664,2.875,0.625,1.275,0.5,0.875,0.0,0.125,8,2.25,0.7749999999999999,-2.8055555555555554,-1.8416666666666663,-0.4305555555555556,-1.4305555555555556,-1.375
2022-09-25,189,Leicester City WFC,Aston Villa,0,2,0.8,1.4,european_leagues,AWAY_WIN,0.2222222222222222,2.7777777777777777,0.4222222222222223,1.4555555555555555,0.0,0.0,1.0,9,-2.5555555555555554,-1.0333333333333332,1.5,1.875,1.3375,1.1,0.5,0.0,0.5,8,-0.375,0.23749999999999982,-2.1805555555555554,-1.270833333333333,-0.5,-1.2777777777777777,-0.9027777777777777
2022-09-25,189,Chelsea,Manchester City,2,0,1.4,0.9,european_leagues,HOME_WIN,3.111111111111111,0.6666666666666666,2.0,0.7555555555555555,0.8888888888888888,0.0,0.1111111111111111,9,2.4444444444444446,1.2444444444444445,2.5,1.125,2.0,0.6875,0.75,0.0,0.25,8,1.375,1.3125,1.0694444444444446,-0.06805555555555554,0.13888888888888884,0.6111111111111112,0.45833333333333337
2022-09-25,189,Liverpool,Everton,0,3,1.4,1.3,european_leagues,AWAY_WIN,1.2222222222222223,1.7777777777777777,1.2555555555555555,1.3555555555555554,0.2222222222222222,0.2222222222222222,0.5555555555555556,9,-0.5555555555555554,-0.09999999999999987,0.875,1.25,0.7125,1.5625,0.375,0.0,0.625,8,-0.375,-0.85,-0.18055555555555536,0.7500000000000001,-0.1527777777777778,0.3472222222222223,-0.5277777777777777
2022-09-25,193,Paris S-G,Fleury,2,1,1.7,0.4,european_leagues,HOME_WIN,2.2,0.6,1.8699999999999999,0.37,0.8,0.2,0.0,10,1.6,1.5,1.7,0.9,1.35,0.9199999999999999,0.4,0.3,0.3,10,0.7999999999999999,0.43000000000000016,0.8000000000000002,1.0699999999999998,0.4,0.5000000000000002,0.30000000000000004
2022-09-25,183,Bayern Munich,Werder Bremen,3,0,2.1,0.7,european_leagues,HOME_WIN,2.6666666666666665,0.3333333333333333,2.0444444444444443,0.5555555555555556,0.7777777777777778,0.1111111111111111,0.1111111111111111,9,2.333333333333333,1.4888888888888887,0.5555555555555556,1.7777777777777777,0.8444444444444444,1.411111111111111,0.0,0.3333333333333333,0.6666666666666666,9,-1.222222222222222,-0.5666666666666665,3.5555555555555554,2.0555555555555554,0.7777777777777778,2.1111111111111107,1.4444444444444444
2022-09-25,183,Turbine Potsdam,MSV Duisburg,0,3,0.4,1.1,european_leagues,AWAY_WIN,0.5555555555555556,2.7777777777777777,0.6111111111111112,2.2555555555555555,0.0,0.1111111111111111,0.8888888888888888,9,-2.2222222222222223,-1.6444444444444444,1.0,1.8888888888888888,0.5,2.011111111111111,0.3333333333333333,0.1111111111111111,0.5555555555555556,9,-0.8888888888888888,-1.511111111111111,-1.3333333333333335,-0.1333333333333333,-0.3333333333333333,-0.4444444444444444,-0.8888888888888888
2022-09-25,183,Essen,SV Meppen,1,0,1.4,0.2,european_leagues,HOME_WIN,0.7777777777777778,2.7777777777777777,1.1444444444444446,1.6444444444444446,0.2222222222222222,0.1111111111111111,0.6666666666666666,9,-2.0,-0.5,0.8888888888888888,1.0,0.8,1.4333333333333333,0.4444444444444444,0.0,0.5555555555555556,9,-0.11111111111111116,-0.6333333333333333,-1.8888888888888888,0.1333333333333333,-0.2222222222222222,-0.11111111111111105,-1.7777777777777777
2022-09-25,183,Freiburg,E. Frankfurt,2,4,1.4,2.2,european_leagues,AWAY_WIN,2.7777777777777777,1.8888888888888888,1.8333333333333333,1.2777777777777777,0.6666666666666666,0.0,0.3333333333333333,9,0.8888888888888888,0.5555555555555556,2.2222222222222223,1.4444444444444444,1.7000000000000002,0.7666666666666667,0.6666666666666666,0.2222222222222222,0.1111111111111111,9,0.7777777777777779,0.9333333333333335,0.11111111111111094,-0.3777777777777779,0.0,0.5555555555555554,-0.4444444444444444
2022-09-25,208,ASD Calcio Pomigliano,FC Como Women,2,2,1.6,1.4,european_leagues,DRAW,1.0,2.0,0.9727272727272727,1.7545454545454546,0.2727272727272727,0.09090909090909091,0.6363636363636364,11,-1.0,-0.781818181818182,1.4545454545454546,2.272727272727273,1.1818181818181819,1.7636363636363634,0.09090909090909091,0.36363636363636365,0.5454545454545454,11,-0.8181818181818183,-0.5818181818181816,-0.18181818181818166,-0.2000000000000004,0.1818181818181818,-0.4545454545454546,0.27272727272727293
2022-09-25,208,UC Sampdoria,Internazionale,0,2,1.2,2.6,european_leagues,AWAY_WIN,0.6363636363636364,1.5454545454545454,1.2454545454545454,1.6181818181818182,0.2727272727272727,0.09090909090909091,0.6363636363636364,11,-0.9090909090909091,-0.3727272727272728,2.3636363636363638,1.1818181818181819,1.8,1.3363636363636362,0.45454545454545453,0.36363636363636365,0.18181818181818182,11,1.1818181818181819,0.46363636363636385,-2.090909090909091,-0.8363636363636366,-0.18181818181818182,-1.7272727272727275,-0.36363636363636354
2022-09-28,189,Chelsea,West Ham,3,1,2.5,0.2,european_leagues,HOME_WIN,3.111111111111111,0.6666666666666666,2.0,0.7555555555555555,0.8888888888888888,0.0,0.1111111111111111,9,2.4444444444444446,1.2444444444444445,1.4444444444444444,2.0,0.788888888888889,1.8555555555555554,0.4444444444444444,0.0,0.5555555555555556,9,-0.5555555555555556,-1.0666666666666664,3.0,2.311111111111111,0.4444444444444444,1.6666666666666667,1.3333333333333335
2022-09-29,189,Everton,Leicester City WFC,1,0,0.3,0.2,european_leagues,HOME_WIN,0.875,1.25,0.7125,1.5625,0.375,0.0,0.625,8,-0.375,-0.85,0.2222222222222222,2.7777777777777777,0.4222222222222223,1.4555555555555555,0.0,0.0,1.0,9,-2.5555555555555554,-1.0333333333333332,2.1805555555555554,0.18333333333333324,0.375,0.6527777777777778,1.5277777777777777
2022-09-30,193,Montpellier,Bordeaux,0,0,0.8,0.4,european_leagues,DRAW,1.9,1.4,1.61,1.26,0.4,0.4,0.2,10,0.5,0.3500000000000001,1.4,1.3,1.2399999999999998,0.9199999999999999,0.4,0.3,0.3,10,0.09999999999999987,0.31999999999999984,0.40000000000000013,0.03000000000000025,0.0,0.5,-0.09999999999999987
2022-09-30,183,Wolfsburg,Leverkusen,6,1,2.2,1.0,european_leagues,HOME_WIN,3.5555555555555554,0.5555555555555556,2.588888888888889,0.6444444444444444,1.0,0.0,0.0,9,3.0,1.9444444444444446,1.6666666666666667,1.5555555555555556,1.588888888888889,1.188888888888889,0.4444444444444444,0.0,0.5555555555555556,9,0.11111111111111116,0.3999999999999999,2.888888888888889,1.5444444444444447,0.5555555555555556,1.8888888888888886,1.0
2022-09-30,208,FC Como Women,Internazionale,1,3,2.2,1.7,european_leagues,AWAY_WIN,1.4545454545454546,2.272727272727273,1.1818181818181819,1.7636363636363634,0.09090909090909091,0.36363636363636365,0.5454545454545454,11,-0.8181818181818183,-0.5818181818181816,2.3636363636363638,1.1818181818181819,1.8,1.3363636363636362,0.45454545454545453,0.36363636363636365,0.18181818181818182,11,1.1818181818181819,0.46363636363636385,-2.0,-1.0454545454545454,-0.36363636363636365,-0.9090909090909092,-1.090909090909091
2022-10-01,230,Alavés,Villarreal,0,4,1.7,2.4,european_leagues,AWAY_WIN,1.0,3.090909090909091,0.7818181818181817,2.109090909090909,0.09090909090909091,0.2727272727272727,0.6363636363636364,11,-2.090909090909091,-1.3272727272727272,0.9090909090909091,2.5454545454545454,0.9090909090909091,1.5454545454545454,0.2727272727272727,0.09090909090909091,0.6363636363636364,11,-1.6363636363636362,-0.6363636363636364,-0.4545454545454546,-0.6909090909090908,-0.1818181818181818,0.09090909090909094,-0.5454545454545454
2022-10-01,230,Real Betis,UDG Tenerife,1,2,0.4,1.5,european_leagues,AWAY_WIN,1.1818181818181819,2.3636363636363638,0.6272727272727273,2.2636363636363637,0.2727272727272727,0.09090909090909091,0.6363636363636364,11,-1.1818181818181819,-1.6363636363636362,0.9,1.2,0.95,1.04,0.3,0.3,0.4,10,-0.29999999999999993,-0.09000000000000008,-0.881818181818182,-1.5463636363636362,-0.027272727272727282,0.28181818181818186,-1.1636363636363638
2022-10-01,230,Sporting Huelva,Valencia,0,0,0.3,0.5,european_leagues,DRAW,0.8181818181818182,1.8181818181818181,0.7545454545454546,1.8636363636363635,0.2727272727272727,0.2727272727272727,0.45454545454545453,11,-0.9999999999999999,-1.109090909090909,1.1818181818181819,0.9090909090909091,1.2909090909090908,1.1090909090909091,0.36363636363636365,0.2727272727272727,0.36363636363636365,11,0.2727272727272728,0.18181818181818166,-1.2727272727272727,-1.2909090909090906,-0.09090909090909094,-0.36363636363636365,-0.9090909090909091
2022-10-01,230,Barcelona,Madrid CFF,7,0,2.7,0.7,european_leagues,HOME_WIN,4.090909090909091,0.36363636363636365,2.9545454545454546,0.5636363636363636,1.0,0.0,0.0,11,3.727272727272727,2.390909090909091,2.0,1.3636363636363635,1.5454545454545454,0.990909090909091,0.6363636363636364,0.09090909090909091,0.2727272727272727,11,0.6363636363636365,0.5545454545454545,3.090909090909091,1.8363636363636366,0.36363636363636365,2.090909090909091,0.9999999999999999
2022-10-01,193,Fleury,Soyaux,1,1,1.2,0.4,european_leagues,DRAW,1.7,0.9,1.35,0.9199999999999999,0.4,0.3,0.3,10,0.7999999999999999,0.43000000000000016,0.9,2.0,0.71,2.09,0.1,0.2,0.7,10,-1.1,-1.38,1.9,1.81,0.30000000000000004,0.7999999999999999,1.1
2022-10-01,193,Stade de Reims,Guingamp,3,0,1.1,0.7,european_leagues,HOME_WIN,1.5,1.5,0.89,1.41,0.4,0.2,0.4,10,0.0,-0.5199999999999999,0.5,2.0,0.9899999999999999,1.67,0.1,0.1,0.8,10,-1.5,-0.68,1.5,0.16000000000000014,0.30000000000000004,1.0,0.5
2022-10-01,193,Dijon,Paris FC,0,2,0.4,1.8,european_leagues,AWAY_WIN,0.6,2.8,0.78,1.98,0.2,0.2,0.6,10,-2.1999999999999997,-1.2,1.7,0.9,1.48,0.89,0.5,0.3,0.2,10,0.7999999999999999,0.59,-2.9999999999999996,-1.79,-0.3,-1.1,-1.9
2022-10-01,193,Lyon,Rodez,2,0,1.6,0.1,european_leagues,HOME_WIN,2.8,0.6,2.35,0.48,0.9,0.1,0.0,10,2.1999999999999997,1.87,0.6,1.9,0.8,1.61,0.1,0.2,0.7,10,-1.2999999999999998,-0.81,3.4999999999999996,2.68,0.8,2.1999999999999997,1.2999999999999998
2022-10-01,183,Köln,Turbine Potsdam,4,2,2.5,0.8,european_leagues,HOME_WIN,1.1111111111111112,1.8888888888888888,1.2888888888888888,1.4666666666666666,0.3333333333333333,0.0,0.6666666666666666,9,-0.7777777777777777,-0.1777777777777778,0.5555555555555556,2.7777777777777777,0.6111111111111112,2.2555555555555555,0.0,0.1111111111111111,0.8888888888888888,9,-2.2222222222222223,-1.6444444444444444,1.4444444444444446,1.4666666666666666,0.3333333333333333,0.5555555555555556,0.8888888888888888
2022-10-01,208,Fiorentina,Sassuolo,2,0,3.1,0.4,european_leagues,HOME_WIN,1.5454545454545454,1.4545454545454546,1.5363636363636366,1.3454545454545455,0.6363636363636364,0.09090909090909091,0.2727272727272727,11,0.09090909090909083,0.19090909090909114,1.1818181818181819,1.5454545454545454,0.9090909090909091,1.9,0.18181818181818182,0.36363636363636365,0.45454545454545453,11,-0.36363636363636354,-0.9909090909090909,0.45454545454545436,1.181818181818182,0.45454545454545453,0.36363636363636354,0.09090909090909083
2022-10-01,208,AC Milan,UC Sampdoria,2,1,2.1,1.2,european_leagues,HOME_WIN,2.1818181818181817,2.0,1.5727272727272728,1.4090909090909092,0.45454545454545453,0.09090909090909091,0.45454545454545453,11,0.18181818181818166,0.16363636363636358,0.6363636363636364,1.5454545454545454,1.2454545454545454,1.6181818181818182,0.2727272727272727,0.09090909090909091,0.6363636363636364,11,-0.9090909090909091,-0.3727272727272728,1.0909090909090908,0.5363636363636364,0.18181818181818182,1.5454545454545454,-0.4545454545454546
2022-10-02,230,Levante Planas,Alhama,3,1,2.7,1.6,european_leagues,HOME_WIN,1.0,2.4545454545454546,0.9181818181818181,1.9636363636363638,0.18181818181818182,0.18181818181818182,0.6363636363636364,11,-1.4545454545454546,-1.0454545454545459,0.45454545454545453,2.0,0.7000000000000001,1.4909090909090912,0.09090909090909091,0.0,0.9090909090909091,11,-1.5454545454545454,-0.7909090909090911,0.09090909090909083,-0.25454545454545474,0.09090909090909091,0.5454545454545454,-0.4545454545454546
2022-10-02,230,Levante,Atlético Madrid,2,1,0.9,1.3,european_leagues,HOME_WIN,2.727272727272727,1.2727272727272727,2.1454545454545455,0.8272727272727273,0.6363636363636364,0.18181818181818182,0.18181818181818182,11,1.4545454545454544,1.3181818181818183,1.9090909090909092,1.1818181818181819,1.8454545454545455,0.9,0.6363636363636364,0.18181818181818182,0.18181818181818182,11,0.7272727272727273,0.9454545454545454,0.7272727272727271,0.3727272727272729,0.0,0.8181818181818179,-0.09090909090909083
2022-10-02,230,Sevilla,Real Sociedad,2,2,1.7,1.3,european_leagues,DRAW,1.7272727272727273,1.8181818181818181,1.4636363636363638,1.1636363636363638,0.2727272727272727,0.2727272727272727,0.45454545454545453,11,-0.09090909090909083,0.30000000000000004,2.0,1.0909090909090908,1.8272727272727274,1.1272727272727272,0.45454545454545453,0.36363636363636365,0.18181818181818182,11,0.9090909090909092,0.7000000000000002,-1.0,-0.40000000000000013,-0.18181818181818182,-0.2727272727272727,-0.7272727272727273
2022-10-02,230,Athletic Club,Real Madrid,0,3,0.5,1.5,european_leagues,AWAY_WIN,1.4545454545454546,1.8181818181818181,1.009090909090909,1.3272727272727272,0.36363636363636365,0.09090909090909091,0.5454545454545454,11,-0.36363636363636354,-0.3181818181818181,3.0,0.9,1.6600000000000001,1.05,0.8,0.1,0.1,10,2.1,0.6100000000000001,-2.463636363636364,-0.9281818181818182,-0.4363636363636364,-1.5454545454545454,-0.9181818181818181
2022-10-02,193,Le Havre,Paris S-G,2,2,0.3,1.9,european_leagues,DRAW,1.7,1.6,1.17,1.64,0.4,0.1,0.5,10,0.09999999999999987,-0.47,2.2,0.6,1.8699999999999999,0.37,0.8,0.2,0.0,10,1.6,1.5,-1.5000000000000002,-1.97,-0.4,-0.5000000000000002,-1.0
2022-10-02,183,SV Meppen,Hoffenheim,0,2,0.7,3.2,european_leagues,AWAY_WIN,0.8888888888888888,1.0,0.8,1.4333333333333333,0.4444444444444444,0.0,0.5555555555555556,9,-0.11111111111111116,-0.6333333333333333,2.111111111111111,2.0,1.5555555555555556,1.8444444444444446,0.5555555555555556,0.1111111111111111,0.3333333333333333,9,0.11111111111111116,-0.288888888888889,-0.22222222222222232,-0.34444444444444433,-0.11111111111111116,-1.2222222222222223,1.0
2022-10-02,183,E. Frankfurt,Werder Bremen,3,1,1.4,0.2,european_leagues,HOME_WIN,2.2222222222222223,1.4444444444444444,1.7000000000000002,0.7666666666666667,0.6666666666666666,0.2222222222222222,0.1111111111111111,9,0.7777777777777779,0.9333333333333335,0.5555555555555556,1.7777777777777777,0.8444444444444444,1.411111111111111,0.0,0.3333333333333333,0.6666666666666666,9,-1.222222222222222,-0.5666666666666665,2.0,1.5,0.6666666666666666,1.6666666666666667,0.33333333333333326
2022-10-02,183,MSV Duisburg,Bayern Munich,0,4,0.3,2.4,european_leagues,AWAY_WIN,1.0,1.8888888888888888,0.5,2.011111111111111,0.3333333333333333,0.1111111111111111,0.5555555555555556,9,-0.8888888888888888,-1.511111111111111,2.6666666666666665,0.3333333333333333,2.0444444444444443,0.5555555555555556,0.7777777777777778,0.1111111111111111,0.1111111111111111,9,2.333333333333333,1.4888888888888887,-3.222222222222222,-3.0,-0.4444444444444445,-1.6666666666666665,-1.5555555555555556
2022-10-02,183,Freiburg,Essen,5,2,2.9,2.1,european_leagues,HOME_WIN,2.7777777777777777,1.8888888888888888,1.8333333333333333,1.2777777777777777,0.6666666666666666,0.0,0.3333333333333333,9,0.8888888888888888,0.5555555555555556,0.7777777777777778,2.7777777777777777,1.1444444444444446,1.6444444444444446,0.2222222222222222,0.1111111111111111,0.6666666666666666,9,-2.0,-0.5,2.888888888888889,1.0555555555555556,0.4444444444444444,2.0,0.8888888888888888
2022-10-02,208,Juventus,ASD Calcio Pomigliano,3,0,1.9,0.1,european_leagues,HOME_WIN,2.5454545454545454,0.9090909090909091,2.0090909090909093,0.8363636363636363,0.6363636363636364,0.2727272727272727,0.09090909090909091,11,1.6363636363636362,1.1727272727272728,1.0,2.0,0.9727272727272727,1.7545454545454546,0.2727272727272727,0.09090909090909091,0.6363636363636364,11,-1.0,-0.781818181818182,2.6363636363636362,1.9545454545454548,0.36363636363636365,1.5454545454545454,1.0909090909090908
2022-10-02,208,AS Roma,Parma Calcio 1913,5,0,2.3,0.3,european_leagues,HOME_WIN,1.9090909090909092,0.2727272727272727,1.9454545454545453,0.43636363636363634,0.9090909090909091,0.0,0.09090909090909091,11,1.6363636363636365,1.509090909090909,1.0,2.6363636363636362,1.0636363636363635,1.8363636363636362,0.09090909090909091,0.2727272727272727,0.6363636363636364,11,-1.6363636363636362,-0.7727272727272727,3.2727272727272725,2.2818181818181817,0.8181818181818181,0.9090909090909092,2.3636363636363633
2022-10-14,193,Paris FC,Stade de Reims,2,2,1.9,0.5,european_leagues,DRAW,1.7,0.9,1.48,0.89,0.5,0.3,0.2,10,0.7999999999999999,0.59,1.5,1.5,0.89,1.41,0.4,0.2,0.4,10,0.0,-0.5199999999999999,0.7999999999999999,1.1099999999999999,0.09999999999999998,0.19999999999999996,0.6
2022-10-14,183,Hoffenheim,Freiburg,3,2,0.7,1.7,european_leagues,HOME_WIN,2.111111111111111,2.0,1.5555555555555556,1.8444444444444446,0.5555555555555556,0.1111111111111111,0.3333333333333333,9,0.11111111111111116,-0.288888888888889,2.7777777777777777,1.8888888888888888,1.8333333333333333,1.2777777777777777,0.6666666666666666,0.0,0.3333333333333333,9,0.8888888888888888,0.5555555555555556,-0.7777777777777777,-0.8444444444444446,-0.11111111111111105,-0.6666666666666665,-0.11111111111111116
2022-10-15,230,Levante Planas,Levante,1,1,0.3,2.2,european_leagues,DRAW,1.0,2.4545454545454546,0.9181818181818181,1.9636363636363638,0.18181818181818182,0.18181818181818182,0.6363636363636364,11,-1.4545454545454546,-1.0454545454545459,2.727272727272727,1.2727272727272727,2.1454545454545455,0.8272727272727273,0.6363636363636364,0.18181818181818182,0.18181818181818182,11,1.4545454545454544,1.3181818181818183,-2.909090909090909,-2.363636363636364,-0.45454545454545453,-1.727272727272727,-1.1818181818181819
2022-10-15,230,Real Sociedad,UDG Tenerife,1,1,2.0,0.8,european_leagues,DRAW,2.0,1.0909090909090908,1.8272727272727274,1.1272727272727272,0.45454545454545453,0.36363636363636365,0.18181818181818182,11,0.9090909090909092,0.7000000000000002,0.9,1.2,0.95,1.04,0.3,0.3,0.4,10,-0.29999999999999993,-0.09000000000000008,1.209090909090909,0.7900000000000003,0.15454545454545454,1.1,0.10909090909090913
2022-10-15,230,Atlético Madrid,Sporting Huelva,5,0,3.8,0.1,european_leagues,HOME_WIN,1.9090909090909092,1.1818181818181819,1.8454545454545455,0.9,0.6363636363636364,0.18181818181818182,0.18181818181818182,11,0.7272727272727273,0.9454545454545454,0.8181818181818182,1.8181818181818181,0.7545454545454546,1.8636363636363635,0.2727272727272727,0.2727272727272727,0.45454545454545453,11,-0.9999999999999999,-1.109090909090909,1.727272727272727,2.0545454545454542,0.36363636363636365,1.0909090909090908,0.6363636363636362
2022-10-15,230,Athletic Club,Barcelona,0,3,0.2,2.8,european_leagues,AWAY_WIN,1.4545454545454546,1.8181818181818181,1.009090909090909,1.3272727272727272,0.36363636363636365,0.09090909090909091,0.5454545454545454,11,-0.36363636363636354,-0.3181818181818181,4.090909090909091,0.36363636363636365,2.9545454545454546,0.5636363636363636,1.0,0.0,0.0,11,3.727272727272727,2.390909090909091,-4.090909090909091,-2.709090909090909,-0.6363636363636364,-2.6363636363636362,-1.4545454545454546
2022-10-15,189,Aston Villa,West Ham,1,2,2.3,1.0,european_leagues,AWAY_WIN,1.5,1.875,1.3375,1.1,0.5,0.0,0.5,8,-0.375,0.23749999999999982,1.4444444444444444,2.0,0.788888888888889,1.8555555555555554,0.4444444444444444,0.0,0.5555555555555556,9,-0.5555555555555556,-1.0666666666666664,0.18055555555555558,1.3041666666666663,0.05555555555555558,0.05555555555555558,0.125
2022-10-15,193,Guingamp,Montpellier,1,4,1.4,2.7,european_leagues,AWAY_WIN,0.5,2.0,0.9899999999999999,1.67,0.1,0.1,0.8,10,-1.5,-0.68,1.9,1.4,1.61,1.26,0.4,0.4,0.2,10,0.5,0.3500000000000001,-2.0,-1.0300000000000002,-0.30000000000000004,-1.4,-0.6000000000000001
2022-10-15,193,Paris S-G,Dijon,3,1,2.4,0.2,european_leagues,HOME_WIN,2.2,0.6,1.8699999999999999,0.37,0.8,0.2,0.0,10,1.6,1.5,0.6,2.8,0.78,1.98,0.2,0.2,0.6,10,-2.1999999999999997,-1.2,3.8,2.7,0.6000000000000001,1.6,2.1999999999999997
2022-10-15,193,Soyaux,Le Havre,1,4,0.7,2.5,european_leagues,AWAY_WIN,0.9,2.0,0.71,2.09,0.1,0.2,0.7,10,-1.1,-1.38,1.7,1.6,1.17,1.64,0.4,0.1,0.5,10,0.09999999999999987,-0.47,-1.2,-0.9099999999999999,-0.30000000000000004,-0.7999999999999999,-0.3999999999999999
2022-10-15,183,Turbine Potsdam,Wolfsburg,0,2,0.1,4.1,european_leagues,AWAY_WIN,0.5555555555555556,2.7777777777777777,0.6111111111111112,2.2555555555555555,0.0,0.1111111111111111,0.8888888888888888,9,-2.2222222222222223,-1.6444444444444444,3.5555555555555554,0.5555555555555556,2.588888888888889,0.6444444444444444,1.0,0.0,0.0,9,3.0,1.9444444444444446,-5.222222222222222,-3.588888888888889,-1.0,-3.0,-2.2222222222222223
2022-10-15,208,ASD Calcio Pomigliano,Fiorentina,0,1,1.4,1.3,european_leagues,AWAY_WIN,1.0,2.0,0.9727272727272727,1.7545454545454546,0.2727272727272727,0.09090909090909091,0.6363636363636364,11,-1.0,-0.781818181818182,1.5454545454545454,1.4545454545454546,1.5363636363636366,1.3454545454545455,0.6363636363636364,0.09090909090909091,0.2727272727272727,11,0.09090909090909083,0.19090909090909114,-1.0909090909090908,-0.9727272727272731,-0.36363636363636365,-0.5454545454545454,-0.5454545454545454
2022-10-15,208,FC Como Women,Parma Calcio 1913,4,1,1.4,1.4,european_leagues,HOME_WIN,1.4545454545454546,2.272727272727273,1.1818181818181819,1.7636363636363634,0.09090909090909091,0.36363636363636365,0.5454545454545454,11,-0.8181818181818183,-0.5818181818181816,1.0,2.6363636363636362,1.0636363636363635,1.8363636363636362,0.09090909090909091,0.2727272727272727,0.6363636363636364,11,-1.6363636363636362,-0.7727272727272727,0.8181818181818179,0.19090909090909114,0.0,0.4545454545454546,0.3636363636363633
2022-10-15,208,Internazionale,AC Milan,4,0,2.2,1.0,european_leagues,HOME_WIN,2.3636363636363638,1.1818181818181819,1.8,1.3363636363636362,0.45454545454545453,0.36363636363636365,0.18181818181818182,11,1.1818181818181819,0.46363636363636385,2.1818181818181817,2.0,1.5727272727272728,1.4090909090909092,0.45454545454545453,0.09090909090909091,0.45454545454545453,11,0.18181818181818166,0.16363636363636358,1.0000000000000002,0.30000000000000027,0.0,0.1818181818181821,0.8181818181818181
2022-10-16,230,Real Madrid,Alavés,7,1,3.0,0.3,european_leagues,HOME_WIN,3.0,0.9,1.6600000000000001,1.05,0.8,0.1,0.1,10,2.1,0.6100000000000001,1.0,3.090909090909091,0.7818181818181817,2.109090909090909,0.09090909090909091,0.2727272727272727,0.6363636363636364,11,-2.090909090909091,-1.3272727272727272,4.190909090909091,1.9372727272727273,0.7090909090909091,2.0,2.190909090909091
2022-10-16,230,Villarreal,Sevilla,0,5,0.4,2.2,european_leagues,AWAY_WIN,0.9090909090909091,2.5454545454545454,0.9090909090909091,1.5454545454545454,0.2727272727272727,0.09090909090909091,0.6363636363636364,11,-1.6363636363636362,-0.6363636363636364,1.7272727272727273,1.8181818181818181,1.4636363636363638,1.1636363636363638,0.2727272727272727,0.2727272727272727,0.45454545454545453,11,-0.09090909090909083,0.30000000000000004,-1.5454545454545454,-0.9363636363636364,0.0,-0.8181818181818182,-0.7272727272727273
2022-10-16,230,Alhama,Valencia,0,1,0.9,0.9,european_leagues,AWAY_WIN,0.45454545454545453,2.0,0.7000000000000001,1.4909090909090912,0.09090909090909091,0.0,0.9090909090909091,11,-1.5454545454545454,-0.7909090909090911,1.1818181818181819,0.9090909090909091,1.2909090909090908,1.1090909090909091,0.36363636363636365,0.2727272727272727,0.36363636363636365,11,0.2727272727272728,0.18181818181818166,-1.8181818181818183,-0.9727272727272728,-0.2727272727272727,-0.7272727272727273,-1.0909090909090908
2022-10-16,230,Madrid CFF,Real Betis,4,0,2.1,0.2,european_leagues,HOME_WIN,2.0,1.3636363636363635,1.5454545454545454,0.990909090909091,0.6363636363636364,0.09090909090909091,0.2727272727272727,11,0.6363636363636365,0.5545454545454545,1.1818181818181819,2.3636363636363638,0.6272727272727273,2.2636363636363637,0.2727272727272727,0.09090909090909091,0.6363636363636364,11,-1.1818181818181819,-1.6363636363636362,1.8181818181818183,2.1909090909090905,0.36363636363636365,0.8181818181818181,1.0000000000000002
2022-10-16,189,Manchester Utd,Brighton,4,0,1.5,0.4,european_leagues,HOME_WIN,2.875,0.625,1.275,0.5,0.875,0.0,0.125,8,2.25,0.7749999999999999,1.375,3.625,1.2875,2.0875,0.25,0.125,0.625,8,-2.25,-0.7999999999999998,4.5,1.5749999999999997,0.625,1.5,3.0
2022-10-16,189,Everton,Chelsea,1,3,0.7,2.3,european_leagues,AWAY_WIN,0.875,1.25,0.7125,1.5625,0.375,0.0,0.625,8,-0.375,-0.85,3.111111111111111,0.6666666666666666,2.0,0.7555555555555555,0.8888888888888888,0.0,0.1111111111111111,9,2.4444444444444446,1.2444444444444445,-2.8194444444444446,-2.0944444444444446,-0.5138888888888888,-2.236111111111111,-0.5833333333333334
2022-10-16,189,Tottenham,Liverpool,1,0,1.1,0.5,european_leagues,HOME_WIN,1.5714285714285714,1.7142857142857142,0.8714285714285713,0.9714285714285714,0.42857142857142855,0.0,0.5714285714285714,7,-0.1428571428571428,-0.10000000000000009,1.2222222222222223,1.7777777777777777,1.2555555555555555,1.3555555555555554,0.2222222222222222,0.2222222222222222,0.5555555555555556,9,-0.5555555555555554,-0.09999999999999987,0.41269841269841256,-2.220446049250313e-16,0.20634920634920634,0.3492063492063491,0.06349206349206349
2022-10-16,189,Manchester City,Leicester City WFC,4,0,3.3,0.2,european_leagues,HOME_WIN,2.5,1.125,2.0,0.6875,0.75,0.0,0.25,8,1.375,1.3125,0.2222222222222222,2.7777777777777777,0.4222222222222223,1.4555555555555555,0.0,0.0,1.0,9,-2.5555555555555554,-1.0333333333333332,3.9305555555555554,2.345833333333333,0.75,2.2777777777777777,1.6527777777777777
2022-10-16,189,Reading,Arsenal,0,1,0.7,2.1,european_leagues,AWAY_WIN,1.1111111111111112,2.2222222222222223,0.8222222222222222,1.5444444444444445,0.2222222222222222,0.1111111111111111,0.6666666666666666,9,-1.1111111111111112,-0.7222222222222223,2.625,0.5,2.0,0.7,0.875,0.0,0.125,8,2.125,1.3,-3.236111111111111,-2.022222222222222,-0.6527777777777778,-1.5138888888888888,-1.7222222222222223
2022-10-16,193,Bordeaux,Lyon,1,3,0.6,2.0,european_leagues,AWAY_WIN,1.4,1.3,1.2399999999999998,0.9199999999999999,0.4,0.3,0.3,10,0.09999999999999987,0.31999999999999984,2.8,0.6,2.35,0.48,0.9,0.1,0.0,10,2.1999999999999997,1.87,-2.0999999999999996,-1.5500000000000003,-0.5,-1.4,-0.7000000000000001
2022-10-16,193,Rodez,Fleury,2,1,1.0,0.3,european_leagues,HOME_WIN,0.6,1.9,0.8,1.61,0.1,0.2,0.7,10,-1.2999999999999998,-0.81,1.7,0.9,1.35,0.9199999999999999,0.4,0.3,0.3,10,0.7999999999999999,0.43000000000000016,-2.0999999999999996,-1.2400000000000002,-0.30000000000000004,-1.1,-0.9999999999999999
2022-10-16,183,Leverkusen,SV Meppen,0,1,0.7,1.2,european_leagues,AWAY_WIN,1.6666666666666667,1.5555555555555556,1.588888888888889,1.188888888888889,0.4444444444444444,0.0,0.5555555555555556,9,0.11111111111111116,0.3999999999999999,0.8888888888888888,1.0,0.8,1.4333333333333333,0.4444444444444444,0.0,0.5555555555555556,9,-0.11111111111111116,-0.6333333333333333,0.22222222222222232,1.0333333333333332,0.0,0.7777777777777779,-0.5555555555555556
2022-10-16,183,Bayern Munich,Köln,4,0,2.2,0.3,european_leagues,HOME_WIN,2.6666666666666665,0.3333333333333333,2.0444444444444443,0.5555555555555556,0.7777777777777778,0.1111111111111111,0.1111111111111111,9,2.333333333333333,1.4888888888888887,1.1111111111111112,1.8888888888888888,1.2888888888888888,1.4666666666666666,0.3333333333333333,0.0,0.6666666666666666,9,-0.7777777777777777,-0.1777777777777778,3.1111111111111107,1.6666666666666665,0.4444444444444445,1.5555555555555554,1.5555555555555556
2022-10-16,183,Essen,E. Frankfurt,0,4,0.1,1.3,european_leagues,AWAY_WIN,0.7777777777777778,2.7777777777777777,1.1444444444444446,1.6444444444444446,0.2222222222222222,0.1111111111111111,0.6666666666666666,9,-2.0,-0.5,2.2222222222222223,1.4444444444444444,1.7000000000000002,0.7666666666666667,0.6666666666666666,0.2222222222222222,0.1111111111111111,9,0.7777777777777779,0.9333333333333335,-2.7777777777777777,-1.4333333333333336,-0.4444444444444444,-1.4444444444444446,-1.3333333333333333
2022-10-16,183,Werder Bremen,MSV Duisburg,0,0,0.9,0.3,european_leagues,DRAW,0.5555555555555556,1.7777777777777777,0.8444444444444444,1.411111111111111,0.0,0.3333333333333333,0.6666666666666666,9,-1.222222222222222,-0.5666666666666665,1.0,1.8888888888888888,0.5,2.011111111111111,0.3333333333333333,0.1111111111111111,0.5555555555555556,9,-0.8888888888888888,-1.511111111111111,-0.33333333333333326,0.9444444444444445,-0.3333333333333333,-0.4444444444444444,0.11111111111111116
2022-10-16,208,Sassuolo,AS Roma,0,1,0.4,2.0,european_leagues,AWAY_WIN,1.1818181818181819,1.5454545454545454,0.9090909090909091,1.9,0.18181818181818182,0.36363636363636365,0.45454545454545453,11,-0.36363636363636354,-0.9909090909090909,1.9090909090909092,0.2727272727272727,1.9454545454545453,0.43636363636363634,0.9090909090909091,0.0,0.09090909090909091,11,1.6363636363636365,1.509090909090909,-2.0,-2.5,-0.7272727272727273,-0.7272727272727273,-1.2727272727272727
2022-10-16,208,UC Sampdoria,Juventus,0,4,1.0,1.9,european_leagues,AWAY_WIN,0.6363636363636364,1.5454545454545454,1.2454545454545454,1.6181818181818182,0.2727272727272727,0.09090909090909091,0.6363636363636364,11,-0.9090909090909091,-0.3727272727272728,2.5454545454545454,0.9090909090909091,2.0090909090909093,0.8363636363636363,0.6363636363636364,0.2727272727272727,0.09090909090909091,11,1.6363636363636362,1.1727272727272728,-2.5454545454545454,-1.5454545454545456,-0.36363636363636365,-1.9090909090909092,-0.6363636363636364
2022-10-21,183,SV Meppen,Turbine Potsdam,2,0,0.9,1.1,european_leagues,HOME_WIN,0.8888888888888888,1.0,0.8,1.4333333333333333,0.4444444444444444,0.0,0.5555555555555556,9,-0.11111111111111116,-0.6333333333333333,0.5555555555555556,2.7777777777777777,0.6111111111111112,2.2555555555555555,0.0,0.1111111111111111,0.8888888888888888,9,-2.2222222222222223,-1.6444444444444444,2.111111111111111,1.011111111111111,0.4444444444444444,0.33333333333333326,1.7777777777777777
2022-10-22,230,Alavés,Athletic Club,1,1,0.6,1.1,european_leagues,DRAW,1.0,3.090909090909091,0.7818181818181817,2.109090909090909,0.09090909090909091,0.2727272727272727,0.6363636363636364,11,-2.090909090909091,-1.3272727272727272,1.4545454545454546,1.8181818181818181,1.009090909090909,1.3272727272727272,0.36363636363636365,0.09090909090909091,0.5454545454545454,11,-0.36363636363636354,-0.3181818181818181,-1.7272727272727273,-1.009090909090909,-0.2727272727272727,-0.4545454545454546,-1.2727272727272727
2022-10-22,230,Atlético Madrid,Madrid CFF,1,1,1.9,0.3,european_leagues,DRAW,1.9090909090909092,1.1818181818181819,1.8454545454545455,0.9,0.6363636363636364,0.18181818181818182,0.18181818181818182,11,0.7272727272727273,0.9454545454545454,2.0,1.3636363636363635,1.5454545454545454,0.990909090909091,0.6363636363636364,0.09090909090909091,0.2727272727272727,11,0.6363636363636365,0.5545454545454545,0.09090909090909083,0.390909090909091,0.0,-0.09090909090909083,0.18181818181818166
2022-10-22,230,Sporting Huelva,Real Sociedad,0,2,1.3,1.7,european_leagues,AWAY_WIN,0.8181818181818182,1.8181818181818181,0.7545454545454546,1.8636363636363635,0.2727272727272727,0.2727272727272727,0.45454545454545453,11,-0.9999999999999999,-1.109090909090909,2.0,1.0909090909090908,1.8272727272727274,1.1272727272727272,0.45454545454545453,0.36363636363636365,0.18181818181818182,11,0.9090909090909092,0.7000000000000002,-1.9090909090909092,-1.809090909090909,-0.18181818181818182,-1.1818181818181817,-0.7272727272727273
2022-10-22,230,Real Betis,Barcelona,0,3,0.0,2.8,european_leagues,AWAY_WIN,1.1818181818181819,2.3636363636363638,0.6272727272727273,2.2636363636363637,0.2727272727272727,0.09090909090909091,0.6363636363636364,11,-1.1818181818181819,-1.6363636363636362,4.090909090909091,0.36363636363636365,2.9545454545454546,0.5636363636363636,1.0,0.0,0.0,11,3.727272727272727,2.390909090909091,-4.909090909090909,-4.027272727272727,-0.7272727272727273,-2.909090909090909,-2.0
2022-10-22,189,Tottenham,Manchester City,0,3,0.1,0.9,european_leagues,AWAY_WIN,1.5714285714285714,1.7142857142857142,0.8714285714285713,0.9714285714285714,0.42857142857142855,0.0,0.5714285714285714,7,-0.1428571428571428,-0.10000000000000009,2.5,1.125,2.0,0.6875,0.75,0.0,0.25,8,1.375,1.3125,-1.5178571428571428,-1.4125,-0.32142857142857145,-0.9285714285714286,-0.5892857142857142
2022-10-22,189,Aston Villa,Everton,0,1,0.7,0.8,european_leagues,AWAY_WIN,1.5,1.875,1.3375,1.1,0.5,0.0,0.5,8,-0.375,0.23749999999999982,0.875,1.25,0.7125,1.5625,0.375,0.0,0.625,8,-0.375,-0.85,0.0,1.0875,0.125,0.625,-0.625
2022-10-22,183,Freiburg,Leverkusen,3,2,1.0,1.8,european_leagues,HOME_WIN,2.7777777777777777,1.8888888888888888,1.8333333333333333,1.2777777777777777,0.6666666666666666,0.0,0.3333333333333333,9,0.8888888888888888,0.5555555555555556,1.6666666666666667,1.5555555555555556,1.588888888888889,1.188888888888889,0.4444444444444444,0.0,0.5555555555555556,9,0.11111111111111116,0.3999999999999999,0.7777777777777777,0.15555555555555567,0.2222222222222222,1.111111111111111,-0.33333333333333326
2022-10-22,208,Parma Calcio 1913,ASD Calcio Pomigliano,1,3,1.1,0.9,european_leagues,AWAY_WIN,1.0,2.6363636363636362,1.0636363636363635,1.8363636363636362,0.09090909090909091,0.2727272727272727,0.6363636363636364,11,-1.6363636363636362,-0.7727272727272727,1.0,2.0,0.9727272727272727,1.7545454545454546,0.2727272727272727,0.09090909090909091,0.6363636363636364,11,-1.0,-0.781818181818182,-0.6363636363636362,0.00909090909090926,-0.1818181818181818,0.0,-0.6363636363636362
2022-10-22,208,AC Milan,Juventus,4,3,1.5,2.4,european_leagues,HOME_WIN,2.1818181818181817,2.0,1.5727272727272728,1.4090909090909092,0.45454545454545453,0.09090909090909091,0.45454545454545453,11,0.18181818181818166,0.16363636363636358,2.5454545454545454,0.9090909090909091,2.0090909090909093,0.8363636363636363,0.6363636363636364,0.2727272727272727,0.09090909090909091,11,1.6363636363636362,1.1727272727272728,-1.4545454545454546,-1.0090909090909093,-0.18181818181818182,-0.36363636363636376,-1.0909090909090908
2022-10-23,230,UDG Tenerife,Villarreal,2,0,1.3,0.6,european_leagues,HOME_WIN,0.9,1.2,0.95,1.04,0.3,0.3,0.4,10,-0.29999999999999993,-0.09000000000000008,0.9090909090909091,2.5454545454545454,0.9090909090909091,1.5454545454545454,0.2727272727272727,0.09090909090909091,0.6363636363636364,11,-1.6363636363636362,-0.6363636363636364,1.3363636363636364,0.5463636363636363,0.027272727272727282,-0.009090909090909038,1.3454545454545455
2022-10-23,230,Levante,Real Madrid,2,2,1.3,0.9,european_leagues,DRAW,2.727272727272727,1.2727272727272727,2.1454545454545455,0.8272727272727273,0.6363636363636364,0.18181818181818182,0.18181818181818182,11,1.4545454545454544,1.3181818181818183,3.0,0.9,1.6600000000000001,1.05,0.8,0.1,0.1,10,2.1,0.6100000000000001,-0.6454545454545457,0.7081818181818182,-0.1636363636363637,-0.27272727272727293,-0.3727272727272727
2022-10-23,230,Valencia,Levante Planas,1,1,1.5,0.6,european_leagues,DRAW,1.1818181818181819,0.9090909090909091,1.2909090909090908,1.1090909090909091,0.36363636363636365,0.2727272727272727,0.36363636363636365,11,0.2727272727272728,0.18181818181818166,1.0,2.4545454545454546,0.9181818181818181,1.9636363636363638,0.18181818181818182,0.18181818181818182,0.6363636363636364,11,-1.4545454545454546,-1.0454545454545459,1.7272727272727275,1.2272727272727275,0.18181818181818182,0.18181818181818188,1.5454545454545454
2022-10-23,230,Sevilla,Alhama,2,0,1.5,0.1,european_leagues,HOME_WIN,1.7272727272727273,1.8181818181818181,1.4636363636363638,1.1636363636363638,0.2727272727272727,0.2727272727272727,0.45454545454545453,11,-0.09090909090909083,0.30000000000000004,0.45454545454545453,2.0,0.7000000000000001,1.4909090909090912,0.09090909090909091,0.0,0.9090909090909091,11,-1.5454545454545454,-0.7909090909090911,1.4545454545454546,1.0909090909090913,0.1818181818181818,1.2727272727272727,0.18181818181818188
2022-10-23,189,Liverpool,Arsenal,0,2,0.7,1.4,european_leagues,AWAY_WIN,1.2222222222222223,1.7777777777777777,1.2555555555555555,1.3555555555555554,0.2222222222222222,0.2222222222222222,0.5555555555555556,9,-0.5555555555555554,-0.09999999999999987,2.625,0.5,2.0,0.7,0.875,0.0,0.125,8,2.125,1.3,-2.6805555555555554,-1.4,-0.6527777777777778,-1.4027777777777777,-1.2777777777777777
2022-10-23,189,Leicester City WFC,Manchester Utd,0,1,0.3,0.8,european_leagues,AWAY_WIN,0.2222222222222222,2.7777777777777777,0.4222222222222223,1.4555555555555555,0.0,0.0,1.0,9,-2.5555555555555554,-1.0333333333333332,2.875,0.625,1.275,0.5,0.875,0.0,0.125,8,2.25,0.7749999999999999,-4.805555555555555,-1.8083333333333331,-0.875,-2.6527777777777777,-2.1527777777777777
2022-10-23,189,West Ham,Reading,3,2,1.6,1.4,european_leagues,HOME_WIN,1.4444444444444444,2.0,0.788888888888889,1.8555555555555554,0.4444444444444444,0.0,0.5555555555555556,9,-0.5555555555555556,-1.0666666666666664,1.1111111111111112,2.2222222222222223,0.8222222222222222,1.5444444444444445,0.2222222222222222,0.1111111111111111,0.6666666666666666,9,-1.1111111111111112,-0.7222222222222223,0.5555555555555556,-0.3444444444444441,0.2222222222222222,0.33333333333333326,0.22222222222222232
2022-10-23,189,Brighton,Chelsea,0,2,1.0,2.0,european_leagues,AWAY_WIN,1.375,3.625,1.2875,2.0875,0.25,0.125,0.625,8,-2.25,-0.7999999999999998,3.111111111111111,0.6666666666666666,2.0,0.7555555555555555,0.8888888888888888,0.0,0.1111111111111111,9,2.4444444444444446,1.2444444444444445,-4.694444444444445,-2.0444444444444443,-0.6388888888888888,-1.7361111111111112,-2.9583333333333335
2022-10-23,183,Essen,Hoffenheim,2,3,0.9,1.3,european_leagues,AWAY_WIN,0.7777777777777778,2.7777777777777777,1.1444444444444446,1.6444444444444446,0.2222222222222222,0.1111111111111111,0.6666666666666666,9,-2.0,-0.5,2.111111111111111,2.0,1.5555555555555556,1.8444444444444446,0.5555555555555556,0.1111111111111111,0.3333333333333333,9,0.11111111111111116,-0.288888888888889,-2.111111111111111,-0.21111111111111103,-0.33333333333333337,-1.3333333333333335,-0.7777777777777777
2022-10-23,183,Wolfsburg,Bayern Munich,2,1,1.0,0.9,european_leagues,HOME_WIN,3.5555555555555554,0.5555555555555556,2.588888888888889,0.6444444444444444,1.0,0.0,0.0,9,3.0,1.9444444444444446,2.6666666666666665,0.3333333333333333,2.0444444444444443,0.5555555555555556,0.7777777777777778,0.1111111111111111,0.1111111111111111,9,2.333333333333333,1.4888888888888887,0.666666666666667,0.45555555555555594,0.2222222222222222,0.8888888888888888,-0.22222222222222227
2022-10-23,183,E. Frankfurt,MSV Duisburg,3,2,3.1,0.4,european_leagues,HOME_WIN,2.2222222222222223,1.4444444444444444,1.7000000000000002,0.7666666666666667,0.6666666666666666,0.2222222222222222,0.1111111111111111,9,0.7777777777777779,0.9333333333333335,1.0,1.8888888888888888,0.5,2.011111111111111,0.3333333333333333,0.1111111111111111,0.5555555555555556,9,-0.8888888888888888,-1.511111111111111,1.6666666666666667,2.4444444444444446,0.3333333333333333,1.2222222222222223,0.4444444444444444
2022-10-23,183,Köln,Werder Bremen,2,0,1.4,1.9,european_leagues,HOME_WIN,1.1111111111111112,1.8888888888888888,1.2888888888888888,1.4666666666666666,0.3333333333333333,0.0,0.6666666666666666,9,-0.7777777777777777,-0.1777777777777778,0.5555555555555556,1.7777777777777777,0.8444444444444444,1.411111111111111,0.0,0.3333333333333333,0.6666666666666666,9,-1.222222222222222,-0.5666666666666665,0.4444444444444444,0.38888888888888873,0.3333333333333333,0.5555555555555556,-0.11111111111111116
2022-10-23,208,AS Roma,FC Como Women,1,0,1.8,0.3,european_leagues,HOME_WIN,1.9090909090909092,0.2727272727272727,1.9454545454545453,0.43636363636363634,0.9090909090909091,0.0,0.09090909090909091,11,1.6363636363636365,1.509090909090909,1.4545454545454546,2.272727272727273,1.1818181818181819,1.7636363636363634,0.09090909090909091,0.36363636363636365,0.5454545454545454,11,-0.8181818181818183,-0.5818181818181816,2.454545454545455,2.090909090909091,0.8181818181818181,0.4545454545454546,2.0
2022-10-23,208,Fiorentina,UC Sampdoria,2,1,2.9,1.3,european_leagues,HOME_WIN,1.5454545454545454,1.4545454545454546,1.5363636363636366,1.3454545454545455,0.6363636363636364,0.09090909090909091,0.2727272727272727,11,0.09090909090909083,0.19090909090909114,0.6363636363636364,1.5454545454545454,1.2454545454545454,1.6181818181818182,0.2727272727272727,0.09090909090909091,0.6363636363636364,11,-0.9090909090909091,-0.3727272727272728,0.9999999999999999,0.5636363636363639,0.36363636363636365,0.9090909090909091,0.09090909090909083
2022-10-23,208,Sassuolo,Internazionale,1,1,0.4,2.3,european_leagues,DRAW,1.1818181818181819,1.5454545454545454,0.9090909090909091,1.9,0.18181818181818182,0.36363636363636365,0.45454545454545453,11,-0.36363636363636354,-0.9909090909090909,2.3636363636363638,1.1818181818181819,1.8,1.3363636363636362,0.45454545454545453,0.36363636363636365,0.18181818181818182,11,1.1818181818181819,0.46363636363636385,-1.5454545454545454,-1.4545454545454546,-0.2727272727272727,-1.1818181818181819,-0.36363636363636354
2022-10-28,193,Montpellier,Paris FC,1,3,1.1,1.5,european_leagues,AWAY_WIN,1.9,1.4,1.61,1.26,0.4,0.4,0.2,10,0.5,0.3500000000000001,1.7,0.9,1.48,0.89,0.5,0.3,0.2,10,0.7999999999999999,0.59,-0.29999999999999993,-0.23999999999999988,-0.09999999999999998,0.19999999999999996,-0.4999999999999999
2022-10-28,183,MSV Duisburg,Köln,2,1,1.3,1.4,european_leagues,HOME_WIN,1.0,1.8888888888888888,0.5,2.011111111111111,0.3333333333333333,0.1111111111111111,0.5555555555555556,9,-0.8888888888888888,-1.511111111111111,1.1111111111111112,1.8888888888888888,1.2888888888888888,1.4666666666666666,0.3333333333333333,0.0,0.6666666666666666,9,-0.7777777777777777,-0.1777777777777778,-0.11111111111111116,-1.3333333333333333,0.0,-0.11111111111111116,0.0
2022-10-29,230,Athletic Club,Atlético Madrid,1,4,0.9,1.9,european_leagues,AWAY_WIN,1.4545454545454546,1.8181818181818181,1.009090909090909,1.3272727272727272,0.36363636363636365,0.09090909090909091,0.5454545454545454,11,-0.36363636363636354,-0.3181818181818181,1.9090909090909092,1.1818181818181819,1.8454545454545455,0.9,0.6363636363636364,0.18181818181818182,0.18181818181818182,11,0.7272727272727273,0.9454545454545454,-1.0909090909090908,-1.2636363636363637,-0.2727272727272727,-0.4545454545454546,-0.6363636363636362
2022-10-29,230,Madrid CFF,UDG Tenerife,2,0,1.9,0.2,european_leagues,HOME_WIN,2.0,1.3636363636363635,1.5454545454545454,0.990909090909091,0.6363636363636364,0.09090909090909091,0.2727272727272727,11,0.6363636363636365,0.5545454545454545,0.9,1.2,0.95,1.04,0.3,0.3,0.4,10,-0.29999999999999993,-0.09000000000000008,0.9363636363636364,0.6445454545454545,0.33636363636363636,1.1,-0.16363636363636358
2022-10-29,230,Alavés,Real Sociedad,1,5,0.4,2.2,european_leagues,AWAY_WIN,1.0,3.090909090909091,0.7818181818181817,2.109090909090909,0.09090909090909091,0.2727272727272727,0.6363636363636364,11,-2.090909090909091,-1.3272727272727272,2.0,1.0909090909090908,1.8272727272727274,1.1272727272727272,0.45454545454545453,0.36363636363636365,0.18181818181818182,11,0.9090909090909092,0.7000000000000002,-3.0,-2.0272727272727273,-0.36363636363636365,-1.0,-2.0
2022-10-29,230,Alhama,Real Betis,0,2,1.0,1.3,european_leagues,AWAY_WIN,0.45454545454545453,2.0,0.7000000000000001,1.4909090909090912,0.09090909090909091,0.0,0.9090909090909091,11,-1.5454545454545454,-0.7909090909090911,1.1818181818181819,2.3636363636363638,0.6272727272727273,2.2636363636363637,0.2727272727272727,0.09090909090909091,0.6363636363636364,11,-1.1818181818181819,-1.6363636363636362,-0.36363636363636354,0.8454545454545451,-0.1818181818181818,-0.7272727272727273,0.36363636363636376
2022-10-29,193,Le Havre,Rodez,2,1,2.1,1.5,european_leagues,HOME_WIN,1.7,1.6,1.17,1.64,0.4,0.1,0.5,10,0.09999999999999987,-0.47,0.6,1.9,0.8,1.61,0.1,0.2,0.7,10,-1.2999999999999998,-0.81,1.3999999999999997,0.3400000000000001,0.30000000000000004,1.1,0.2999999999999998
2022-10-29,193,Dijon,Soyaux,1,0,2.2,0.5,european_leagues,HOME_WIN,0.6,2.8,0.78,1.98,0.2,0.2,0.6,10,-2.1999999999999997,-1.2,0.9,2.0,0.71,2.09,0.1,0.2,0.7,10,-1.1,-1.38,-1.0999999999999996,0.17999999999999994,0.1,-0.30000000000000004,-0.7999999999999998
2022-10-29,193,Stade de Reims,Paris S-G,0,2,0.5,2.1,european_leagues,AWAY_WIN,1.5,1.5,0.89,1.41,0.4,0.2,0.4,10,0.0,-0.5199999999999999,2.2,0.6,1.8699999999999999,0.37,0.8,0.2,0.0,10,1.6,1.5,-1.6,-2.02,-0.4,-0.7000000000000002,-0.9
2022-10-29,193,Bordeaux,Guingamp,3,1,2.1,1.4,european_leagues,HOME_WIN,1.4,1.3,1.2399999999999998,0.9199999999999999,0.4,0.3,0.3,10,0.09999999999999987,0.31999999999999984,0.5,2.0,0.9899999999999999,1.67,0.1,0.1,0.8,10,-1.5,-0.68,1.5999999999999999,0.9999999999999999,0.30000000000000004,0.8999999999999999,0.7
2022-10-29,183,Hoffenheim,E. Frankfurt,3,3,1.5,2.3,european_leagues,DRAW,2.111111111111111,2.0,1.5555555555555556,1.8444444444444446,0.5555555555555556,0.1111111111111111,0.3333333333333333,9,0.11111111111111116,-0.288888888888889,2.2222222222222223,1.4444444444444444,1.7000000000000002,0.7666666666666667,0.6666666666666666,0.2222222222222222,0.1111111111111111,9,0.7777777777777779,0.9333333333333335,-0.6666666666666667,-1.2222222222222223,-0.11111111111111105,-0.11111111111111116,-0.5555555555555556
2022-10-29,208,ASD Calcio Pomigliano,AC Milan,2,1,1.6,1.4,european_leagues,HOME_WIN,1.0,2.0,0.9727272727272727,1.7545454545454546,0.2727272727272727,0.09090909090909091,0.6363636363636364,11,-1.0,-0.781818181818182,2.1818181818181817,2.0,1.5727272727272728,1.4090909090909092,0.45454545454545453,0.09090909090909091,0.45454545454545453,11,0.18181818181818166,0.16363636363636358,-1.1818181818181817,-0.9454545454545455,-0.18181818181818182,-1.1818181818181817,0.0
2022-10-29,208,Internazionale,AS Roma,1,2,0.5,1.4,european_leagues,AWAY_WIN,2.3636363636363638,1.1818181818181819,1.8,1.3363636363636362,0.45454545454545453,0.36363636363636365,0.18181818181818182,11,1.1818181818181819,0.46363636363636385,1.9090909090909092,0.2727272727272727,1.9454545454545453,0.43636363636363634,0.9090909090909091,0.0,0.09090909090909091,11,1.6363636363636365,1.509090909090909,-0.4545454545454546,-1.0454545454545452,-0.45454545454545453,0.4545454545454546,-0.9090909090909092
2022-10-30,230,Levante Planas,Sporting Huelva,1,2,1.5,1.6,european_leagues,AWAY_WIN,1.0,2.4545454545454546,0.9181818181818181,1.9636363636363638,0.18181818181818182,0.18181818181818182,0.6363636363636364,11,-1.4545454545454546,-1.0454545454545459,0.8181818181818182,1.8181818181818181,0.7545454545454546,1.8636363636363635,0.2727272727272727,0.2727272727272727,0.45454545454545453,11,-0.9999999999999999,-1.109090909090909,-0.4545454545454547,0.06363636363636305,-0.09090909090909088,0.18181818181818177,-0.6363636363636365
2022-10-30,230,Barcelona,Levante,2,1,2.2,1.2,european_leagues,HOME_WIN,4.090909090909091,0.36363636363636365,2.9545454545454546,0.5636363636363636,1.0,0.0,0.0,11,3.727272727272727,2.390909090909091,2.727272727272727,1.2727272727272727,2.1454545454545455,0.8272727272727273,0.6363636363636364,0.18181818181818182,0.18181818181818182,11,1.4545454545454544,1.3181818181818183,2.2727272727272725,1.0727272727272728,0.36363636363636365,1.3636363636363638,0.9090909090909091
2022-10-30,230,Villarreal,Valencia,1,1,0.8,1.0,european_leagues,DRAW,0.9090909090909091,2.5454545454545454,0.9090909090909091,1.5454545454545454,0.2727272727272727,0.09090909090909091,0.6363636363636364,11,-1.6363636363636362,-0.6363636363636364,1.1818181818181819,0.9090909090909091,1.2909090909090908,1.1090909090909091,0.36363636363636365,0.2727272727272727,0.36363636363636365,11,0.2727272727272728,0.18181818181818166,-1.9090909090909092,-0.818181818181818,-0.09090909090909094,-0.2727272727272728,-1.6363636363636362
2022-10-30,230,Real Madrid,Sevilla,2,0,0.9,1.0,european_leagues,HOME_WIN,3.0,0.9,1.6600000000000001,1.05,0.8,0.1,0.1,10,2.1,0.6100000000000001,1.7272727272727273,1.8181818181818181,1.4636363636363638,1.1636363636363638,0.2727272727272727,0.2727272727272727,0.45454545454545453,11,-0.09090909090909083,0.30000000000000004,2.190909090909091,0.31000000000000005,0.5272727272727273,1.2727272727272727,0.9181818181818181
2022-10-30,189,Reading,Leicester City WFC,2,1,0.4,0.3,european_leagues,HOME_WIN,1.1111111111111112,2.2222222222222223,0.8222222222222222,1.5444444444444445,0.2222222222222222,0.1111111111111111,0.6666666666666666,9,-1.1111111111111112,-0.7222222222222223,0.2222222222222222,2.7777777777777777,0.4222222222222223,1.4555555555555555,0.0,0.0,1.0,9,-2.5555555555555554,-1.0333333333333332,1.4444444444444442,0.3111111111111109,0.2222222222222222,0.888888888888889,0.5555555555555554
2022-10-30,189,Manchester City,Liverpool,2,1,2.1,0.9,european_leagues,HOME_WIN,2.5,1.125,2.0,0.6875,0.75,0.0,0.25,8,1.375,1.3125,1.2222222222222223,1.7777777777777777,1.2555555555555555,1.3555555555555554,0.2222222222222222,0.2222222222222222,0.5555555555555556,9,-0.5555555555555554,-0.09999999999999987,1.9305555555555554,1.4124999999999999,0.5277777777777778,1.2777777777777777,0.6527777777777777
2022-10-30,189,Brighton,Tottenham,0,8,0.8,2.8,european_leagues,AWAY_WIN,1.375,3.625,1.2875,2.0875,0.25,0.125,0.625,8,-2.25,-0.7999999999999998,1.5714285714285714,1.7142857142857142,0.8714285714285713,0.9714285714285714,0.42857142857142855,0.0,0.5714285714285714,7,-0.1428571428571428,-0.10000000000000009,-2.107142857142857,-0.6999999999999997,-0.17857142857142855,-0.1964285714285714,-1.9107142857142858
2022-10-30,189,Everton,Manchester Utd,0,3,0.3,0.7,european_leagues,AWAY_WIN,0.875,1.25,0.7125,1.5625,0.375,0.0,0.625,8,-0.375,-0.85,2.875,0.625,1.275,0.5,0.875,0.0,0.125,8,2.25,0.7749999999999999,-2.625,-1.625,-0.5,-2.0,-0.625
2022-10-30,189,Chelsea,Aston Villa,3,1,1.7,0.6,european_leagues,HOME_WIN,3.111111111111111,0.6666666666666666,2.0,0.7555555555555555,0.8888888888888888,0.0,0.1111111111111111,9,2.4444444444444446,1.2444444444444445,1.5,1.875,1.3375,1.1,0.5,0.0,0.5,8,-0.375,0.23749999999999982,2.8194444444444446,1.0069444444444446,0.38888888888888884,1.6111111111111112,1.2083333333333335
2022-10-30,189,Arsenal,West Ham,3,1,1.6,1.3,european_leagues,HOME_WIN,2.625,0.5,2.0,0.7,0.875,0.0,0.125,8,2.125,1.3,1.4444444444444444,2.0,0.788888888888889,1.8555555555555554,0.4444444444444444,0.0,0.5555555555555556,9,-0.5555555555555556,-1.0666666666666664,2.6805555555555554,2.3666666666666663,0.4305555555555556,1.1805555555555556,1.5
2022-10-30,193,Lyon,Fleury,1,0,1.8,0.1,european_leagues,HOME_WIN,2.8,0.6,2.35,0.48,0.9,0.1,0.0,10,2.1999999999999997,1.87,1.7,0.9,1.35,0.9199999999999999,0.4,0.3,0.3,10,0.7999999999999999,0.43000000000000016,1.4,1.44,0.5,1.0999999999999999,0.30000000000000004
2022-10-30,183,Bayern Munich,SV Meppen,3,1,2.9,0.1,european_leagues,HOME_WIN,2.6666666666666665,0.3333333333333333,2.0444444444444443,0.5555555555555556,0.7777777777777778,0.1111111111111111,0.1111111111111111,9,2.333333333333333,1.4888888888888887,0.8888888888888888,1.0,0.8,1.4333333333333333,0.4444444444444444,0.0,0.5555555555555556,9,-0.11111111111111116,-0.6333333333333333,2.444444444444444,2.122222222222222,0.33333333333333337,1.7777777777777777,0.6666666666666667
2022-10-30,183,Turbine Potsdam,Freiburg,0,5,0.3,3.3,european_leagues,AWAY_WIN,0.5555555555555556,2.7777777777777777,0.6111111111111112,2.2555555555555555,0.0,0.1111111111111111,0.8888888888888888,9,-2.2222222222222223,-1.6444444444444444,2.7777777777777777,1.8888888888888888,1.8333333333333333,1.2777777777777777,0.6666666666666666,0.0,0.3333333333333333,9,0.8888888888888888,0.5555555555555556,-3.111111111111111,-2.2,-0.6666666666666666,-2.2222222222222223,-0.8888888888888888
2022-10-30,183,Leverkusen,Essen,6,0,2.1,0.4,european_leagues,HOME_WIN,1.6666666666666667,1.5555555555555556,1.588888888888889,1.188888888888889,0.4444444444444444,0.0,0.5555555555555556,9,0.11111111111111116,0.3999999999999999,0.7777777777777778,2.7777777777777777,1.1444444444444446,1.6444444444444446,0.2222222222222222,0.1111111111111111,0.6666666666666666,9,-2.0,-0.5,2.111111111111111,0.8999999999999999,0.2222222222222222,0.888888888888889,1.222222222222222
2022-10-30,183,Werder Bremen,Wolfsburg,2,3,0.9,2.6,european_leagues,AWAY_WIN,0.5555555555555556,1.7777777777777777,0.8444444444444444,1.411111111111111,0.0,0.3333333333333333,0.6666666666666666,9,-1.222222222222222,-0.5666666666666665,3.5555555555555554,0.5555555555555556,2.588888888888889,0.6444444444444444,1.0,0.0,0.0,9,3.0,1.9444444444444446,-4.222222222222222,-2.511111111111111,-1.0,-3.0,-1.222222222222222
2022-10-30,208,Juventus,Fiorentina,2,0,2.1,0.9,european_leagues,HOME_WIN,2.5454545454545454,0.9090909090909091,2.0090909090909093,0.8363636363636363,0.6363636363636364,0.2727272727272727,0.09090909090909091,11,1.6363636363636362,1.1727272727272728,1.5454545454545454,1.4545454545454546,1.5363636363636366,1.3454545454545455,0.6363636363636364,0.09090909090909091,0.2727272727272727,11,0.09090909090909083,0.19090909090909114,1.5454545454545454,0.9818181818181817,0.0,1.0,0.5454545454545455
2022-10-30,208,FC Como Women,Sassuolo,2,2,2.0,1.8,european_leagues,DRAW,1.4545454545454546,2.272727272727273,1.1818181818181819,1.7636363636363634,0.09090909090909091,0.36363636363636365,0.5454545454545454,11,-0.8181818181818183,-0.5818181818181816,1.1818181818181819,1.5454545454545454,0.9090909090909091,1.9,0.18181818181818182,0.36363636363636365,0.45454545454545453,11,-0.36363636363636354,-0.9909090909090909,-0.4545454545454548,0.4090909090909093,-0.09090909090909091,0.2727272727272727,-0.7272727272727275
2022-10-30,208,UC Sampdoria,Parma Calcio 1913,0,0,0.5,0.9,european_leagues,DRAW,0.6363636363636364,1.5454545454545454,1.2454545454545454,1.6181818181818182,0.2727272727272727,0.09090909090909091,0.6363636363636364,11,-0.9090909090909091,-0.3727272727272728,1.0,2.6363636363636362,1.0636363636363635,1.8363636363636362,0.09090909090909091,0.2727272727272727,0.6363636363636364,11,-1.6363636363636362,-0.7727272727272727,0.7272727272727272,0.3999999999999999,0.1818181818181818,-0.36363636363636365,1.0909090909090908
2022-11-01,230,Atlético Madrid,Real Sociedad,1,1,1.5,1.4,european_leagues,DRAW,1.9090909090909092,1.1818181818181819,1.8454545454545455,0.9,0.6363636363636364,0.18181818181818182,0.18181818181818182,11,0.7272727272727273,0.9454545454545454,2.0,1.0909090909090908,1.8272727272727274,1.1272727272727272,0.45454545454545453,0.36363636363636365,0.18181818181818182,11,0.9090909090909092,0.7000000000000002,-0.18181818181818188,0.24545454545454526,0.18181818181818182,-0.09090909090909083,-0.09090909090909105
2022-11-01,230,UDG Tenerife,Athletic Club,0,2,0.7,0.4,european_leagues,AWAY_WIN,0.9,1.2,0.95,1.04,0.3,0.3,0.4,10,-0.29999999999999993,-0.09000000000000008,1.4545454545454546,1.8181818181818181,1.009090909090909,1.3272727272727272,0.36363636363636365,0.09090909090909091,0.5454545454545454,11,-0.36363636363636354,-0.3181818181818181,0.0636363636363636,0.22818181818181804,-0.06363636363636366,-0.5545454545454546,0.6181818181818182
2022-11-01,230,Alhama,Madrid CFF,0,3,0.5,1.1,european_leagues,AWAY_WIN,0.45454545454545453,2.0,0.7000000000000001,1.4909090909090912,0.09090909090909091,0.0,0.9090909090909091,11,-1.5454545454545454,-0.7909090909090911,2.0,1.3636363636363635,1.5454545454545454,0.990909090909091,0.6363636363636364,0.09090909090909091,0.2727272727272727,11,0.6363636363636365,0.5545454545454545,-2.1818181818181817,-1.3454545454545457,-0.5454545454545454,-1.5454545454545454,-0.6363636363636365
2022-11-02,230,Sporting Huelva,Sevilla,1,1,0.7,2.0,european_leagues,DRAW,0.8181818181818182,1.8181818181818181,0.7545454545454546,1.8636363636363635,0.2727272727272727,0.2727272727272727,0.45454545454545453,11,-0.9999999999999999,-1.109090909090909,1.7272727272727273,1.8181818181818181,1.4636363636363638,1.1636363636363638,0.2727272727272727,0.2727272727272727,0.45454545454545453,11,-0.09090909090909083,0.30000000000000004,-0.9090909090909091,-1.409090909090909,0.0,-0.9090909090909091,0.0
2022-11-02,230,Levante,Alavés,2,1,1.7,0.3,european_leagues,HOME_WIN,2.727272727272727,1.2727272727272727,2.1454545454545455,0.8272727272727273,0.6363636363636364,0.18181818181818182,0.18181818181818182,11,1.4545454545454544,1.3181818181818183,1.0,3.090909090909091,0.7818181818181817,2.109090909090909,0.09090909090909091,0.2727272727272727,0.6363636363636364,11,-2.090909090909091,-1.3272727272727272,3.545454545454545,2.6454545454545455,0.5454545454545454,1.727272727272727,1.8181818181818181
2022-11-02,230,Valencia,Real Betis,3,0,2.2,0.3,european_leagues,HOME_WIN,1.1818181818181819,0.9090909090909091,1.2909090909090908,1.1090909090909091,0.36363636363636365,0.2727272727272727,0.36363636363636365,11,0.2727272727272728,0.18181818181818166,1.1818181818181819,2.3636363636363638,0.6272727272727273,2.2636363636363637,0.2727272727272727,0.09090909090909091,0.6363636363636364,11,-1.1818181818181819,-1.6363636363636362,1.4545454545454546,1.818181818181818,0.09090909090909094,0.0,1.4545454545454546
2022-11-03,230,Villarreal,Real Madrid,0,4,0.4,1.4,european_leagues,AWAY_WIN,0.9090909090909091,2.5454545454545454,0.9090909090909091,1.5454545454545454,0.2727272727272727,0.09090909090909091,0.6363636363636364,11,-1.6363636363636362,-0.6363636363636364,3.0,0.9,1.6600000000000001,1.05,0.8,0.1,0.1,10,2.1,0.6100000000000001,-3.7363636363636363,-1.2463636363636366,-0.5272727272727273,-2.090909090909091,-1.6454545454545455
2022-11-03,230,Levante Planas,Barcelona,0,4,0.1,2.0,european_leagues,AWAY_WIN,1.0,2.4545454545454546,0.9181818181818181,1.9636363636363638,0.18181818181818182,0.18181818181818182,0.6363636363636364,11,-1.4545454545454546,-1.0454545454545459,4.090909090909091,0.36363636363636365,2.9545454545454546,0.5636363636363636,1.0,0.0,0.0,11,3.727272727272727,2.390909090909091,-5.181818181818182,-3.436363636363637,-0.8181818181818181,-3.090909090909091,-2.090909090909091
2022-11-04,193,Rodez,Dijon,1,1,2.3,0.9,european_leagues,DRAW,0.6,1.9,0.8,1.61,0.1,0.2,0.7,10,-1.2999999999999998,-0.81,0.6,2.8,0.78,1.98,0.2,0.2,0.6,10,-2.1999999999999997,-1.2,0.8999999999999999,0.3899999999999999,-0.1,0.0,0.8999999999999999
2022-11-04,193,Paris FC,Bordeaux,1,1,1.2,0.7,european_leagues,DRAW,1.7,0.9,1.48,0.89,0.5,0.3,0.2,10,0.7999999999999999,0.59,1.4,1.3,1.2399999999999998,0.9199999999999999,0.4,0.3,0.3,10,0.09999999999999987,0.31999999999999984,0.7000000000000001,0.27000000000000013,0.09999999999999998,0.30000000000000004,0.4
2022-11-04,183,Hoffenheim,Leverkusen,3,1,2.0,1.8,european_leagues,HOME_WIN,2.111111111111111,2.0,1.5555555555555556,1.8444444444444446,0.5555555555555556,0.1111111111111111,0.3333333333333333,9,0.11111111111111116,-0.288888888888889,1.6666666666666667,1.5555555555555556,1.588888888888889,1.188888888888889,0.4444444444444444,0.0,0.5555555555555556,9,0.11111111111111116,0.3999999999999999,0.0,-0.6888888888888889,0.11111111111111116,0.4444444444444444,-0.4444444444444444
2022-11-05,230,Valencia,Athletic Club,1,2,2.0,0.7,european_leagues,AWAY_WIN,1.1818181818181819,0.9090909090909091,1.2909090909090908,1.1090909090909091,0.36363636363636365,0.2727272727272727,0.36363636363636365,11,0.2727272727272728,0.18181818181818166,1.4545454545454546,1.8181818181818181,1.009090909090909,1.3272727272727272,0.36363636363636365,0.09090909090909091,0.5454545454545454,11,-0.36363636363636354,-0.3181818181818181,0.6363636363636364,0.4999999999999998,0.0,-0.2727272727272727,0.9090909090909091
2022-11-05,230,Real Sociedad,Madrid CFF,0,2,1.6,2.1,european_leagues,AWAY_WIN,2.0,1.0909090909090908,1.8272727272727274,1.1272727272727272,0.45454545454545453,0.36363636363636365,0.18181818181818182,11,0.9090909090909092,0.7000000000000002,2.0,1.3636363636363635,1.5454545454545454,0.990909090909091,0.6363636363636364,0.09090909090909091,0.2727272727272727,11,0.6363636363636365,0.5545454545454545,0.2727272727272727,0.14545454545454573,-0.18181818181818182,0.0,0.2727272727272727
2022-11-05,230,Atlético Madrid,Alhama,1,0,1.6,0.3,european_leagues,HOME_WIN,1.9090909090909092,1.1818181818181819,1.8454545454545455,0.9,0.6363636363636364,0.18181818181818182,0.18181818181818182,11,0.7272727272727273,0.9454545454545454,0.45454545454545453,2.0,0.7000000000000001,1.4909090909090912,0.09090909090909091,0.0,0.9090909090909091,11,-1.5454545454545454,-0.7909090909090911,2.2727272727272725,1.7363636363636366,0.5454545454545454,1.4545454545454546,0.8181818181818181
2022-11-05,230,Levante,Sporting Huelva,3,0,3.9,0.4,european_leagues,HOME_WIN,2.727272727272727,1.2727272727272727,2.1454545454545455,0.8272727272727273,0.6363636363636364,0.18181818181818182,0.18181818181818182,11,1.4545454545454544,1.3181818181818183,0.8181818181818182,1.8181818181818181,0.7545454545454546,1.8636363636363635,0.2727272727272727,0.2727272727272727,0.45454545454545453,11,-0.9999999999999999,-1.109090909090909,2.454545454545454,2.4272727272727272,0.36363636363636365,1.9090909090909087,0.5454545454545454
2022-11-05,193,Paris S-G,Montpellier,2,2,2.0,0.3,european_leagues,DRAW,2.2,0.6,1.8699999999999999,0.37,0.8,0.2,0.0,10,1.6,1.5,1.9,1.4,1.61,1.26,0.4,0.4,0.2,10,0.5,0.3500000000000001,1.1,1.15,0.4,0.30000000000000027,0.7999999999999999
2022-11-05,193,Fleury,Le Havre,3,0,2.8,0.6,european_leagues,HOME_WIN,1.7,0.9,1.35,0.9199999999999999,0.4,0.3,0.3,10,0.7999999999999999,0.43000000000000016,1.7,1.6,1.17,1.64,0.4,0.1,0.5,10,0.09999999999999987,-0.47,0.7000000000000001,0.9000000000000001,0.0,0.0,0.7000000000000001
2022-11-05,193,Soyaux,Stade de Reims,1,4,0.8,2.3,european_leagues,AWAY_WIN,0.9,2.0,0.71,2.09,0.1,0.2,0.7,10,-1.1,-1.38,1.5,1.5,0.89,1.41,0.4,0.2,0.4,10,0.0,-0.5199999999999999,-1.1,-0.86,-0.30000000000000004,-0.6,-0.5
2022-11-05,193,Guingamp,Lyon,0,0,0.3,1.6,european_leagues,DRAW,0.5,2.0,0.9899999999999999,1.67,0.1,0.1,0.8,10,-1.5,-0.68,2.8,0.6,2.35,0.48,0.9,0.1,0.0,10,2.1999999999999997,1.87,-3.6999999999999997,-2.5500000000000003,-0.8,-2.3,-1.4
2022-11-05,183,Freiburg,Bayern Munich,0,3,1.0,2.7,european_leagues,AWAY_WIN,2.7777777777777777,1.8888888888888888,1.8333333333333333,1.2777777777777777,0.6666666666666666,0.0,0.3333333333333333,9,0.8888888888888888,0.5555555555555556,2.6666666666666665,0.3333333333333333,2.0444444444444443,0.5555555555555556,0.7777777777777778,0.1111111111111111,0.1111111111111111,9,2.333333333333333,1.4888888888888887,-1.4444444444444442,-0.9333333333333331,-0.11111111111111116,0.11111111111111116,-1.5555555555555556
2022-11-06,230,UDG Tenerife,Alavés,1,1,1.0,1.1,european_leagues,DRAW,0.9,1.2,0.95,1.04,0.3,0.3,0.4,10,-0.29999999999999993,-0.09000000000000008,1.0,3.090909090909091,0.7818181818181817,2.109090909090909,0.09090909090909091,0.2727272727272727,0.6363636363636364,11,-2.090909090909091,-1.3272727272727272,1.790909090909091,1.237272727272727,0.20909090909090908,-0.09999999999999998,1.8909090909090909
2022-11-06,230,Villarreal,Real Betis,0,3,1.4,1.7,european_leagues,AWAY_WIN,0.9090909090909091,2.5454545454545454,0.9090909090909091,1.5454545454545454,0.2727272727272727,0.09090909090909091,0.6363636363636364,11,-1.6363636363636362,-0.6363636363636364,1.1818181818181819,2.3636363636363638,0.6272727272727273,2.2636363636363637,0.2727272727272727,0.09090909090909091,0.6363636363636364,11,-1.1818181818181819,-1.6363636363636362,-0.45454545454545436,0.9999999999999999,0.0,-0.2727272727272728,-0.18181818181818166
2022-11-06,230,Sevilla,Levante Planas,5,0,1.4,0.8,european_leagues,HOME_WIN,1.7272727272727273,1.8181818181818181,1.4636363636363638,1.1636363636363638,0.2727272727272727,0.2727272727272727,0.45454545454545453,11,-0.09090909090909083,0.30000000000000004,1.0,2.4545454545454546,0.9181818181818181,1.9636363636363638,0.18181818181818182,0.18181818181818182,0.6363636363636364,11,-1.4545454545454546,-1.0454545454545459,1.3636363636363638,1.345454545454546,0.09090909090909088,0.7272727272727273,0.6363636363636365
2022-11-06,230,Real Madrid,Barcelona,0,4,0.4,3.4,european_leagues,AWAY_WIN,3.0,0.9,1.6600000000000001,1.05,0.8,0.1,0.1,10,2.1,0.6100000000000001,4.090909090909091,0.36363636363636365,2.9545454545454546,0.5636363636363636,1.0,0.0,0.0,11,3.727272727272727,2.390909090909091,-1.627272727272727,-1.780909090909091,-0.19999999999999996,-1.0909090909090908,-0.5363636363636364
2022-11-06,189,Leicester City WFC,Arsenal,0,4,0.2,1.9,european_leagues,AWAY_WIN,0.2222222222222222,2.7777777777777777,0.4222222222222223,1.4555555555555555,0.0,0.0,1.0,9,-2.5555555555555554,-1.0333333333333332,2.625,0.5,2.0,0.7,0.875,0.0,0.125,8,2.125,1.3,-4.680555555555555,-2.333333333333333,-0.875,-2.4027777777777777,-2.2777777777777777
2022-11-06,189,Reading,Manchester City,0,3,0.1,1.4,european_leagues,AWAY_WIN,1.1111111111111112,2.2222222222222223,0.8222222222222222,1.5444444444444445,0.2222222222222222,0.1111111111111111,0.6666666666666666,9,-1.1111111111111112,-0.7222222222222223,2.5,1.125,2.0,0.6875,0.75,0.0,0.25,8,1.375,1.3125,-2.486111111111111,-2.0347222222222223,-0.5277777777777778,-1.3888888888888888,-1.0972222222222223
2022-11-06,189,Liverpool,Aston Villa,0,1,1.1,1.5,european_leagues,AWAY_WIN,1.2222222222222223,1.7777777777777777,1.2555555555555555,1.3555555555555554,0.2222222222222222,0.2222222222222222,0.5555555555555556,9,-0.5555555555555554,-0.09999999999999987,1.5,1.875,1.3375,1.1,0.5,0.0,0.5,8,-0.375,0.23749999999999982,-0.18055555555555536,-0.3374999999999997,-0.2777777777777778,-0.2777777777777777,0.09722222222222232
2022-11-06,189,West Ham,Brighton,4,5,1.1,3.5,european_leagues,AWAY_WIN,1.4444444444444444,2.0,0.788888888888889,1.8555555555555554,0.4444444444444444,0.0,0.5555555555555556,9,-0.5555555555555556,-1.0666666666666664,1.375,3.625,1.2875,2.0875,0.25,0.125,0.625,8,-2.25,-0.7999999999999998,1.6944444444444444,-0.2666666666666666,0.19444444444444442,0.06944444444444442,1.625
2022-11-06,189,Manchester Utd,Chelsea,1,3,0.5,1.2,european_leagues,AWAY_WIN,2.875,0.625,1.275,0.5,0.875,0.0,0.125,8,2.25,0.7749999999999999,3.111111111111111,0.6666666666666666,2.0,0.7555555555555555,0.8888888888888888,0.0,0.1111111111111111,9,2.4444444444444446,1.2444444444444445,-0.19444444444444464,-0.46944444444444455,-0.01388888888888884,-0.23611111111111116,0.04166666666666663
2022-11-06,183,Wolfsburg,MSV Duisburg,4,0,2.9,0.1,european_leagues,HOME_WIN,3.5555555555555554,0.5555555555555556,2.588888888888889,0.6444444444444444,1.0,0.0,0.0,9,3.0,1.9444444444444446,1.0,1.8888888888888888,0.5,2.011111111111111,0.3333333333333333,0.1111111111111111,0.5555555555555556,9,-0.8888888888888888,-1.511111111111111,3.888888888888889,3.4555555555555557,0.6666666666666667,2.5555555555555554,1.3333333333333333
2022-11-06,183,Essen,Turbine Potsdam,2,1,2.1,0.5,european_leagues,HOME_WIN,0.7777777777777778,2.7777777777777777,1.1444444444444446,1.6444444444444446,0.2222222222222222,0.1111111111111111,0.6666666666666666,9,-2.0,-0.5,0.5555555555555556,2.7777777777777777,0.6111111111111112,2.2555555555555555,0.0,0.1111111111111111,0.8888888888888888,9,-2.2222222222222223,-1.6444444444444444,0.22222222222222232,1.1444444444444444,0.2222222222222222,0.2222222222222222,0.0
2022-11-06,183,SV Meppen,Werder Bremen,2,0,1.3,1.0,european_leagues,HOME_WIN,0.8888888888888888,1.0,0.8,1.4333333333333333,0.4444444444444444,0.0,0.5555555555555556,9,-0.11111111111111116,-0.6333333333333333,0.5555555555555556,1.7777777777777777,0.8444444444444444,1.411111111111111,0.0,0.3333333333333333,0.6666666666666666,9,-1.222222222222222,-0.5666666666666665,1.111111111111111,-0.06666666666666676,0.4444444444444444,0.33333333333333326,0.7777777777777777
2022-11-06,183,E. Frankfurt,Köln,2,0,1.5,1.2,european_leagues,HOME_WIN,2.2222222222222223,1.4444444444444444,1.7000000000000002,0.7666666666666667,0.6666666666666666,0.2222222222222222,0.1111111111111111,9,0.7777777777777779,0.9333333333333335,1.1111111111111112,1.8888888888888888,1.2888888888888888,1.4666666666666666,0.3333333333333333,0.0,0.6666666666666666,9,-0.7777777777777777,-0.1777777777777778,1.5555555555555556,1.1111111111111112,0.3333333333333333,1.1111111111111112,0.4444444444444444
2022-11-19,230,Alhama,UDG Tenerife,1,0,0.5,0.5,european_leagues,HOME_WIN,0.45454545454545453,2.0,0.7000000000000001,1.4909090909090912,0.09090909090909091,0.0,0.9090909090909091,11,-1.5454545454545454,-0.7909090909090911,0.9,1.2,0.95,1.04,0.3,0.3,0.4,10,-0.29999999999999993,-0.09000000000000008,-1.2454545454545456,-0.700909090909091,-0.20909090909090908,-0.4454545454545455,-0.8
2022-11-19,230,Sporting Huelva,Real Madrid,0,1,0.9,1.6,european_leagues,AWAY_WIN,0.8181818181818182,1.8181818181818181,0.7545454545454546,1.8636363636363635,0.2727272727272727,0.2727272727272727,0.45454545454545453,11,-0.9999999999999999,-1.109090909090909,3.0,0.9,1.6600000000000001,1.05,0.8,0.1,0.1,10,2.1,0.6100000000000001,-3.1,-1.719090909090909,-0.5272727272727273,-2.1818181818181817,-0.9181818181818181
2022-11-19,230,Valencia,Levante,4,2,1.2,2.4,european_leagues,HOME_WIN,1.1818181818181819,0.9090909090909091,1.2909090909090908,1.1090909090909091,0.36363636363636365,0.2727272727272727,0.36363636363636365,11,0.2727272727272728,0.18181818181818166,2.727272727272727,1.2727272727272727,2.1454545454545455,0.8272727272727273,0.6363636363636364,0.18181818181818182,0.18181818181818182,11,1.4545454545454544,1.3181818181818183,-1.1818181818181817,-1.1363636363636367,-0.2727272727272727,-1.5454545454545452,0.36363636363636365
2022-11-19,230,Athletic Club,Real Sociedad,1,3,0.6,1.3,european_leagues,AWAY_WIN,1.4545454545454546,1.8181818181818181,1.009090909090909,1.3272727272727272,0.36363636363636365,0.09090909090909091,0.5454545454545454,11,-0.36363636363636354,-0.3181818181818181,2.0,1.0909090909090908,1.8272727272727274,1.1272727272727272,0.45454545454545453,0.36363636363636365,0.18181818181818182,11,0.9090909090909092,0.7000000000000002,-1.2727272727272727,-1.0181818181818183,-0.09090909090909088,-0.5454545454545454,-0.7272727272727273
2022-11-19,189,Everton,Manchester City,1,2,0.4,3.7,european_leagues,AWAY_WIN,0.875,1.25,0.7125,1.5625,0.375,0.0,0.625,8,-0.375,-0.85,2.5,1.125,2.0,0.6875,0.75,0.0,0.25,8,1.375,1.3125,-1.75,-2.1625,-0.375,-1.625,-0.125
2022-11-19,189,Arsenal,Manchester Utd,2,3,0.8,0.9,european_leagues,AWAY_WIN,2.625,0.5,2.0,0.7,0.875,0.0,0.125,8,2.125,1.3,2.875,0.625,1.275,0.5,0.875,0.0,0.125,8,2.25,0.7749999999999999,-0.125,0.5250000000000001,0.0,-0.25,0.125
2022-11-19,193,Montpellier,Soyaux,2,2,1.7,1.4,european_leagues,DRAW,1.9,1.4,1.61,1.26,0.4,0.4,0.2,10,0.5,0.3500000000000001,0.9,2.0,0.71,2.09,0.1,0.2,0.7,10,-1.1,-1.38,1.6,1.73,0.30000000000000004,0.9999999999999999,0.6000000000000001
2022-11-19,193,Guingamp,Paris FC,0,3,0.6,1.9,european_leagues,AWAY_WIN,0.5,2.0,0.9899999999999999,1.67,0.1,0.1,0.8,10,-1.5,-0.68,1.7,0.9,1.48,0.89,0.5,0.3,0.2,10,0.7999999999999999,0.59,-2.3,-1.27,-0.4,-1.2,-1.1
2022-11-19,193,Dijon,Fleury,1,5,0.9,2.9,european_leagues,AWAY_WIN,0.6,2.8,0.78,1.98,0.2,0.2,0.6,10,-2.1999999999999997,-1.2,1.7,0.9,1.35,0.9199999999999999,0.4,0.3,0.3,10,0.7999999999999999,0.43000000000000016,-2.9999999999999996,-1.6300000000000001,-0.2,-1.1,-1.9
2022-11-19,193,Stade de Reims,Rodez,0,0,0.4,0.2,european_leagues,DRAW,1.5,1.5,0.89,1.41,0.4,0.2,0.4,10,0.0,-0.5199999999999999,0.6,1.9,0.8,1.61,0.1,0.2,0.7,10,-1.2999999999999998,-0.81,1.2999999999999998,0.29000000000000015,0.30000000000000004,0.9,0.3999999999999999
2022-11-19,208,AS Roma,UC Sampdoria,2,0,2.0,0.1,european_leagues,HOME_WIN,1.9090909090909092,0.2727272727272727,1.9454545454545453,0.43636363636363634,0.9090909090909091,0.0,0.09090909090909091,11,1.6363636363636365,1.509090909090909,0.6363636363636364,1.5454545454545454,1.2454545454545454,1.6181818181818182,0.2727272727272727,0.09090909090909091,0.6363636363636364,11,-0.9090909090909091,-0.3727272727272728,2.5454545454545454,1.8818181818181818,0.6363636363636364,1.272727272727273,1.2727272727272727
2022-11-19,208,Parma Calcio 1913,Juventus,1,2,0.3,2.5,european_leagues,AWAY_WIN,1.0,2.6363636363636362,1.0636363636363635,1.8363636363636362,0.09090909090909091,0.2727272727272727,0.6363636363636364,11,-1.6363636363636362,-0.7727272727272727,2.5454545454545454,0.9090909090909091,2.0090909090909093,0.8363636363636363,0.6363636363636364,0.2727272727272727,0.09090909090909091,11,1.6363636363636362,1.1727272727272728,-3.2727272727272725,-1.9454545454545455,-0.5454545454545454,-1.5454545454545454,-1.727272727272727
2022-11-20,230,Barcelona,Alavés,8,0,5.3,0.1,european_leagues,HOME_WIN,4.090909090909091,0.36363636363636365,2.9545454545454546,0.5636363636363636,1.0,0.0,0.0,11,3.727272727272727,2.390909090909091,1.0,3.090909090909091,0.7818181818181817,2.109090909090909,0.09090909090909091,0.2727272727272727,0.6363636363636364,11,-2.090909090909091,-1.3272727272727272,5.818181818181818,3.7181818181818183,0.9090909090909091,3.090909090909091,2.727272727272727
2022-11-20,230,Levante Planas,Atlético Madrid,1,2,0.6,1.9,european_leagues,AWAY_WIN,1.0,2.4545454545454546,0.9181818181818181,1.9636363636363638,0.18181818181818182,0.18181818181818182,0.6363636363636364,11,-1.4545454545454546,-1.0454545454545459,1.9090909090909092,1.1818181818181819,1.8454545454545455,0.9,0.6363636363636364,0.18181818181818182,0.18181818181818182,11,0.7272727272727273,0.9454545454545454,-2.1818181818181817,-1.9909090909090912,-0.45454545454545453,-0.9090909090909092,-1.2727272727272727
2022-11-20,230,Real Betis,Sevilla,3,0,0.7,1.9,european_leagues,HOME_WIN,1.1818181818181819,2.3636363636363638,0.6272727272727273,2.2636363636363637,0.2727272727272727,0.09090909090909091,0.6363636363636364,11,-1.1818181818181819,-1.6363636363636362,1.7272727272727273,1.8181818181818181,1.4636363636363638,1.1636363636363638,0.2727272727272727,0.2727272727272727,0.45454545454545453,11,-0.09090909090909083,0.30000000000000004,-1.090909090909091,-1.9363636363636363,0.0,-0.5454545454545454,-0.5454545454545456
2022-11-20,230,Madrid CFF,Villarreal,1,2,1.1,0.8,european_leagues,AWAY_WIN,2.0,1.3636363636363635,1.5454545454545454,0.990909090909091,0.6363636363636364,0.09090909090909091,0.2727272727272727,11,0.6363636363636365,0.5545454545454545,0.9090909090909091,2.5454545454545454,0.9090909090909091,1.5454545454545454,0.2727272727272727,0.09090909090909091,0.6363636363636364,11,-1.6363636363636362,-0.6363636363636364,2.2727272727272725,1.190909090909091,0.36363636363636365,1.0909090909090908,1.1818181818181819
2022-11-20,189,Chelsea,Tottenham,3,0,1.5,0.7,european_leagues,HOME_WIN,3.111111111111111,0.6666666666666666,2.0,0.7555555555555555,0.8888888888888888,0.0,0.1111111111111111,9,2.4444444444444446,1.2444444444444445,1.5714285714285714,1.7142857142857142,0.8714285714285713,0.9714285714285714,0.42857142857142855,0.0,0.5714285714285714,7,-0.1428571428571428,-0.10000000000000009,2.5873015873015874,1.3444444444444446,0.4603174603174603,1.5396825396825398,1.0476190476190474
2022-11-20,189,Aston Villa,Reading,3,1,2.4,0.4,european_leagues,HOME_WIN,1.5,1.875,1.3375,1.1,0.5,0.0,0.5,8,-0.375,0.23749999999999982,1.1111111111111112,2.2222222222222223,0.8222222222222222,1.5444444444444445,0.2222222222222222,0.1111111111111111,0.6666666666666666,9,-1.1111111111111112,-0.7222222222222223,0.7361111111111112,0.9597222222222221,0.2777777777777778,0.38888888888888884,0.3472222222222223
2022-11-20,189,Brighton,Liverpool,3,3,1.5,1.3,european_leagues,DRAW,1.375,3.625,1.2875,2.0875,0.25,0.125,0.625,8,-2.25,-0.7999999999999998,1.2222222222222223,1.7777777777777777,1.2555555555555555,1.3555555555555554,0.2222222222222222,0.2222222222222222,0.5555555555555556,9,-0.5555555555555554,-0.09999999999999987,-1.6944444444444446,-0.7,0.02777777777777779,0.15277777777777768,-1.8472222222222223
2022-11-20,189,West Ham,Leicester City WFC,1,0,0.6,1.3,european_leagues,HOME_WIN,1.4444444444444444,2.0,0.788888888888889,1.8555555555555554,0.4444444444444444,0.0,0.5555555555555556,9,-0.5555555555555556,-1.0666666666666664,0.2222222222222222,2.7777777777777777,0.4222222222222223,1.4555555555555555,0.0,0.0,1.0,9,-2.5555555555555554,-1.0333333333333332,1.9999999999999998,-0.033333333333333215,0.4444444444444444,1.2222222222222223,0.7777777777777777
2022-11-20,193,Bordeaux,Paris S-G,0,3,0.6,1.2,european_leagues,AWAY_WIN,1.4,1.3,1.2399999999999998,0.9199999999999999,0.4,0.3,0.3,10,0.09999999999999987,0.31999999999999984,2.2,0.6,1.8699999999999999,0.37,0.8,0.2,0.0,10,1.6,1.5,-1.5000000000000002,-1.1800000000000002,-0.4,-0.8000000000000003,-0.7000000000000001
2022-11-20,193,Lyon,Le Havre,1,0,2.0,0.2,european_leagues,HOME_WIN,2.8,0.6,2.35,0.48,0.9,0.1,0.0,10,2.1999999999999997,1.87,1.7,1.6,1.17,1.64,0.4,0.1,0.5,10,0.09999999999999987,-0.47,2.0999999999999996,2.34,0.5,1.0999999999999999,1.0
2022-11-20,208,Sassuolo,ASD Calcio Pomigliano,2,1,0.9,0.3,european_leagues,HOME_WIN,1.1818181818181819,1.5454545454545454,0.9090909090909091,1.9,0.18181818181818182,0.36363636363636365,0.45454545454545453,11,-0.36363636363636354,-0.9909090909090909,1.0,2.0,0.9727272727272727,1.7545454545454546,0.2727272727272727,0.09090909090909091,0.6363636363636364,11,-1.0,-0.781818181818182,0.6363636363636365,-0.20909090909090888,-0.09090909090909088,0.18181818181818188,0.4545454545454546
2022-11-20,208,AC Milan,FC Como Women,3,3,2.3,1.3,european_leagues,DRAW,2.1818181818181817,2.0,1.5727272727272728,1.4090909090909092,0.45454545454545453,0.09090909090909091,0.45454545454545453,11,0.18181818181818166,0.16363636363636358,1.4545454545454546,2.272727272727273,1.1818181818181819,1.7636363636363634,0.09090909090909091,0.36363636363636365,0.5454545454545454,11,-0.8181818181818183,-0.5818181818181816,1.0,0.7454545454545451,0.36363636363636365,0.7272727272727271,0.27272727272727293
2022-11-20,208,Fiorentina,Internazionale,0,0,0.8,2.0,european_leagues,DRAW,1.5454545454545454,1.4545454545454546,1.5363636363636366,1.3454545454545455,0.6363636363636364,0.09090909090909091,0.2727272727272727,11,0.09090909090909083,0.19090909090909114,2.3636363636363638,1.1818181818181819,1.8,1.3363636363636362,0.45454545454545453,0.36363636363636365,0.18181818181818182,11,1.1818181818181819,0.46363636363636385,-1.090909090909091,-0.2727272727272727,0.18181818181818182,-0.8181818181818183,-0.2727272727272727
2022-11-24,189,Reading,Liverpool,3,3,1.7,1.1,european_leagues,DRAW,1.1111111111111112,2.2222222222222223,0.8222222222222222,1.5444444444444445,0.2222222222222222,0.1111111111111111,0.6666666666666666,9,-1.1111111111111112,-0.7222222222222223,1.2222222222222223,1.7777777777777777,1.2555555555555555,1.3555555555555554,0.2222222222222222,0.2222222222222222,0.5555555555555556,9,-0.5555555555555554,-0.09999999999999987,-0.5555555555555558,-0.6222222222222225,0.0,-0.11111111111111116,-0.44444444444444464
2022-11-25,193,Fleury,Stade de Reims,1,0,0.6,0.3,european_leagues,HOME_WIN,1.7,0.9,1.35,0.9199999999999999,0.4,0.3,0.3,10,0.7999999999999999,0.43000000000000016,1.5,1.5,0.89,1.41,0.4,0.2,0.4,10,0.0,-0.5199999999999999,0.7999999999999999,0.9500000000000001,0.0,0.19999999999999996,0.6
2022-11-25,183,Turbine Potsdam,Hoffenheim,1,3,1.3,3.0,european_leagues,AWAY_WIN,0.5555555555555556,2.7777777777777777,0.6111111111111112,2.2555555555555555,0.0,0.1111111111111111,0.8888888888888888,9,-2.2222222222222223,-1.6444444444444444,2.111111111111111,2.0,1.5555555555555556,1.8444444444444446,0.5555555555555556,0.1111111111111111,0.3333333333333333,9,0.11111111111111116,-0.288888888888889,-2.3333333333333335,-1.3555555555555554,-0.5555555555555556,-1.5555555555555556,-0.7777777777777777
2022-11-26,230,Levante,Sevilla,5,1,2.2,1.3,european_leagues,HOME_WIN,2.727272727272727,1.2727272727272727,2.1454545454545455,0.8272727272727273,0.6363636363636364,0.18181818181818182,0.18181818181818182,11,1.4545454545454544,1.3181818181818183,1.7272727272727273,1.8181818181818181,1.4636363636363638,1.1636363636363638,0.2727272727272727,0.2727272727272727,0.45454545454545453,11,-0.09090909090909083,0.30000000000000004,1.5454545454545452,1.0181818181818183,0.36363636363636365,0.9999999999999998,0.5454545454545454
2022-11-26,230,Madrid CFF,Sporting Huelva,2,3,1.2,0.6,european_leagues,AWAY_WIN,2.0,1.3636363636363635,1.5454545454545454,0.990909090909091,0.6363636363636364,0.09090909090909091,0.2727272727272727,11,0.6363636363636365,0.5545454545454545,0.8181818181818182,1.8181818181818181,0.7545454545454546,1.8636363636363635,0.2727272727272727,0.2727272727272727,0.45454545454545453,11,-0.9999999999999999,-1.109090909090909,1.6363636363636362,1.6636363636363634,0.36363636363636365,1.1818181818181817,0.4545454545454546
2022-11-26,230,Villarreal,Athletic Club,1,6,1.3,2.4,european_leagues,AWAY_WIN,0.9090909090909091,2.5454545454545454,0.9090909090909091,1.5454545454545454,0.2727272727272727,0.09090909090909091,0.6363636363636364,11,-1.6363636363636362,-0.6363636363636364,1.4545454545454546,1.8181818181818181,1.009090909090909,1.3272727272727272,0.36363636363636365,0.09090909090909091,0.5454545454545454,11,-0.36363636363636354,-0.3181818181818181,-1.2727272727272727,-0.31818181818181823,-0.09090909090909094,-0.5454545454545455,-0.7272727272727273
2022-11-26,230,Real Madrid,Alhama,5,1,3.1,0.7,european_leagues,HOME_WIN,3.0,0.9,1.6600000000000001,1.05,0.8,0.1,0.1,10,2.1,0.6100000000000001,0.45454545454545453,2.0,0.7000000000000001,1.4909090909090912,0.09090909090909091,0.0,0.9090909090909091,11,-1.5454545454545454,-0.7909090909090911,3.6454545454545455,1.4009090909090913,0.7090909090909091,2.5454545454545454,1.1
2022-11-26,193,Montpellier,Rodez,2,1,2.0,1.0,european_leagues,HOME_WIN,1.9,1.4,1.61,1.26,0.4,0.4,0.2,10,0.5,0.3500000000000001,0.6,1.9,0.8,1.61,0.1,0.2,0.7,10,-1.2999999999999998,-0.81,1.7999999999999998,1.1600000000000001,0.30000000000000004,1.2999999999999998,0.5
2022-11-26,193,Paris S-G,Guingamp,1,0,0.7,0.5,european_leagues,HOME_WIN,2.2,0.6,1.8699999999999999,0.37,0.8,0.2,0.0,10,1.6,1.5,0.5,2.0,0.9899999999999999,1.67,0.1,0.1,0.8,10,-1.5,-0.68,3.1,2.18,0.7000000000000001,1.7000000000000002,1.4
2022-11-26,193,Soyaux,Bordeaux,0,1,0.3,1.4,european_leagues,AWAY_WIN,0.9,2.0,0.71,2.09,0.1,0.2,0.7,10,-1.1,-1.38,1.4,1.3,1.2399999999999998,0.9199999999999999,0.4,0.3,0.3,10,0.09999999999999987,0.31999999999999984,-1.2,-1.6999999999999997,-0.30000000000000004,-0.4999999999999999,-0.7
2022-11-26,193,Le Havre,Dijon,5,0,2.6,0.3,european_leagues,HOME_WIN,1.7,1.6,1.17,1.64,0.4,0.1,0.5,10,0.09999999999999987,-0.47,0.6,2.8,0.78,1.98,0.2,0.2,0.6,10,-2.1999999999999997,-1.2,2.3,0.73,0.2,1.1,1.1999999999999997
2022-11-26,183,E. Frankfurt,Leverkusen,1,0,2.0,0.2,european_leagues,HOME_WIN,2.2222222222222223,1.4444444444444444,1.7000000000000002,0.7666666666666667,0.6666666666666666,0.2222222222222222,0.1111111111111111,9,0.7777777777777779,0.9333333333333335,1.6666666666666667,1.5555555555555556,1.588888888888889,1.188888888888889,0.4444444444444444,0.0,0.5555555555555556,9,0.11111111111111116,0.3999999999999999,0.6666666666666667,0.5333333333333335,0.2222222222222222,0.5555555555555556,0.11111111111111116
2022-11-26,183,Werder Bremen,Freiburg,1,2,0.6,0.9,european_leagues,AWAY_WIN,0.5555555555555556,1.7777777777777777,0.8444444444444444,1.411111111111111,0.0,0.3333333333333333,0.6666666666666666,9,-1.222222222222222,-0.5666666666666665,2.7777777777777777,1.8888888888888888,1.8333333333333333,1.2777777777777777,0.6666666666666666,0.0,0.3333333333333333,9,0.8888888888888888,0.5555555555555556,-2.1111111111111107,-1.1222222222222222,-0.6666666666666666,-2.2222222222222223,0.11111111111111116
2022-11-26,208,AS Roma,ASD Calcio Pomigliano,2,0,3.8,0.7,european_leagues,HOME_WIN,1.9090909090909092,0.2727272727272727,1.9454545454545453,0.43636363636363634,0.9090909090909091,0.0,0.09090909090909091,11,1.6363636363636365,1.509090909090909,1.0,2.0,0.9727272727272727,1.7545454545454546,0.2727272727272727,0.09090909090909091,0.6363636363636364,11,-1.0,-0.781818181818182,2.6363636363636367,2.290909090909091,0.6363636363636364,0.9090909090909092,1.7272727272727273
2022-11-26,208,Fiorentina,AC Milan,1,6,1.5,2.2,european_leagues,AWAY_WIN,1.5454545454545454,1.4545454545454546,1.5363636363636366,1.3454545454545455,0.6363636363636364,0.09090909090909091,0.2727272727272727,11,0.09090909090909083,0.19090909090909114,2.1818181818181817,2.0,1.5727272727272728,1.4090909090909092,0.45454545454545453,0.09090909090909091,0.45454545454545453,11,0.18181818181818166,0.16363636363636358,-0.09090909090909083,0.02727272727272756,0.18181818181818182,-0.6363636363636362,0.5454545454545454
2022-11-27,230,UDG Tenerife,Valencia,1,0,1.6,0.9,european_leagues,HOME_WIN,0.9,1.2,0.95,1.04,0.3,0.3,0.4,10,-0.29999999999999993,-0.09000000000000008,1.1818181818181819,0.9090909090909091,1.2909090909090908,1.1090909090909091,0.36363636363636365,0.2727272727272727,0.36363636363636365,11,0.2727272727272728,0.18181818181818166,-0.5727272727272728,-0.27181818181818174,-0.06363636363636366,-0.28181818181818186,-0.2909090909090909
2022-11-27,230,Alavés,Real Betis,3,1,2.6,1.3,european_leagues,HOME_WIN,1.0,3.090909090909091,0.7818181818181817,2.109090909090909,0.09090909090909091,0.2727272727272727,0.6363636363636364,11,-2.090909090909091,-1.3272727272727272,1.1818181818181819,2.3636363636363638,0.6272727272727273,2.2636363636363637,0.2727272727272727,0.09090909090909091,0.6363636363636364,11,-1.1818181818181819,-1.6363636363636362,-0.909090909090909,0.3090909090909091,-0.1818181818181818,-0.18181818181818188,-0.7272727272727271
2022-11-27,230,Real Sociedad,Levante Planas,3,0,3.5,0.5,european_leagues,HOME_WIN,2.0,1.0909090909090908,1.8272727272727274,1.1272727272727272,0.45454545454545453,0.36363636363636365,0.18181818181818182,11,0.9090909090909092,0.7000000000000002,1.0,2.4545454545454546,0.9181818181818181,1.9636363636363638,0.18181818181818182,0.18181818181818182,0.6363636363636364,11,-1.4545454545454546,-1.0454545454545459,2.3636363636363638,1.745454545454546,0.2727272727272727,1.0,1.3636363636363638
2022-11-27,230,Atlético Madrid,Barcelona,1,6,1.0,3.9,european_leagues,AWAY_WIN,1.9090909090909092,1.1818181818181819,1.8454545454545455,0.9,0.6363636363636364,0.18181818181818182,0.18181818181818182,11,0.7272727272727273,0.9454545454545454,4.090909090909091,0.36363636363636365,2.9545454545454546,0.5636363636363636,1.0,0.0,0.0,11,3.727272727272727,2.390909090909091,-3.0,-1.4454545454545458,-0.36363636363636365,-2.1818181818181817,-0.8181818181818182
2022-11-27,193,Paris FC,Lyon,2,3,1.3,2.9,european_leagues,AWAY_WIN,1.7,0.9,1.48,0.89,0.5,0.3,0.2,10,0.7999999999999999,0.59,2.8,0.6,2.35,0.48,0.9,0.1,0.0,10,2.1999999999999997,1.87,-1.4,-1.2800000000000002,-0.4,-1.0999999999999999,-0.30000000000000004
2022-11-27,183,MSV Duisburg,SV Meppen,1,0,0.9,1.1,european_leagues,HOME_WIN,1.0,1.8888888888888888,0.5,2.011111111111111,0.3333333333333333,0.1111111111111111,0.5555555555555556,9,-0.8888888888888888,-1.511111111111111,0.8888888888888888,1.0,0.8,1.4333333333333333,0.4444444444444444,0.0,0.5555555555555556,9,-0.11111111111111116,-0.6333333333333333,-0.7777777777777777,-0.8777777777777778,-0.1111111111111111,0.11111111111111116,-0.8888888888888888
2022-11-27,183,Köln,Wolfsburg,0,4,0.4,2.0,european_leagues,AWAY_WIN,1.1111111111111112,1.8888888888888888,1.2888888888888888,1.4666666666666666,0.3333333333333333,0.0,0.6666666666666666,9,-0.7777777777777777,-0.1777777777777778,3.5555555555555554,0.5555555555555556,2.588888888888889,0.6444444444444444,1.0,0.0,0.0,9,3.0,1.9444444444444446,-3.7777777777777777,-2.1222222222222227,-0.6666666666666667,-2.444444444444444,-1.3333333333333333
2022-11-27,183,Bayern Munich,Essen,2,0,1.6,0.4,european_leagues,HOME_WIN,2.6666666666666665,0.3333333333333333,2.0444444444444443,0.5555555555555556,0.7777777777777778,0.1111111111111111,0.1111111111111111,9,2.333333333333333,1.4888888888888887,0.7777777777777778,2.7777777777777777,1.1444444444444446,1.6444444444444446,0.2222222222222222,0.1111111111111111,0.6666666666666666,9,-2.0,-0.5,4.333333333333333,1.9888888888888887,0.5555555555555556,1.8888888888888888,2.444444444444444
2022-11-27,208,UC Sampdoria,Sassuolo,0,2,1.9,1.3,european_leagues,AWAY_WIN,0.6363636363636364,1.5454545454545454,1.2454545454545454,1.6181818181818182,0.2727272727272727,0.09090909090909091,0.6363636363636364,11,-0.9090909090909091,-0.3727272727272728,1.1818181818181819,1.5454545454545454,0.9090909090909091,1.9,0.18181818181818182,0.36363636363636365,0.45454545454545453,11,-0.36363636363636354,-0.9909090909090909,-0.5454545454545455,0.618181818181818,0.09090909090909088,-0.5454545454545455,0.0
2022-11-27,208,Juventus,FC Como Women,1,1,2.6,1.8,european_leagues,DRAW,2.5454545454545454,0.9090909090909091,2.0090909090909093,0.8363636363636363,0.6363636363636364,0.2727272727272727,0.09090909090909091,11,1.6363636363636362,1.1727272727272728,1.4545454545454546,2.272727272727273,1.1818181818181819,1.7636363636363634,0.09090909090909091,0.36363636363636365,0.5454545454545454,11,-0.8181818181818183,-0.5818181818181816,2.4545454545454546,1.7545454545454544,0.5454545454545454,1.0909090909090908,1.3636363636363638
2022-11-28,208,Parma Calcio 1913,Internazionale,2,2,1.4,1.4,european_leagues,DRAW,1.0,2.6363636363636362,1.0636363636363635,1.8363636363636362,0.09090909090909091,0.2727272727272727,0.6363636363636364,11,-1.6363636363636362,-0.7727272727272727,2.3636363636363638,1.1818181818181819,1.8,1.3363636363636362,0.45454545454545453,0.36363636363636365,0.18181818181818182,11,1.1818181818181819,0.46363636363636385,-2.8181818181818183,-1.2363636363636366,-0.36363636363636365,-1.3636363636363638,-1.4545454545454544
2022-12-02,193,Montpellier,Fleury,1,1,1.1,1.5,european_leagues,DRAW,1.9,1.4,1.61,1.26,0.4,0.4,0.2,10,0.5,0.3500000000000001,1.7,0.9,1.35,0.9199999999999999,0.4,0.3,0.3,10,0.7999999999999999,0.43000000000000016,-0.29999999999999993,-0.08000000000000007,0.0,0.19999999999999996,-0.4999999999999999
2022-12-02,183,Hoffenheim,Bayern Munich,0,4,0.5,3.1,european_leagues,AWAY_WIN,2.111111111111111,2.0,1.5555555555555556,1.8444444444444446,0.5555555555555556,0.1111111111111111,0.3333333333333333,9,0.11111111111111116,-0.288888888888889,2.6666666666666665,0.3333333333333333,2.0444444444444443,0.5555555555555556,0.7777777777777778,0.1111111111111111,0.1111111111111111,9,2.333333333333333,1.4888888888888887,-2.222222222222222,-1.7777777777777777,-0.2222222222222222,-0.5555555555555554,-1.6666666666666667
2022-12-03,230,Sevilla,UDG Tenerife,2,2,0.7,1.5,european_leagues,DRAW,1.7272727272727273,1.8181818181818181,1.4636363636363638,1.1636363636363638,0.2727272727272727,0.2727272727272727,0.45454545454545453,11,-0.09090909090909083,0.30000000000000004,0.9,1.2,0.95,1.04,0.3,0.3,0.4,10,-0.29999999999999993,-0.09000000000000008,0.2090909090909091,0.3900000000000001,-0.027272727272727282,0.8272727272727273,-0.6181818181818182
2022-12-03,230,Barcelona,Real Sociedad,2,1,2.6,1.6,european_leagues,HOME_WIN,4.090909090909091,0.36363636363636365,2.9545454545454546,0.5636363636363636,1.0,0.0,0.0,11,3.727272727272727,2.390909090909091,2.0,1.0909090909090908,1.8272727272727274,1.1272727272727272,0.45454545454545453,0.36363636363636365,0.18181818181818182,11,0.9090909090909092,0.7000000000000002,2.818181818181818,1.690909090909091,0.5454545454545454,2.090909090909091,0.7272727272727272
2022-12-03,230,Athletic Club,Madrid CFF,0,2,0.8,1.9,european_leagues,AWAY_WIN,1.4545454545454546,1.8181818181818181,1.009090909090909,1.3272727272727272,0.36363636363636365,0.09090909090909091,0.5454545454545454,11,-0.36363636363636354,-0.3181818181818181,2.0,1.3636363636363635,1.5454545454545454,0.990909090909091,0.6363636363636364,0.09090909090909091,0.2727272727272727,11,0.6363636363636365,0.5545454545454545,-1.0,-0.8727272727272726,-0.2727272727272727,-0.5454545454545454,-0.4545454545454546
2022-12-03,230,Levante Planas,Real Madrid,1,4,1.2,2.2,european_leagues,AWAY_WIN,1.0,2.4545454545454546,0.9181818181818181,1.9636363636363638,0.18181818181818182,0.18181818181818182,0.6363636363636364,11,-1.4545454545454546,-1.0454545454545459,3.0,0.9,1.6600000000000001,1.05,0.8,0.1,0.1,10,2.1,0.6100000000000001,-3.5545454545454547,-1.655454545454546,-0.6181818181818182,-2.0,-1.5545454545454547
2022-12-03,189,Manchester Utd,Aston Villa,5,0,2.3,0.4,european_leagues,HOME_WIN,2.875,0.625,1.275,0.5,0.875,0.0,0.125,8,2.25,0.7749999999999999,1.5,1.875,1.3375,1.1,0.5,0.0,0.5,8,-0.375,0.23749999999999982,2.625,0.5375000000000001,0.375,1.375,1.25
2022-12-03,189,Arsenal,Everton,1,0,3.1,1.3,european_leagues,HOME_WIN,2.625,0.5,2.0,0.7,0.875,0.0,0.125,8,2.125,1.3,0.875,1.25,0.7125,1.5625,0.375,0.0,0.625,8,-0.375,-0.85,2.5,2.15,0.5,1.75,0.75
2022-12-03,189,Leicester City WFC,Chelsea,0,8,0.2,4.1,european_leagues,AWAY_WIN,0.2222222222222222,2.7777777777777777,0.4222222222222223,1.4555555555555555,0.0,0.0,1.0,9,-2.5555555555555554,-1.0333333333333332,3.111111111111111,0.6666666666666666,2.0,0.7555555555555555,0.8888888888888888,0.0,0.1111111111111111,9,2.4444444444444446,1.2444444444444445,-5.0,-2.2777777777777777,-0.8888888888888888,-2.888888888888889,-2.111111111111111
2022-12-03,193,Stade de Reims,Le Havre,3,1,2.0,0.6,european_leagues,HOME_WIN,1.5,1.5,0.89,1.41,0.4,0.2,0.4,10,0.0,-0.5199999999999999,1.7,1.6,1.17,1.64,0.4,0.1,0.5,10,0.09999999999999987,-0.47,-0.09999999999999987,-0.04999999999999993,0.0,-0.19999999999999996,0.10000000000000009
2022-12-03,193,Bordeaux,Rodez,3,1,2.9,0.4,european_leagues,HOME_WIN,1.4,1.3,1.2399999999999998,0.9199999999999999,0.4,0.3,0.3,10,0.09999999999999987,0.31999999999999984,0.6,1.9,0.8,1.61,0.1,0.2,0.7,10,-1.2999999999999998,-0.81,1.3999999999999997,1.13,0.30000000000000004,0.7999999999999999,0.5999999999999999
2022-12-03,193,Guingamp,Soyaux,3,1,2.6,1.1,european_leagues,HOME_WIN,0.5,2.0,0.9899999999999999,1.67,0.1,0.1,0.8,10,-1.5,-0.68,0.9,2.0,0.71,2.09,0.1,0.2,0.7,10,-1.1,-1.38,-0.3999999999999999,0.6999999999999998,0.0,-0.4,0.0
2022-12-03,193,Lyon,Dijon,8,0,2.7,0.2,european_leagues,HOME_WIN,2.8,0.6,2.35,0.48,0.9,0.1,0.0,10,2.1999999999999997,1.87,0.6,2.8,0.78,1.98,0.2,0.2,0.6,10,-2.1999999999999997,-1.2,4.3999999999999995,3.0700000000000003,0.7,2.1999999999999997,2.1999999999999997
2022-12-03,183,Wolfsburg,E. Frankfurt,5,0,1.4,0.8,european_leagues,HOME_WIN,3.5555555555555554,0.5555555555555556,2.588888888888889,0.6444444444444444,1.0,0.0,0.0,9,3.0,1.9444444444444446,2.2222222222222223,1.4444444444444444,1.7000000000000002,0.7666666666666667,0.6666666666666666,0.2222222222222222,0.1111111111111111,9,0.7777777777777779,0.9333333333333335,2.2222222222222223,1.011111111111111,0.33333333333333337,1.333333333333333,0.8888888888888888
2022-12-03,183,Freiburg,MSV Duisburg,4,1,3.5,0.1,european_leagues,HOME_WIN,2.7777777777777777,1.8888888888888888,1.8333333333333333,1.2777777777777777,0.6666666666666666,0.0,0.3333333333333333,9,0.8888888888888888,0.5555555555555556,1.0,1.8888888888888888,0.5,2.011111111111111,0.3333333333333333,0.1111111111111111,0.5555555555555556,9,-0.8888888888888888,-1.511111111111111,1.7777777777777777,2.0666666666666664,0.3333333333333333,1.7777777777777777,0.0
2022-12-03,208,ASD Calcio Pomigliano,UC Sampdoria,1,0,1.2,1.0,european_leagues,HOME_WIN,1.0,2.0,0.9727272727272727,1.7545454545454546,0.2727272727272727,0.09090909090909091,0.6363636363636364,11,-1.0,-0.781818181818182,0.6363636363636364,1.5454545454545454,1.2454545454545454,1.6181818181818182,0.2727272727272727,0.09090909090909091,0.6363636363636364,11,-0.9090909090909091,-0.3727272727272728,-0.09090909090909094,-0.40909090909090917,0.0,0.36363636363636365,-0.4545454545454546
2022-12-03,208,Internazionale,Juventus,0,2,1.2,2.3,european_leagues,AWAY_WIN,2.3636363636363638,1.1818181818181819,1.8,1.3363636363636362,0.45454545454545453,0.36363636363636365,0.18181818181818182,11,1.1818181818181819,0.46363636363636385,2.5454545454545454,0.9090909090909091,2.0090909090909093,0.8363636363636363,0.6363636363636364,0.2727272727272727,0.09090909090909091,11,1.6363636363636362,1.1727272727272728,-0.45454545454545436,-0.709090909090909,-0.18181818181818182,-0.18181818181818166,-0.2727272727272728
2022-12-04,230,Valencia,Atlético Madrid,0,1,0.4,1.7,european_leagues,AWAY_WIN,1.1818181818181819,0.9090909090909091,1.2909090909090908,1.1090909090909091,0.36363636363636365,0.2727272727272727,0.36363636363636365,11,0.2727272727272728,0.18181818181818166,1.9090909090909092,1.1818181818181819,1.8454545454545455,0.9,0.6363636363636364,0.18181818181818182,0.18181818181818182,11,0.7272727272727273,0.9454545454545454,-0.4545454545454545,-0.7636363636363638,-0.2727272727272727,-0.7272727272727273,0.2727272727272728
2022-12-04,230,Sporting Huelva,Alavés,2,2,1.7,0.4,european_leagues,DRAW,0.8181818181818182,1.8181818181818181,0.7545454545454546,1.8636363636363635,0.2727272727272727,0.2727272727272727,0.45454545454545453,11,-0.9999999999999999,-1.109090909090909,1.0,3.090909090909091,0.7818181818181817,2.109090909090909,0.09090909090909091,0.2727272727272727,0.6363636363636364,11,-2.090909090909091,-1.3272727272727272,1.0909090909090908,0.21818181818181825,0.1818181818181818,-0.18181818181818177,1.2727272727272727
2022-12-04,230,Alhama,Villarreal,0,1,0.6,1.1,european_leagues,AWAY_WIN,0.45454545454545453,2.0,0.7000000000000001,1.4909090909090912,0.09090909090909091,0.0,0.9090909090909091,11,-1.5454545454545454,-0.7909090909090911,0.9090909090909091,2.5454545454545454,0.9090909090909091,1.5454545454545454,0.2727272727272727,0.09090909090909091,0.6363636363636364,11,-1.6363636363636362,-0.6363636363636364,0.09090909090909083,-0.15454545454545476,-0.1818181818181818,-0.45454545454545453,0.5454545454545454
2022-12-04,230,Real Betis,Levante,0,7,0.1,5.3,european_leagues,AWAY_WIN,1.1818181818181819,2.3636363636363638,0.6272727272727273,2.2636363636363637,0.2727272727272727,0.09090909090909091,0.6363636363636364,11,-1.1818181818181819,-1.6363636363636362,2.727272727272727,1.2727272727272727,2.1454545454545455,0.8272727272727273,0.6363636363636364,0.18181818181818182,0.18181818181818182,11,1.4545454545454544,1.3181818181818183,-2.6363636363636362,-2.9545454545454546,-0.36363636363636365,-1.5454545454545452,-1.090909090909091
2022-12-04,189,Reading,Tottenham,1,0,1.3,0.9,european_leagues,HOME_WIN,1.1111111111111112,2.2222222222222223,0.8222222222222222,1.5444444444444445,0.2222222222222222,0.1111111111111111,0.6666666666666666,9,-1.1111111111111112,-0.7222222222222223,1.5714285714285714,1.7142857142857142,0.8714285714285713,0.9714285714285714,0.42857142857142855,0.0,0.5714285714285714,7,-0.1428571428571428,-0.10000000000000009,-0.9682539682539684,-0.6222222222222222,-0.20634920634920634,-0.46031746031746024,-0.5079365079365081
2022-12-04,189,Manchester City,Brighton,3,1,3.0,1.0,european_leagues,HOME_WIN,2.5,1.125,2.0,0.6875,0.75,0.0,0.25,8,1.375,1.3125,1.375,3.625,1.2875,2.0875,0.25,0.125,0.625,8,-2.25,-0.7999999999999998,3.625,2.1125,0.5,1.125,2.5
2022-12-04,189,Liverpool,West Ham,2,0,2.3,0.3,european_leagues,HOME_WIN,1.2222222222222223,1.7777777777777777,1.2555555555555555,1.3555555555555554,0.2222222222222222,0.2222222222222222,0.5555555555555556,9,-0.5555555555555554,-0.09999999999999987,1.4444444444444444,2.0,0.788888888888889,1.8555555555555554,0.4444444444444444,0.0,0.5555555555555556,9,-0.5555555555555556,-1.0666666666666664,2.220446049250313e-16,0.9666666666666666,-0.2222222222222222,-0.2222222222222221,0.22222222222222232
2022-12-04,193,Paris FC,Paris S-G,0,1,0.4,0.8,european_leagues,AWAY_WIN,1.7,0.9,1.48,0.89,0.5,0.3,0.2,10,0.7999999999999999,0.59,2.2,0.6,1.8699999999999999,0.37,0.8,0.2,0.0,10,1.6,1.5,-0.8000000000000002,-0.91,-0.30000000000000004,-0.5000000000000002,-0.30000000000000004
2022-12-04,183,Leverkusen,Turbine Potsdam,3,0,2.6,0.3,european_leagues,HOME_WIN,1.6666666666666667,1.5555555555555556,1.588888888888889,1.188888888888889,0.4444444444444444,0.0,0.5555555555555556,9,0.11111111111111116,0.3999999999999999,0.5555555555555556,2.7777777777777777,0.6111111111111112,2.2555555555555555,0.0,0.1111111111111111,0.8888888888888888,9,-2.2222222222222223,-1.6444444444444444,2.3333333333333335,2.0444444444444443,0.4444444444444444,1.1111111111111112,1.222222222222222
2022-12-04,183,SV Meppen,Köln,1,0,0.7,0.9,european_leagues,HOME_WIN,0.8888888888888888,1.0,0.8,1.4333333333333333,0.4444444444444444,0.0,0.5555555555555556,9,-0.11111111111111116,-0.6333333333333333,1.1111111111111112,1.8888888888888888,1.2888888888888888,1.4666666666666666,0.3333333333333333,0.0,0.6666666666666666,9,-0.7777777777777777,-0.1777777777777778,0.6666666666666665,-0.4555555555555555,0.1111111111111111,-0.22222222222222232,0.8888888888888888
2022-12-04,183,Essen,Werder Bremen,0,0,2.0,0.7,european_leagues,DRAW,0.7777777777777778,2.7777777777777777,1.1444444444444446,1.6444444444444446,0.2222222222222222,0.1111111111111111,0.6666666666666666,9,-2.0,-0.5,0.5555555555555556,1.7777777777777777,0.8444444444444444,1.411111111111111,0.0,0.3333333333333333,0.6666666666666666,9,-1.222222222222222,-0.5666666666666665,-0.7777777777777779,0.06666666666666654,0.2222222222222222,0.2222222222222222,-1.0
2022-12-04,208,Sassuolo,Parma Calcio 1913,2,2,1.6,1.6,european_leagues,DRAW,1.1818181818181819,1.5454545454545454,0.9090909090909091,1.9,0.18181818181818182,0.36363636363636365,0.45454545454545453,11,-0.36363636363636354,-0.9909090909090909,1.0,2.6363636363636362,1.0636363636363635,1.8363636363636362,0.09090909090909091,0.2727272727272727,0.6363636363636364,11,-1.6363636363636362,-0.7727272727272727,1.2727272727272727,-0.21818181818181814,0.09090909090909091,0.18181818181818188,1.0909090909090908
2022-12-04,208,AC Milan,AS Roma,0,2,0.6,1.5,european_leagues,AWAY_WIN,2.1818181818181817,2.0,1.5727272727272728,1.4090909090909092,0.45454545454545453,0.09090909090909091,0.45454545454545453,11,0.18181818181818166,0.16363636363636358,1.9090909090909092,0.2727272727272727,1.9454545454545453,0.43636363636363634,0.9090909090909091,0.0,0.09090909090909091,11,1.6363636363636365,1.509090909090909,-1.4545454545454548,-1.3454545454545455,-0.45454545454545453,0.2727272727272725,-1.7272727272727273
2022-12-04,208,FC Como Women,Fiorentina,2,3,1.0,1.3,european_leagues,AWAY_WIN,1.4545454545454546,2.272727272727273,1.1818181818181819,1.7636363636363634,0.09090909090909091,0.36363636363636365,0.5454545454545454,11,-0.8181818181818183,-0.5818181818181816,1.5454545454545454,1.4545454545454546,1.5363636363636366,1.3454545454545455,0.6363636363636364,0.09090909090909091,0.2727272727272727,11,0.09090909090909083,0.19090909090909114,-0.9090909090909092,-0.7727272727272727,-0.5454545454545454,-0.09090909090909083,-0.8181818181818183
2019-04-13 00:00:00,NWSL,North Carolina Courage,Red Stars,1,1,1.1,1.7,nwsl,DRAW,1.7894736842105263,0.8421052631578947,1.7719298245614035,1.036842105263158,0.5789473684210527,0.24561403508771928,0.17543859649122806,57,0.9473684210526316,0.7350877192982455,1.2307692307692308,1.6730769230769231,1.294230769230769,1.7326923076923075,0.38461538461538464,0.1346153846153846,0.4807692307692308,52,-0.4423076923076923,-0.43846153846153846,1.389676113360324,1.173549257759784,0.19433198380566802,0.5587044534412955,0.8309716599190284
2019-04-13 00:00:00,NWSL,Washington Spirit,Sky Blue FC,2,0,1.5,1.0,nwsl,HOME_WIN,1.5714285714285714,1.0714285714285714,1.7017857142857142,1.3267857142857142,0.5357142857142857,0.21428571428571427,0.25,56,0.5,0.375,0.8333333333333334,1.4166666666666667,1.1791666666666667,1.9541666666666666,0.20833333333333334,0.20833333333333334,0.5833333333333334,24,-0.5833333333333334,-0.7749999999999999,1.0833333333333335,1.15,0.32738095238095233,0.738095238095238,0.34523809523809534
2019-04-14 00:00:00,NWSL,Houston Dash,Reign,1,1,2.4,1.4,nwsl,DRAW,0.9642857142857143,1.2678571428571428,1.2732142857142856,1.4857142857142858,0.23214285714285715,0.32142857142857145,0.44642857142857145,56,-0.3035714285714285,-0.21250000000000013,1.1428571428571428,1.3928571428571428,1.2678571428571428,1.4535714285714287,0.32142857142857145,0.21428571428571427,0.4642857142857143,56,-0.25,-0.18571428571428594,-0.05357142857142849,-0.02678571428571419,-0.0892857142857143,-0.1785714285714285,0.125
2019-04-14 00:00:00,NWSL,Orlando Pride,Thorns,0,2,1.5,3.0,nwsl,AWAY_WIN,1.5535714285714286,1.1607142857142858,1.7142857142857142,1.3303571428571428,0.5,0.16071428571428573,0.3392857142857143,56,0.3928571428571428,0.3839285714285714,1.2678571428571428,1.4107142857142858,1.5160714285714287,1.3607142857142858,0.32142857142857145,0.23214285714285715,0.44642857142857145,56,-0.14285714285714302,0.15535714285714297,0.5357142857142858,0.22857142857142843,0.17857142857142855,0.2857142857142858,0.25
2019-04-17 00:00:00,NWSL,North Carolina Courage,Pride,5,0,2.6,0.4,nwsl,HOME_WIN,1.7894736842105263,0.8421052631578947,1.7719298245614035,1.036842105263158,0.5789473684210527,0.24561403508771928,0.17543859649122806,57,0.9473684210526316,0.7350877192982455,1.1636363636363636,1.4727272727272727,1.1709090909090911,1.6145454545454545,0.38181818181818183,0.18181818181818182,0.43636363636363634,55,-0.3090909090909091,-0.4436363636363634,1.2564593301435407,1.1787240829346088,0.19712918660287082,0.6258373205741627,0.630622009569378
2019-04-20 00:00:00,NWSL,Chicago Stars,Thorns,4,4,3.1,2.9,nwsl,DRAW,1.2698412698412698,1.492063492063492,1.2841269841269842,1.4936507936507935,0.4126984126984127,0.12698412698412698,0.4603174603174603,63,-0.22222222222222232,-0.20952380952380922,1.2678571428571428,1.4107142857142858,1.5160714285714287,1.3607142857142858,0.32142857142857145,0.23214285714285715,0.44642857142857145,56,-0.14285714285714302,0.15535714285714297,-0.0793650793650793,-0.3648809523809522,0.09126984126984122,0.001984126984126977,-0.08134920634920628
2019-04-20 00:00:00,NWSL,Sky Blue FC,Dash,0,1,1.2,2.4,nwsl,AWAY_WIN,0.8333333333333334,1.4166666666666667,1.1791666666666667,1.9541666666666666,0.20833333333333334,0.20833333333333334,0.5833333333333334,24,-0.5833333333333334,-0.7749999999999999,0.8867924528301887,1.471698113207547,1.0830188679245283,1.679245283018868,0.32075471698113206,0.1320754716981132,0.5471698113207547,53,-0.5849056603773584,-0.5962264150943397,0.0015723270440249904,-0.1787735849056602,-0.11242138364779872,-0.053459119496855334,0.055031446540880324
2019-04-20 00:00:00,NWSL,Utah Royals,Spirit,1,0,1.1,0.6,nwsl,HOME_WIN,0.9375,1.28125,1.225,1.496875,0.375,0.125,0.5,32,-0.34375,-0.27187499999999987,1.3818181818181818,1.1636363636363636,1.3563636363636362,1.3800000000000001,0.4727272727272727,0.2545454545454545,0.2727272727272727,55,0.21818181818181825,-0.0236363636363639,-0.5619318181818183,-0.24823863636363597,-0.09772727272727272,-0.44431818181818183,-0.11761363636363642
2019-04-21 00:00:00,NWSL,Seattle Reign FC,Pride,1,1,0.9,0.5,nwsl,DRAW,1.3157894736842106,1.087719298245614,1.4789473684210526,1.2333333333333334,0.47368421052631576,0.21052631578947367,0.3157894736842105,57,0.22807017543859653,0.24561403508771917,1.1636363636363636,1.4727272727272727,1.1709090909090911,1.6145454545454545,0.38181818181818183,0.18181818181818182,0.43636363636363634,55,-0.3090909090909091,-0.4436363636363634,0.5371610845295056,0.6892503987240826,0.09186602870813393,0.15215311004784704,0.3850079744816586
2019-04-27 00:00:00,NWSL,Orlando Pride,Royals,0,1,0.8,1.8,nwsl,AWAY_WIN,1.5535714285714286,1.1607142857142858,1.7142857142857142,1.3303571428571428,0.5,0.16071428571428573,0.3392857142857143,56,0.3928571428571428,0.3839285714285714,0.9032258064516129,1.7096774193548387,1.1548387096774193,1.9548387096774194,0.1935483870967742,0.1935483870967742,0.6129032258064516,31,-0.8064516129032259,-0.8,1.1993087557603688,1.1839285714285714,0.3064516129032258,0.6503456221198157,0.5489631336405529
2019-04-28 00:00:00,NWSL,Chicago Stars,Reign,3,0,2.9,1.5,nwsl,HOME_WIN,1.2698412698412698,1.492063492063492,1.2841269841269842,1.4936507936507935,0.4126984126984127,0.12698412698412698,0.4603174603174603,63,-0.22222222222222232,-0.20952380952380922,1.1428571428571428,1.3928571428571428,1.2678571428571428,1.4535714285714287,0.32142857142857145,0.21428571428571427,0.4642857142857143,56,-0.25,-0.18571428571428594,0.02777777777777768,-0.02380952380952328,0.09126984126984122,0.12698412698412698,-0.0992063492063493
2019-04-28 00:00:00,NWSL,Sky Blue FC,Thorns,2,2,1.3,1.6,nwsl,DRAW,0.8333333333333334,1.4166666666666667,1.1791666666666667,1.9541666666666666,0.20833333333333334,0.20833333333333334,0.5833333333333334,24,-0.5833333333333334,-0.7749999999999999,1.2678571428571428,1.4107142857142858,1.5160714285714287,1.3607142857142858,0.32142857142857145,0.23214285714285715,0.44642857142857145,56,-0.14285714285714302,0.15535714285714297,-0.44047619047619035,-0.9303571428571429,-0.11309523809523811,-0.4345238095238094,-0.005952380952380931
2019-04-28 00:00:00,NWSL,Houston Dash,Courage,1,4,0.9,3.0,nwsl,AWAY_WIN,0.9642857142857143,1.2678571428571428,1.2732142857142856,1.4857142857142858,0.23214285714285715,0.32142857142857145,0.44642857142857145,56,-0.3035714285714285,-0.21250000000000013,1.2105263157894737,1.280701754385965,1.5385964912280703,1.4421052631578948,0.3333333333333333,0.14035087719298245,0.5263157894736842,57,-0.07017543859649122,0.09649122807017552,-0.23339598997493727,-0.30899122807017565,-0.10119047619047616,-0.24624060150375937,0.012844611528822103
2019-05-03 00:00:00,NWSL,Utah Royals,Red Stars,1,0,0.8,0.8,nwsl,HOME_WIN,0.9375,1.28125,1.225,1.496875,0.375,0.125,0.5,32,-0.34375,-0.27187499999999987,1.2307692307692308,1.6730769230769231,1.294230769230769,1.7326923076923075,0.38461538461538464,0.1346153846153846,0.4807692307692308,52,-0.4423076923076923,-0.43846153846153846,0.09855769230769229,0.1665865384615386,-0.009615384615384637,-0.29326923076923084,0.39182692307692313
2019-05-04 00:00:00,NWSL,North Carolina Courage,Sky Blue FC,0,0,1.9,0.9,nwsl,DRAW,1.7894736842105263,0.8421052631578947,1.7719298245614035,1.036842105263158,0.5789473684210527,0.24561403508771928,0.17543859649122806,57,0.9473684210526316,0.7350877192982455,0.8333333333333334,1.4166666666666667,1.1791666666666667,1.9541666666666666,0.20833333333333334,0.20833333333333334,0.5833333333333334,24,-0.5833333333333334,-0.7749999999999999,1.530701754385965,1.5100877192982454,0.3706140350877193,0.956140350877193,0.574561403508772
2019-05-04 00:00:00,NWSL,Washington Spirit,Reign,0,0,1.0,1.6,nwsl,DRAW,1.5714285714285714,1.0714285714285714,1.7017857142857142,1.3267857142857142,0.5357142857142857,0.21428571428571427,0.25,56,0.5,0.375,1.1428571428571428,1.3928571428571428,1.2678571428571428,1.4535714285714287,0.32142857142857145,0.21428571428571427,0.4642857142857143,56,-0.25,-0.18571428571428594,0.75,0.5607142857142859,0.21428571428571425,0.4285714285714286,0.3214285714285714
2019-05-05 00:00:00,NWSL,Houston Dash,Pride,1,0,1.3,0.6,nwsl,HOME_WIN,0.9642857142857143,1.2678571428571428,1.2732142857142856,1.4857142857142858,0.23214285714285715,0.32142857142857145,0.44642857142857145,56,-0.3035714285714285,-0.21250000000000013,1.1636363636363636,1.4727272727272727,1.1709090909090911,1.6145454545454545,0.38181818181818183,0.18181818181818182,0.43636363636363634,55,-0.3090909090909091,-0.4436363636363634,0.005519480519480591,0.23113636363636325,-0.14967532467532468,-0.19935064935064928,0.20487012987012987
2019-05-11 00:00:00,NWSL,Sky Blue FC,Spirit,2,3,1.4,1.8,nwsl,AWAY_WIN,0.8333333333333334,1.4166666666666667,1.1791666666666667,1.9541666666666666,0.20833333333333334,0.20833333333333334,0.5833333333333334,24,-0.5833333333333334,-0.7749999999999999,1.3818181818181818,1.1636363636363636,1.3563636363636362,1.3800000000000001,0.4727272727272727,0.2545454545454545,0.2727272727272727,55,0.21818181818181825,-0.0236363636363639,-0.8015151515151516,-0.751363636363636,-0.2643939393939394,-0.5484848484848485,-0.25303030303030316
2019-05-11 00:00:00,NWSL,Orlando Pride,Thorns,1,3,1.0,2.1,nwsl,AWAY_WIN,1.5535714285714286,1.1607142857142858,1.7142857142857142,1.3303571428571428,0.5,0.16071428571428573,0.3392857142857143,56,0.3928571428571428,0.3839285714285714,1.2678571428571428,1.4107142857142858,1.5160714285714287,1.3607142857142858,0.32142857142857145,0.23214285714285715,0.44642857142857145,56,-0.14285714285714302,0.15535714285714297,0.5357142857142858,0.22857142857142843,0.17857142857142855,0.2857142857142858,0.25
2019-05-11 00:00:00,NWSL,Utah Royals,Dash,1,2,0.6,0.6,nwsl,AWAY_WIN,0.9375,1.28125,1.225,1.496875,0.375,0.125,0.5,32,-0.34375,-0.27187499999999987,0.8867924528301887,1.471698113207547,1.0830188679245283,1.679245283018868,0.32075471698113206,0.1320754716981132,0.5471698113207547,53,-0.5849056603773584,-0.5962264150943397,0.24115566037735836,0.32435141509433985,0.05424528301886794,0.050707547169811296,0.19044811320754707
2019-05-12 00:00:00,NWSL,Chicago Stars,Courage,3,1,1.9,2.1,nwsl,HOME_WIN,1.2698412698412698,1.492063492063492,1.2841269841269842,1.4936507936507935,0.4126984126984127,0.12698412698412698,0.4603174603174603,63,-0.22222222222222232,-0.20952380952380922,1.2105263157894737,1.280701754385965,1.5385964912280703,1.4421052631578948,0.3333333333333333,0.14035087719298245,0.5263157894736842,57,-0.07017543859649122,0.09649122807017552,-0.1520467836257311,-0.30601503759398474,0.07936507936507936,0.0593149540517961,-0.2113617376775272
2019-05-18 00:00:00,NWSL,Seattle Reign FC,Sky Blue FC,2,1,2.5,1.5,nwsl,HOME_WIN,1.3157894736842106,1.087719298245614,1.4789473684210526,1.2333333333333334,0.47368421052631576,0.21052631578947367,0.3157894736842105,57,0.22807017543859653,0.24561403508771917,0.8333333333333334,1.4166666666666667,1.1791666666666667,1.9541666666666666,0.20833333333333334,0.20833333333333334,0.5833333333333334,24,-0.5833333333333334,-0.7749999999999999,0.8114035087719299,1.020614035087719,0.26535087719298245,0.48245614035087725,0.32894736842105265
2019-05-18 00:00:00,NWSL,Washington Spirit,Thorns,3,1,1.2,1.6,nwsl,HOME_WIN,1.5714285714285714,1.0714285714285714,1.7017857142857142,1.3267857142857142,0.5357142857142857,0.21428571428571427,0.25,56,0.5,0.375,1.2678571428571428,1.4107142857142858,1.5160714285714287,1.3607142857142858,0.32142857142857145,0.23214285714285715,0.44642857142857145,56,-0.14285714285714302,0.15535714285714297,0.642857142857143,0.21964285714285703,0.21428571428571425,0.3035714285714286,0.3392857142857144
2019-05-19 00:00:00,NWSL,Houston Dash,Red Stars,1,2,0.5,2.5,nwsl,AWAY_WIN,0.9642857142857143,1.2678571428571428,1.2732142857142856,1.4857142857142858,0.23214285714285715,0.32142857142857145,0.44642857142857145,56,-0.3035714285714285,-0.21250000000000013,1.2307692307692308,1.6730769230769231,1.294230769230769,1.7326923076923075,0.38461538461538464,0.1346153846153846,0.4807692307692308,52,-0.4423076923076923,-0.43846153846153846,0.1387362637362638,0.22596153846153832,-0.15247252747252749,-0.26648351648351654,0.40521978021978033
2019-05-19 00:00:00,NWSL,North Carolina Courage,Royals,1,1,1.8,0.3,nwsl,DRAW,1.7894736842105263,0.8421052631578947,1.7719298245614035,1.036842105263158,0.5789473684210527,0.24561403508771928,0.17543859649122806,57,0.9473684210526316,0.7350877192982455,0.9032258064516129,1.7096774193548387,1.1548387096774193,1.9548387096774194,0.1935483870967742,0.1935483870967742,0.6129032258064516,31,-0.8064516129032259,-0.8,1.7538200339558574,1.5350877192982455,0.38539898132427847,0.8862478777589134,0.867572156196944
2019-05-25 00:00:00,NWSL,Sky Blue FC,Thorns,0,1,0.5,2.2,nwsl,AWAY_WIN,0.8333333333333334,1.4166666666666667,1.1791666666666667,1.9541666666666666,0.20833333333333334,0.20833333333333334,0.5833333333333334,24,-0.5833333333333334,-0.7749999999999999,1.2678571428571428,1.4107142857142858,1.5160714285714287,1.3607142857142858,0.32142857142857145,0.23214285714285715,0.44642857142857145,56,-0.14285714285714302,0.15535714285714297,-0.44047619047619035,-0.9303571428571429,-0.11309523809523811,-0.4345238095238094,-0.005952380952380931
2019-05-25 00:00:00,NWSL,Utah Royals,Pride,2,0,3.2,1.1,nwsl,HOME_WIN,0.9375,1.28125,1.225,1.496875,0.375,0.125,0.5,32,-0.34375,-0.27187499999999987,1.1636363636363636,1.4727272727272727,1.1709090909090911,1.6145454545454545,0.38181818181818183,0.18181818181818182,0.43636363636363634,55,-0.3090909090909091,-0.4436363636363634,-0.03465909090909092,0.17176136363636352,-0.006818181818181834,-0.22613636363636358,0.19147727272727266
2019-05-26 00:00:00,NWSL,Chicago Stars,Spirit,0,2,1.4,0.7,nwsl,AWAY_WIN,1.2698412698412698,1.492063492063492,1.2841269841269842,1.4936507936507935,0.4126984126984127,0.12698412698412698,0.4603174603174603,63,-0.22222222222222232,-0.20952380952380922,1.3818181818181818,1.1636363636363636,1.3563636363636362,1.3800000000000001,0.4727272727272727,0.2545454545454545,0.2727272727272727,55,0.21818181818181825,-0.0236363636363639,-0.4404040404040406,-0.18588744588744532,-0.06002886002886004,-0.11197691197691206,-0.3284271284271285
2019-05-27 00:00:00,NWSL,Seattle Reign FC,Courage,2,1,0.9,1.5,nwsl,HOME_WIN,1.3157894736842106,1.087719298245614,1.4789473684210526,1.2333333333333334,0.47368421052631576,0.21052631578947367,0.3157894736842105,57,0.22807017543859653,0.24561403508771917,1.2105263157894737,1.280701754385965,1.5385964912280703,1.4421052631578948,0.3333333333333333,0.14035087719298245,0.5263157894736842,57,-0.07017543859649122,0.09649122807017552,0.29824561403508776,0.14912280701754366,0.14035087719298245,0.10526315789473695,0.1929824561403508
2019-06-01 00:00:00,NWSL,Orlando Pride,Courage,0,3,0.9,1.4,nwsl,AWAY_WIN,1.5535714285714286,1.1607142857142858,1.7142857142857142,1.3303571428571428,0.5,0.16071428571428573,0.3392857142857143,56,0.3928571428571428,0.3839285714285714,1.2105263157894737,1.280701754385965,1.5385964912280703,1.4421052631578948,0.3333333333333333,0.14035087719298245,0.5263157894736842,57,-0.07017543859649122,0.09649122807017552,0.463032581453634,0.2874373433583959,0.16666666666666669,0.34304511278195493,0.11998746867167909
2019-06-01 00:00:00,NWSL,Washington Spirit,Royals,2,0,0.9,0.6,nwsl,HOME_WIN,1.5714285714285714,1.0714285714285714,1.7017857142857142,1.3267857142857142,0.5357142857142857,0.21428571428571427,0.25,56,0.5,0.375,0.9032258064516129,1.7096774193548387,1.1548387096774193,1.9548387096774194,0.1935483870967742,0.1935483870967742,0.6129032258064516,31,-0.8064516129032259,-0.8,1.306451612903226,1.175,0.3421658986175115,0.6682027649769585,0.6382488479262673
2019-06-02 00:00:00,NWSL,Portland Thorns FC,Red Stars,3,0,3.1,1.6,nwsl,HOME_WIN,1.75,0.9642857142857143,1.9107142857142858,1.075,0.5535714285714286,0.21428571428571427,0.23214285714285715,56,0.7857142857142857,0.8357142857142859,1.2307692307692308,1.6730769230769231,1.294230769230769,1.7326923076923075,0.38461538461538464,0.1346153846153846,0.4807692307692308,52,-0.4423076923076923,-0.43846153846153846,1.228021978021978,1.2741758241758243,0.16895604395604397,0.5192307692307692,0.7087912087912088
2019-06-02 00:00:00,NWSL,Seattle Reign FC,Dash,1,1,1.8,1.4,nwsl,DRAW,1.3157894736842106,1.087719298245614,1.4789473684210526,1.2333333333333334,0.47368421052631576,0.21052631578947367,0.3157894736842105,57,0.22807017543859653,0.24561403508771917,0.8867924528301887,1.471698113207547,1.0830188679245283,1.679245283018868,0.32075471698113206,0.1320754716981132,0.5471698113207547,53,-0.5849056603773584,-0.5962264150943397,0.8129758358159549,0.8418404501820589,0.1529294935451837,0.4289970208540219,0.383978814961933
2019-06-15 00:00:00,NWSL,Houston Dash,Pride,2,2,2.5,1.1,nwsl,DRAW,0.9642857142857143,1.2678571428571428,1.2732142857142856,1.4857142857142858,0.23214285714285715,0.32142857142857145,0.44642857142857145,56,-0.3035714285714285,-0.21250000000000013,1.1636363636363636,1.4727272727272727,1.1709090909090911,1.6145454545454545,0.38181818181818183,0.18181818181818182,0.43636363636363634,55,-0.3090909090909091,-0.4436363636363634,0.005519480519480591,0.23113636363636325,-0.14967532467532468,-0.19935064935064928,0.20487012987012987
2019-06-15 00:00:00,NWSL,North Carolina Courage,Thorns,1,1,1.3,0.5,nwsl,DRAW,1.7894736842105263,0.8421052631578947,1.7719298245614035,1.036842105263158,0.5789473684210527,0.24561403508771928,0.17543859649122806,57,0.9473684210526316,0.7350877192982455,1.2678571428571428,1.4107142857142858,1.5160714285714287,1.3607142857142858,0.32142857142857145,0.23214285714285715,0.44642857142857145,56,-0.14285714285714302,0.15535714285714297,1.0902255639097747,0.5797305764411025,0.2575187969924812,0.5216165413533835,0.5686090225563911
2019-06-15 00:00:00,NWSL,Seattle Reign FC,Spirit,1,1,2.2,0.8,nwsl,DRAW,1.3157894736842106,1.087719298245614,1.4789473684210526,1.2333333333333334,0.47368421052631576,0.21052631578947367,0.3157894736842105,57,0.22807017543859653,0.24561403508771917,1.3818181818181818,1.1636363636363636,1.3563636363636362,1.3800000000000001,0.4727272727272727,0.2545454545454545,0.2727272727272727,55,0.21818181818181825,-0.0236363636363639,0.00988835725677828,0.2692503987240831,0.000956937799043045,-0.06602870813397121,0.0759170653907495
2019-06-15 00:00:00,NWSL,Utah Royals,Sky Blue FC,1,0,1.6,1.6,nwsl,HOME_WIN,0.9375,1.28125,1.225,1.496875,0.375,0.125,0.5,32,-0.34375,-0.27187499999999987,0.8333333333333334,1.4166666666666667,1.1791666666666667,1.9541666666666666,0.20833333333333334,0.20833333333333334,0.5833333333333334,24,-0.5833333333333334,-0.7749999999999999,0.23958333333333337,0.503125,0.16666666666666666,0.10416666666666663,0.13541666666666674
2019-06-21 00:00:00,NWSL,Portland Thorns FC,Royals,0,0,1.2,0.3,nwsl,DRAW,1.75,0.9642857142857143,1.9107142857142858,1.075,0.5535714285714286,0.21428571428571427,0.23214285714285715,56,0.7857142857142857,0.8357142857142859,0.9032258064516129,1.7096774193548387,1.1548387096774193,1.9548387096774194,0.1935483870967742,0.1935483870967742,0.6129032258064516,31,-0.8064516129032259,-0.8,1.5921658986175116,1.635714285714286,0.3600230414746544,0.8467741935483871,0.7453917050691244
2019-06-22 00:00:00,NWSL,Sky Blue FC,Pride,1,2,2.8,1.3,nwsl,AWAY_WIN,0.8333333333333334,1.4166666666666667,1.1791666666666667,1.9541666666666666,0.20833333333333334,0.20833333333333334,0.5833333333333334,24,-0.5833333333333334,-0.7749999999999999,1.1636363636363636,1.4727272727272727,1.1709090909090911,1.6145454545454545,0.38181818181818183,0.18181818181818182,0.43636363636363634,55,-0.3090909090909091,-0.4436363636363634,-0.2742424242424243,-0.3313636363636365,-0.1734848484848485,-0.3303030303030302,0.05606060606060592
2019-06-22 00:00:00,NWSL,Washington Spirit,Dash,0,0,1.4,0.2,nwsl,DRAW,1.5714285714285714,1.0714285714285714,1.7017857142857142,1.3267857142857142,0.5357142857142857,0.21428571428571427,0.25,56,0.5,0.375,0.8867924528301887,1.471698113207547,1.0830188679245283,1.679245283018868,0.32075471698113206,0.1320754716981132,0.5471698113207547,53,-0.5849056603773584,-0.5962264150943397,1.0849056603773584,0.9712264150943397,0.21495956873315364,0.6846361185983827,0.40026954177897567
2019-06-23 00:00:00,NWSL,Chicago Stars,Reign,0,1,0.7,2.0,nwsl,AWAY_WIN,1.2698412698412698,1.492063492063492,1.2841269841269842,1.4936507936507935,0.4126984126984127,0.12698412698412698,0.4603174603174603,63,-0.22222222222222232,-0.20952380952380922,1.1428571428571428,1.3928571428571428,1.2678571428571428,1.4535714285714287,0.32142857142857145,0.21428571428571427,0.4642857142857143,56,-0.25,-0.18571428571428594,0.02777777777777768,-0.02380952380952328,0.09126984126984122,0.12698412698412698,-0.0992063492063493
2019-06-28 00:00:00,NWSL,Utah Royals,Reign,0,2,1.0,1.8,nwsl,AWAY_WIN,0.9375,1.28125,1.225,1.496875,0.375,0.125,0.5,32,-0.34375,-0.27187499999999987,1.1428571428571428,1.3928571428571428,1.2678571428571428,1.4535714285714287,0.32142857142857145,0.21428571428571427,0.4642857142857143,56,-0.25,-0.18571428571428594,-0.09375,-0.08616071428571392,0.05357142857142855,-0.2053571428571428,0.1116071428571428
2019-06-29 00:00:00,NWSL,Houston Dash,Thorns,1,2,1.7,0.9,nwsl,AWAY_WIN,0.9642857142857143,1.2678571428571428,1.2732142857142856,1.4857142857142858,0.23214285714285715,0.32142857142857145,0.44642857142857145,56,-0.3035714285714285,-0.21250000000000013,1.2678571428571428,1.4107142857142858,1.5160714285714287,1.3607142857142858,0.32142857142857145,0.23214285714285715,0.44642857142857145,56,-0.14285714285714302,0.15535714285714297,-0.16071428571428548,-0.3678571428571431,-0.0892857142857143,-0.3035714285714285,0.14285714285714302
2019-06-29 00:00:00,NWSL,Washington Spirit,Courage,1,2,0.9,2.4,nwsl,AWAY_WIN,1.5714285714285714,1.0714285714285714,1.7017857142857142,1.3267857142857142,0.5357142857142857,0.21428571428571427,0.25,56,0.5,0.375,1.2105263157894737,1.280701754385965,1.5385964912280703,1.4421052631578948,0.3333333333333333,0.14035087719298245,0.5263157894736842,57,-0.07017543859649122,0.09649122807017552,0.5701754385964912,0.2785087719298245,0.20238095238095238,0.3609022556390977,0.2092731829573935
2019-06-30 00:00:00,NWSL,Orlando Pride,Red Stars,2,3,1.9,2.3,nwsl,AWAY_WIN,1.5535714285714286,1.1607142857142858,1.7142857142857142,1.3303571428571428,0.5,0.16071428571428573,0.3392857142857143,56,0.3928571428571428,0.3839285714285714,1.2307692307692308,1.6730769230769231,1.294230769230769,1.7326923076923075,0.38461538461538464,0.1346153846153846,0.4807692307692308,52,-0.4423076923076923,-0.43846153846153846,0.8351648351648351,0.8223901098901099,0.11538461538461536,0.32280219780219777,0.5123626373626373
2019-07-05 00:00:00,NWSL,North Carolina Courage,Dash,5,2,2.6,0.9,nwsl,HOME_WIN,1.7894736842105263,0.8421052631578947,1.7719298245614035,1.036842105263158,0.5789473684210527,0.24561403508771928,0.17543859649122806,57,0.9473684210526316,0.7350877192982455,0.8867924528301887,1.471698113207547,1.0830188679245283,1.679245283018868,0.32075471698113206,0.1320754716981132,0.5471698113207547,53,-0.5849056603773584,-0.5962264150943397,1.53227408142999,1.3313141343925852,0.2581926514399206,0.9026812313803376,0.6295928500496524
2019-07-05 00:00:00,NWSL,Portland Thorns FC,Reign,0,1,1.1,0.3,nwsl,AWAY_WIN,1.75,0.9642857142857143,1.9107142857142858,1.075,0.5535714285714286,0.21428571428571427,0.23214285714285715,56,0.7857142857142857,0.8357142857142859,1.1428571428571428,1.3928571428571428,1.2678571428571428,1.4535714285714287,0.32142857142857145,0.21428571428571427,0.4642857142857143,56,-0.25,-0.18571428571428594,1.0357142857142856,1.0214285714285718,0.23214285714285715,0.6071428571428572,0.4285714285714285
2019-07-06 00:00:00,NWSL,Chicago Stars,Sky Blue FC,1,2,2.6,1.6,nwsl,AWAY_WIN,1.2698412698412698,1.492063492063492,1.2841269841269842,1.4936507936507935,0.4126984126984127,0.12698412698412698,0.4603174603174603,63,-0.22222222222222232,-0.20952380952380922,0.8333333333333334,1.4166666666666667,1.1791666666666667,1.9541666666666666,0.20833333333333334,0.20833333333333334,0.5833333333333334,24,-0.5833333333333334,-0.7749999999999999,0.36111111111111105,0.5654761904761907,0.20436507936507933,0.4365079365079364,-0.07539682539682535
2019-07-06 00:00:00,NWSL,Orlando Pride,Spirit,4,3,3.1,3.1,nwsl,HOME_WIN,1.5535714285714286,1.1607142857142858,1.7142857142857142,1.3303571428571428,0.5,0.16071428571428573,0.3392857142857143,56,0.3928571428571428,0.3839285714285714,1.3818181818181818,1.1636363636363636,1.3563636363636362,1.3800000000000001,0.4727272727272727,0.2545454545454545,0.2727272727272727,55,0.21818181818181825,-0.0236363636363639,0.17467532467532454,0.4075649350649353,0.027272727272727282,0.17175324675324677,0.0029220779220777704
2019-07-12 00:00:00,NWSL,Sky Blue FC,Royals,1,0,1.5,0.8,nwsl,HOME_WIN,0.8333333333333334,1.4166666666666667,1.1791666666666667,1.9541666666666666,0.20833333333333334,0.20833333333333334,0.5833333333333334,24,-0.5833333333333334,-0.7749999999999999,0.9032258064516129,1.7096774193548387,1.1548387096774193,1.9548387096774194,0.1935483870967742,0.1935483870967742,0.6129032258064516,31,-0.8064516129032259,-0.8,0.2231182795698925,0.025000000000000133,0.014784946236559154,-0.06989247311827951,0.293010752688172
2019-07-13 00:00:00,NWSL,Houston Dash,Red Stars,0,1,0.5,0.3,nwsl,AWAY_WIN,0.9642857142857143,1.2678571428571428,1.2732142857142856,1.4857142857142858,0.23214285714285715,0.32142857142857145,0.44642857142857145,56,-0.3035714285714285,-0.21250000000000013,1.2307692307692308,1.6730769230769231,1.294230769230769,1.7326923076923075,0.38461538461538464,0.1346153846153846,0.4807692307692308,52,-0.4423076923076923,-0.43846153846153846,0.1387362637362638,0.22596153846153832,-0.15247252747252749,-0.26648351648351654,0.40521978021978033
2019-07-13 00:00:00,NWSL,North Carolina Courage,Reign,2,0,1.8,0.4,nwsl,HOME_WIN,1.7894736842105263,0.8421052631578947,1.7719298245614035,1.036842105263158,0.5789473684210527,0.24561403508771928,0.17543859649122806,57,0.9473684210526316,0.7350877192982455,1.1428571428571428,1.3928571428571428,1.2678571428571428,1.4535714285714287,0.32142857142857145,0.21428571428571427,0.4642857142857143,56,-0.25,-0.18571428571428594,1.1973684210526316,0.9208020050125314,0.2575187969924812,0.6466165413533835,0.5507518796992481
2019-07-14 00:00:00,NWSL,Portland Thorns FC,Pride,4,3,2.9,0.5,nwsl,HOME_WIN,1.75,0.9642857142857143,1.9107142857142858,1.075,0.5535714285714286,0.21428571428571427,0.23214285714285715,56,0.7857142857142857,0.8357142857142859,1.1636363636363636,1.4727272727272727,1.1709090909090911,1.6145454545454545,0.38181818181818183,0.18181818181818182,0.43636363636363634,55,-0.3090909090909091,-0.4436363636363634,1.0948051948051947,1.2793506493506492,0.17175324675324677,0.5863636363636364,0.5084415584415584
2019-07-19 00:00:00,NWSL,Utah Royals,Thorns,2,2,1.9,0.2,nwsl,DRAW,0.9375,1.28125,1.225,1.496875,0.375,0.125,0.5,32,-0.34375,-0.27187499999999987,1.2678571428571428,1.4107142857142858,1.5160714285714287,1.3607142857142858,0.32142857142857145,0.23214285714285715,0.44642857142857145,56,-0.14285714285714302,0.15535714285714297,-0.20089285714285698,-0.42723214285714284,0.05357142857142855,-0.3303571428571428,0.1294642857142858
2019-07-20 00:00:00,NWSL,Orlando Pride,Sky Blue FC,1,0,2.1,0.4,nwsl,HOME_WIN,1.5535714285714286,1.1607142857142858,1.7142857142857142,1.3303571428571428,0.5,0.16071428571428573,0.3392857142857143,56,0.3928571428571428,0.3839285714285714,0.8333333333333334,1.4166666666666667,1.1791666666666667,1.9541666666666666,0.20833333333333334,0.20833333333333334,0.5833333333333334,24,-0.5833333333333334,-0.7749999999999999,0.9761904761904762,1.1589285714285713,0.29166666666666663,0.7202380952380952,0.25595238095238093
2019-07-20 00:00:00,NWSL,Washington Spirit,Dash,1,2,1.6,0.9,nwsl,AWAY_WIN,1.5714285714285714,1.0714285714285714,1.7017857142857142,1.3267857142857142,0.5357142857142857,0.21428571428571427,0.25,56,0.5,0.375,0.8867924528301887,1.471698113207547,1.0830188679245283,1.679245283018868,0.32075471698113206,0.1320754716981132,0.5471698113207547,53,-0.5849056603773584,-0.5962264150943397,1.0849056603773584,0.9712264150943397,0.21495956873315364,0.6846361185983827,0.40026954177897567
2019-07-21 00:00:00,NWSL,Chicago Stars,Courage,2,1,1.7,3.2,nwsl,HOME_WIN,1.2698412698412698,1.492063492063492,1.2841269841269842,1.4936507936507935,0.4126984126984127,0.12698412698412698,0.4603174603174603,63,-0.22222222222222232,-0.20952380952380922,1.2105263157894737,1.280701754385965,1.5385964912280703,1.4421052631578948,0.3333333333333333,0.14035087719298245,0.5263157894736842,57,-0.07017543859649122,0.09649122807017552,-0.1520467836257311,-0.30601503759398474,0.07936507936507936,0.0593149540517961,-0.2113617376775272
2019-07-24 00:00:00,NWSL,Sky Blue FC,Spirit,0,1,0.3,1.3,nwsl,AWAY_WIN,0.8333333333333334,1.4166666666666667,1.1791666666666667,1.9541666666666666,0.20833333333333334,0.20833333333333334,0.5833333333333334,24,-0.5833333333333334,-0.7749999999999999,1.3818181818181818,1.1636363636363636,1.3563636363636362,1.3800000000000001,0.4727272727272727,0.2545454545454545,0.2727272727272727,55,0.21818181818181825,-0.0236363636363639,-0.8015151515151516,-0.751363636363636,-0.2643939393939394,-0.5484848484848485,-0.25303030303030316
2019-07-24 00:00:00,NWSL,Portland Thorns FC,Dash,5,0,3.6,0.8,nwsl,HOME_WIN,1.75,0.9642857142857143,1.9107142857142858,1.075,0.5535714285714286,0.21428571428571427,0.23214285714285715,56,0.7857142857142857,0.8357142857142859,0.8867924528301887,1.471698113207547,1.0830188679245283,1.679245283018868,0.32075471698113206,0.1320754716981132,0.5471698113207547,53,-0.5849056603773584,-0.5962264150943397,1.3706199460916442,1.4319407008086256,0.23281671159029654,0.8632075471698113,0.5074123989218328
2019-07-27 00:00:00,NWSL,Utah Royals,Courage,1,2,0.4,1.1,nwsl,AWAY_WIN,0.9375,1.28125,1.225,1.496875,0.375,0.125,0.5,32,-0.34375,-0.27187499999999987,1.2105263157894737,1.280701754385965,1.5385964912280703,1.4421052631578948,0.3333333333333333,0.14035087719298245,0.5263157894736842,57,-0.07017543859649122,0.09649122807017552,-0.2735745614035088,-0.3683662280701754,0.041666666666666685,-0.2730263157894737,-0.0005482456140351033
2019-07-28 00:00:00,NWSL,Houston Dash,Sky Blue FC,1,0,1.8,0.5,nwsl,HOME_WIN,0.9642857142857143,1.2678571428571428,1.2732142857142856,1.4857142857142858,0.23214285714285715,0.32142857142857145,0.44642857142857145,56,-0.3035714285714285,-0.21250000000000013,0.8333333333333334,1.4166666666666667,1.1791666666666667,1.9541666666666666,0.20833333333333334,0.20833333333333334,0.5833333333333334,24,-0.5833333333333334,-0.7749999999999999,0.2797619047619049,0.5624999999999998,0.023809523809523808,0.13095238095238093,0.14880952380952395
2019-07-28 00:00:00,NWSL,Seattle Reign FC,Red Stars,0,4,2.0,2.4,nwsl,AWAY_WIN,1.3157894736842106,1.087719298245614,1.4789473684210526,1.2333333333333334,0.47368421052631576,0.21052631578947367,0.3157894736842105,57,0.22807017543859653,0.24561403508771917,1.2307692307692308,1.6730769230769231,1.294230769230769,1.7326923076923075,0.38461538461538464,0.1346153846153846,0.4807692307692308,52,-0.4423076923076923,-0.43846153846153846,0.6703778677462888,0.6840755735492576,0.08906882591093113,0.08502024291497978,0.585357624831309
2019-08-02 00:00:00,NWSL,Houston Dash,Reign,0,1,1.6,0.9,nwsl,AWAY_WIN,0.9642857142857143,1.2678571428571428,1.2732142857142856,1.4857142857142858,0.23214285714285715,0.32142857142857145,0.44642857142857145,56,-0.3035714285714285,-0.21250000000000013,1.1428571428571428,1.3928571428571428,1.2678571428571428,1.4535714285714287,0.32142857142857145,0.21428571428571427,0.4642857142857143,56,-0.25,-0.18571428571428594,-0.05357142857142849,-0.02678571428571419,-0.0892857142857143,-0.1785714285714285,0.125
2019-08-02 00:00:00,NWSL,North Carolina Courage,Spirit,1,0,2.5,0.7,nwsl,HOME_WIN,1.7894736842105263,0.8421052631578947,1.7719298245614035,1.036842105263158,0.5789473684210527,0.24561403508771928,0.17543859649122806,57,0.9473684210526316,0.7350877192982455,1.3818181818181818,1.1636363636363636,1.3563636363636362,1.3800000000000001,0.4727272727272727,0.2545454545454545,0.2727272727272727,55,0.21818181818181825,-0.0236363636363639,0.7291866028708134,0.7587240829346094,0.10622009569377994,0.4076555023923445,0.3215311004784689
2019-08-03 00:00:00,NWSL,Chicago Stars,Royals,2,0,3.0,1.7,nwsl,HOME_WIN,1.2698412698412698,1.492063492063492,1.2841269841269842,1.4936507936507935,0.4126984126984127,0.12698412698412698,0.4603174603174603,63,-0.22222222222222232,-0.20952380952380922,0.9032258064516129,1.7096774193548387,1.1548387096774193,1.9548387096774194,0.1935483870967742,0.1935483870967742,0.6129032258064516,31,-0.8064516129032259,-0.8,0.5842293906810035,0.5904761904761908,0.2191500256016385,0.3666154633896569,0.21761392729134665
2019-08-03 00:00:00,NWSL,Portland Thorns FC,Sky Blue FC,1,1,2.3,0.7,nwsl,DRAW,1.75,0.9642857142857143,1.9107142857142858,1.075,0.5535714285714286,0.21428571428571427,0.23214285714285715,56,0.7857142857142857,0.8357142857142859,0.8333333333333334,1.4166666666666667,1.1791666666666667,1.9541666666666666,0.20833333333333334,0.20833333333333334,0.5833333333333334,24,-0.5833333333333334,-0.7749999999999999,1.369047619047619,1.6107142857142858,0.34523809523809523,0.9166666666666666,0.45238095238095244
2019-08-07 00:00:00,NWSL,Seattle Reign FC,Thorns,1,0,1.8,1.1,nwsl,HOME_WIN,1.3157894736842106,1.087719298245614,1.4789473684210526,1.2333333333333334,0.47368421052631576,0.21052631578947367,0.3157894736842105,57,0.22807017543859653,0.24561403508771917,1.2678571428571428,1.4107142857142858,1.5160714285714287,1.3607142857142858,0.32142857142857145,0.23214285714285715,0.44642857142857145,56,-0.14285714285714302,0.15535714285714297,0.37092731829573955,0.0902568922305762,0.1522556390977443,0.047932330827067826,0.3229949874686717
2019-08-07 00:00:00,NWSL,Utah Royals,Sky Blue FC,3,0,3.5,0.5,nwsl,HOME_WIN,0.9375,1.28125,1.225,1.496875,0.375,0.125,0.5,32,-0.34375,-0.27187499999999987,0.8333333333333334,1.4166666666666667,1.1791666666666667,1.9541666666666666,0.20833333333333334,0.20833333333333334,0.5833333333333334,24,-0.5833333333333334,-0.7749999999999999,0.23958333333333337,0.503125,0.16666666666666666,0.10416666666666663,0.13541666666666674
2019-08-10 00:00:00,NWSL,Orlando Pride,Dash,0,1,1.4,1.8,nwsl,AWAY_WIN,1.5535714285714286,1.1607142857142858,1.7142857142857142,1.3303571428571428,0.5,0.16071428571428573,0.3392857142857143,56,0.3928571428571428,0.3839285714285714,0.8867924528301887,1.471698113207547,1.0830188679245283,1.679245283018868,0.32075471698113206,0.1320754716981132,0.5471698113207547,53,-0.5849056603773584,-0.5962264150943397,0.9777628032345012,0.9801549865229111,0.17924528301886794,0.6667789757412399,0.31098382749326126
2019-08-10 00:00:00,NWSL,Washington Spirit,Red Stars,0,1,0.5,2.0,nwsl,AWAY_WIN,1.5714285714285714,1.0714285714285714,1.7017857142857142,1.3267857142857142,0.5357142857142857,0.21428571428571427,0.25,56,0.5,0.375,1.2307692307692308,1.6730769230769231,1.294230769230769,1.7326923076923075,0.38461538461538464,0.1346153846153846,0.4807692307692308,52,-0.4423076923076923,-0.43846153846153846,0.9423076923076923,0.8134615384615385,0.15109890109890106,0.34065934065934056,0.6016483516483517
2019-08-11 00:00:00,NWSL,Portland Thorns FC,Courage,2,1,1.7,2.9,nwsl,HOME_WIN,1.75,0.9642857142857143,1.9107142857142858,1.075,0.5535714285714286,0.21428571428571427,0.23214285714285715,56,0.7857142857142857,0.8357142857142859,1.2105263157894737,1.280701754385965,1.5385964912280703,1.4421052631578948,0.3333333333333333,0.14035087719298245,0.5263157894736842,57,-0.07017543859649122,0.09649122807017552,0.8558897243107769,0.7392230576441103,0.2202380952380953,0.5394736842105263,0.3164160401002506
2019-08-11 00:00:00,NWSL,Seattle Reign FC,Royals,1,3,1.3,2.4,nwsl,AWAY_WIN,1.3157894736842106,1.087719298245614,1.4789473684210526,1.2333333333333334,0.47368421052631576,0.21052631578947367,0.3157894736842105,57,0.22807017543859653,0.24561403508771917,0.9032258064516129,1.7096774193548387,1.1548387096774193,1.9548387096774194,0.1935483870967742,0.1935483870967742,0.6129032258064516,31,-0.8064516129032259,-0.8,1.0345217883418223,1.0456140350877192,0.2801358234295416,0.41256366723259774,0.6219581211092247
2019-08-14 00:00:00,NWSL,Sky Blue FC,Red Stars,2,1,0.8,2.0,nwsl,HOME_WIN,0.8333333333333334,1.4166666666666667,1.1791666666666667,1.9541666666666666,0.20833333333333334,0.20833333333333334,0.5833333333333334,24,-0.5833333333333334,-0.7749999999999999,1.2307692307692308,1.6730769230769231,1.294230769230769,1.7326923076923075,0.38461538461538464,0.1346153846153846,0.4807692307692308,52,-0.4423076923076923,-0.43846153846153846,-0.14102564102564108,-0.33653846153846145,-0.1762820512820513,-0.39743589743589747,0.2564102564102564
2019-08-17 00:00:00,NWSL,Orlando Pride,Royals,0,2,1.2,2.4,nwsl,AWAY_WIN,1.5535714285714286,1.1607142857142858,1.7142857142857142,1.3303571428571428,0.5,0.16071428571428573,0.3392857142857143,56,0.3928571428571428,0.3839285714285714,0.9032258064516129,1.7096774193548387,1.1548387096774193,1.9548387096774194,0.1935483870967742,0.1935483870967742,0.6129032258064516,31,-0.8064516129032259,-0.8,1.1993087557603688,1.1839285714285714,0.3064516129032258,0.6503456221198157,0.5489631336405529
2019-08-17 00:00:00,NWSL,Portland Thorns FC,Spirit,3,1,1.1,0.9,nwsl,HOME_WIN,1.75,0.9642857142857143,1.9107142857142858,1.075,0.5535714285714286,0.21428571428571427,0.23214285714285715,56,0.7857142857142857,0.8357142857142859,1.3818181818181818,1.1636363636363636,1.3563636363636362,1.3800000000000001,0.4727272727272727,0.2545454545454545,0.2727272727272727,55,0.21818181818181825,-0.0236363636363639,0.5675324675324674,0.8593506493506498,0.08084415584415588,0.36818181818181817,0.19935064935064928
2019-08-18 00:00:00,NWSL,Sky Blue FC,Reign,1,1,0.7,2.0,nwsl,DRAW,0.8333333333333334,1.4166666666666667,1.1791666666666667,1.9541666666666666,0.20833333333333334,0.20833333333333334,0.5833333333333334,24,-0.5833333333333334,-0.7749999999999999,1.1428571428571428,1.3928571428571428,1.2678571428571428,1.4535714285714287,0.32142857142857145,0.21428571428571427,0.4642857142857143,56,-0.25,-0.18571428571428594,-0.33333333333333337,-0.589285714285714,-0.11309523809523811,-0.3095238095238094,-0.023809523809523947
2019-08-21 00:00:00,NWSL,Chicago Stars,Pride,1,2,1.0,0.7,nwsl,AWAY_WIN,1.2698412698412698,1.492063492063492,1.2841269841269842,1.4936507936507935,0.4126984126984127,0.12698412698412698,0.4603174603174603,63,-0.22222222222222232,-0.20952380952380922,1.1636363636363636,1.4727272727272727,1.1709090909090911,1.6145454545454545,0.38181818181818183,0.18181818181818182,0.43636363636363634,55,-0.3090909090909091,-0.4436363636363634,0.08686868686868676,0.23411255411255416,0.03088023088023084,0.10620490620490619,-0.01933621933621943
2019-08-21 00:00:00,NWSL,Washington Spirit,Royals,0,0,0.9,0.6,nwsl,DRAW,1.5714285714285714,1.0714285714285714,1.7017857142857142,1.3267857142857142,0.5357142857142857,0.21428571428571427,0.25,56,0.5,0.375,0.9032258064516129,1.7096774193548387,1.1548387096774193,1.9548387096774194,0.1935483870967742,0.1935483870967742,0.6129032258064516,31,-0.8064516129032259,-0.8,1.306451612903226,1.175,0.3421658986175115,0.6682027649769585,0.6382488479262673
2019-08-24 00:00:00,NWSL,Houston Dash,Sky Blue FC,1,2,1.8,1.8,nwsl,AWAY_WIN,0.9642857142857143,1.2678571428571428,1.2732142857142856,1.4857142857142858,0.23214285714285715,0.32142857142857145,0.44642857142857145,56,-0.3035714285714285,-0.21250000000000013,0.8333333333333334,1.4166666666666667,1.1791666666666667,1.9541666666666666,0.20833333333333334,0.20833333333333334,0.5833333333333334,24,-0.5833333333333334,-0.7749999999999999,0.2797619047619049,0.5624999999999998,0.023809523809523808,0.13095238095238093,0.14880952380952395
2019-08-24 00:00:00,NWSL,North Carolina Courage,Reign,1,0,2.7,1.1,nwsl,HOME_WIN,1.7894736842105263,0.8421052631578947,1.7719298245614035,1.036842105263158,0.5789473684210527,0.24561403508771928,0.17543859649122806,57,0.9473684210526316,0.7350877192982455,1.1428571428571428,1.3928571428571428,1.2678571428571428,1.4535714285714287,0.32142857142857145,0.21428571428571427,0.4642857142857143,56,-0.25,-0.18571428571428594,1.1973684210526316,0.9208020050125314,0.2575187969924812,0.6466165413533835,0.5507518796992481
2019-08-24 00:00:00,NWSL,Washington Spirit,Pride,2,1,2.1,1.7,nwsl,HOME_WIN,1.5714285714285714,1.0714285714285714,1.7017857142857142,1.3267857142857142,0.5357142857142857,0.21428571428571427,0.25,56,0.5,0.375,1.1636363636363636,1.4727272727272727,1.1709090909090911,1.6145454545454545,0.38181818181818183,0.18181818181818182,0.43636363636363634,55,-0.3090909090909091,-0.4436363636363634,0.8090909090909091,0.8186363636363634,0.15389610389610386,0.4077922077922078,0.40129870129870127
2019-08-25 00:00:00,NWSL,Portland Thorns FC,Red Stars,3,0,2.8,1.0,nwsl,HOME_WIN,1.75,0.9642857142857143,1.9107142857142858,1.075,0.5535714285714286,0.21428571428571427,0.23214285714285715,56,0.7857142857142857,0.8357142857142859,1.2307692307692308,1.6730769230769231,1.294230769230769,1.7326923076923075,0.38461538461538464,0.1346153846153846,0.4807692307692308,52,-0.4423076923076923,-0.43846153846153846,1.228021978021978,1.2741758241758243,0.16895604395604397,0.5192307692307692,0.7087912087912088
2019-09-06 00:00:00,NWSL,Utah Royals,Thorns,1,0,0.5,1.5,nwsl,HOME_WIN,0.9375,1.28125,1.225,1.496875,0.375,0.125,0.5,32,-0.34375,-0.27187499999999987,1.2678571428571428,1.4107142857142858,1.5160714285714287,1.3607142857142858,0.32142857142857145,0.23214285714285715,0.44642857142857145,56,-0.14285714285714302,0.15535714285714297,-0.20089285714285698,-0.42723214285714284,0.05357142857142855,-0.3303571428571428,0.1294642857142858
2019-09-07 00:00:00,NWSL,Sky Blue FC,Courage,1,2,2.3,1.6,nwsl,AWAY_WIN,0.8333333333333334,1.4166666666666667,1.1791666666666667,1.9541666666666666,0.20833333333333334,0.20833333333333334,0.5833333333333334,24,-0.5833333333333334,-0.7749999999999999,1.2105263157894737,1.280701754385965,1.5385964912280703,1.4421052631578948,0.3333333333333333,0.14035087719298245,0.5263157894736842,57,-0.07017543859649122,0.09649122807017552,-0.5131578947368421,-0.8714912280701754,-0.12499999999999997,-0.3771929824561403,-0.13596491228070184
2019-09-07 00:00:00,NWSL,Seattle Reign FC,Pride,3,1,1.3,1.3,nwsl,HOME_WIN,1.3157894736842106,1.087719298245614,1.4789473684210526,1.2333333333333334,0.47368421052631576,0.21052631578947367,0.3157894736842105,57,0.22807017543859653,0.24561403508771917,1.1636363636363636,1.4727272727272727,1.1709090909090911,1.6145454545454545,0.38181818181818183,0.18181818181818182,0.43636363636363634,55,-0.3090909090909091,-0.4436363636363634,0.5371610845295056,0.6892503987240826,0.09186602870813393,0.15215311004784704,0.3850079744816586
2019-09-08 00:00:00,NWSL,Chicago Stars,Dash,3,0,2.2,0.2,nwsl,HOME_WIN,1.2698412698412698,1.492063492063492,1.2841269841269842,1.4936507936507935,0.4126984126984127,0.12698412698412698,0.4603174603174603,63,-0.22222222222222232,-0.20952380952380922,0.8867924528301887,1.471698113207547,1.0830188679245283,1.679245283018868,0.32075471698113206,0.1320754716981132,0.5471698113207547,53,-0.5849056603773584,-0.5962264150943397,0.36268343815513604,0.3867026055705305,0.09194369571728062,0.38304881701108107,-0.020365378855945027
2019-09-11 00:00:00,NWSL,Orlando Pride,Red Stars,0,1,1.3,1.8,nwsl,AWAY_WIN,1.5535714285714286,1.1607142857142858,1.7142857142857142,1.3303571428571428,0.5,0.16071428571428573,0.3392857142857143,56,0.3928571428571428,0.3839285714285714,1.2307692307692308,1.6730769230769231,1.294230769230769,1.7326923076923075,0.38461538461538464,0.1346153846153846,0.4807692307692308,52,-0.4423076923076923,-0.43846153846153846,0.8351648351648351,0.8223901098901099,0.11538461538461536,0.32280219780219777,0.5123626373626373
2019-09-11 00:00:00,NWSL,Portland Thorns FC,Courage,0,6,0.7,2.6,nwsl,AWAY_WIN,1.75,0.9642857142857143,1.9107142857142858,1.075,0.5535714285714286,0.21428571428571427,0.23214285714285715,56,0.7857142857142857,0.8357142857142859,1.2105263157894737,1.280701754385965,1.5385964912280703,1.4421052631578948,0.3333333333333333,0.14035087719298245,0.5263157894736842,57,-0.07017543859649122,0.09649122807017552,0.8558897243107769,0.7392230576441103,0.2202380952380953,0.5394736842105263,0.3164160401002506
2019-09-13 00:00:00,NWSL,Houston Dash,Royals,2,1,1.4,1.1,nwsl,HOME_WIN,0.9642857142857143,1.2678571428571428,1.2732142857142856,1.4857142857142858,0.23214285714285715,0.32142857142857145,0.44642857142857145,56,-0.3035714285714285,-0.21250000000000013,0.9032258064516129,1.7096774193548387,1.1548387096774193,1.9548387096774194,0.1935483870967742,0.1935483870967742,0.6129032258064516,31,-0.8064516129032259,-0.8,0.5028801843317974,0.5874999999999999,0.03859447004608296,0.06105990783410142,0.44182027649769595
2019-09-14 00:00:00,NWSL,North Carolina Courage,Pride,6,1,5.5,0.5,nwsl,HOME_WIN,1.7894736842105263,0.8421052631578947,1.7719298245614035,1.036842105263158,0.5789473684210527,0.24561403508771928,0.17543859649122806,57,0.9473684210526316,0.7350877192982455,1.1636363636363636,1.4727272727272727,1.1709090909090911,1.6145454545454545,0.38181818181818183,0.18181818181818182,0.43636363636363634,55,-0.3090909090909091,-0.4436363636363634,1.2564593301435407,1.1787240829346088,0.19712918660287082,0.6258373205741627,0.630622009569378
2019-09-14 00:00:00,NWSL,Washington Spirit,Reign,2,2,1.7,1.4,nwsl,DRAW,1.5714285714285714,1.0714285714285714,1.7017857142857142,1.3267857142857142,0.5357142857142857,0.21428571428571427,0.25,56,0.5,0.375,1.1428571428571428,1.3928571428571428,1.2678571428571428,1.4535714285714287,0.32142857142857145,0.21428571428571427,0.4642857142857143,56,-0.25,-0.18571428571428594,0.75,0.5607142857142859,0.21428571428571425,0.4285714285714286,0.3214285714285714
2019-09-15 00:00:00,NWSL,Sky Blue FC,Red Stars,0,3,1.3,1.8,nwsl,AWAY_WIN,0.8333333333333334,1.4166666666666667,1.1791666666666667,1.9541666666666666,0.20833333333333334,0.20833333333333334,0.5833333333333334,24,-0.5833333333333334,-0.7749999999999999,1.2307692307692308,1.6730769230769231,1.294230769230769,1.7326923076923075,0.38461538461538464,0.1346153846153846,0.4807692307692308,52,-0.4423076923076923,-0.43846153846153846,-0.14102564102564108,-0.33653846153846145,-0.1762820512820513,-0.39743589743589747,0.2564102564102564
2019-09-17 00:00:00,NWSL,North Carolina Courage,Dash,1,0,2.2,0.7,nwsl,HOME_WIN,1.7894736842105263,0.8421052631578947,1.7719298245614035,1.036842105263158,0.5789473684210527,0.24561403508771928,0.17543859649122806,57,0.9473684210526316,0.7350877192982455,0.8867924528301887,1.471698113207547,1.0830188679245283,1.679245283018868,0.32075471698113206,0.1320754716981132,0.5471698113207547,53,-0.5849056603773584,-0.5962264150943397,1.53227408142999,1.3313141343925852,0.2581926514399206,0.9026812313803376,0.6295928500496524
2019-09-21 00:00:00,NWSL,Chicago Stars,Spirit,3,1,1.1,1.3,nwsl,HOME_WIN,1.2698412698412698,1.492063492063492,1.2841269841269842,1.4936507936507935,0.4126984126984127,0.12698412698412698,0.4603174603174603,63,-0.22222222222222232,-0.20952380952380922,1.3818181818181818,1.1636363636363636,1.3563636363636362,1.3800000000000001,0.4727272727272727,0.2545454545454545,0.2727272727272727,55,0.21818181818181825,-0.0236363636363639,-0.4404040404040406,-0.18588744588744532,-0.06002886002886004,-0.11197691197691206,-0.3284271284271285
2019-09-21 00:00:00,NWSL,Portland Thorns FC,Dash,1,0,1.5,1.3,nwsl,HOME_WIN,1.75,0.9642857142857143,1.9107142857142858,1.075,0.5535714285714286,0.21428571428571427,0.23214285714285715,56,0.7857142857142857,0.8357142857142859,0.8867924528301887,1.471698113207547,1.0830188679245283,1.679245283018868,0.32075471698113206,0.1320754716981132,0.5471698113207547,53,-0.5849056603773584,-0.5962264150943397,1.3706199460916442,1.4319407008086256,0.23281671159029654,0.8632075471698113,0.5074123989218328
2019-09-21 00:00:00,NWSL,Seattle Reign FC,Sky Blue FC,0,1,2.7,1.4,nwsl,AWAY_WIN,1.3157894736842106,1.087719298245614,1.4789473684210526,1.2333333333333334,0.47368421052631576,0.21052631578947367,0.3157894736842105,57,0.22807017543859653,0.24561403508771917,0.8333333333333334,1.4166666666666667,1.1791666666666667,1.9541666666666666,0.20833333333333334,0.20833333333333334,0.5833333333333334,24,-0.5833333333333334,-0.7749999999999999,0.8114035087719299,1.020614035087719,0.26535087719298245,0.48245614035087725,0.32894736842105265
2019-09-21 00:00:00,NWSL,Utah Royals,Courage,0,3,0.6,1.8,nwsl,AWAY_WIN,0.9375,1.28125,1.225,1.496875,0.375,0.125,0.5,32,-0.34375,-0.27187499999999987,1.2105263157894737,1.280701754385965,1.5385964912280703,1.4421052631578948,0.3333333333333333,0.14035087719298245,0.5263157894736842,57,-0.07017543859649122,0.09649122807017552,-0.2735745614035088,-0.3683662280701754,0.041666666666666685,-0.2730263157894737,-0.0005482456140351033
2019-09-25 00:00:00,NWSL,Houston Dash,Spirit,0,0,0.6,1.4,nwsl,DRAW,0.9642857142857143,1.2678571428571428,1.2732142857142856,1.4857142857142858,0.23214285714285715,0.32142857142857145,0.44642857142857145,56,-0.3035714285714285,-0.21250000000000013,1.3818181818181818,1.1636363636363636,1.3563636363636362,1.3800000000000001,0.4727272727272727,0.2545454545454545,0.2727272727272727,55,0.21818181818181825,-0.0236363636363639,-0.5217532467532467,-0.18886363636363623,-0.24058441558441557,-0.41753246753246753,-0.10422077922077921
2019-09-25 00:00:00,NWSL,Seattle Reign FC,Royals,2,1,1.6,1.5,nwsl,HOME_WIN,1.3157894736842106,1.087719298245614,1.4789473684210526,1.2333333333333334,0.47368421052631576,0.21052631578947367,0.3157894736842105,57,0.22807017543859653,0.24561403508771917,0.9032258064516129,1.7096774193548387,1.1548387096774193,1.9548387096774194,0.1935483870967742,0.1935483870967742,0.6129032258064516,31,-0.8064516129032259,-0.8,1.0345217883418223,1.0456140350877192,0.2801358234295416,0.41256366723259774,0.6219581211092247
2019-09-28 00:00:00,NWSL,Chicago Stars,Royals,2,1,1.5,1.3,nwsl,HOME_WIN,1.2698412698412698,1.492063492063492,1.2841269841269842,1.4936507936507935,0.4126984126984127,0.12698412698412698,0.4603174603174603,63,-0.22222222222222232,-0.20952380952380922,0.9032258064516129,1.7096774193548387,1.1548387096774193,1.9548387096774194,0.1935483870967742,0.1935483870967742,0.6129032258064516,31,-0.8064516129032259,-0.8,0.5842293906810035,0.5904761904761908,0.2191500256016385,0.3666154633896569,0.21761392729134665
2019-09-28 00:00:00,NWSL,Washington Spirit,Courage,2,1,0.3,2.9,nwsl,HOME_WIN,1.5714285714285714,1.0714285714285714,1.7017857142857142,1.3267857142857142,0.5357142857142857,0.21428571428571427,0.25,56,0.5,0.375,1.2105263157894737,1.280701754385965,1.5385964912280703,1.4421052631578948,0.3333333333333333,0.14035087719298245,0.5263157894736842,57,-0.07017543859649122,0.09649122807017552,0.5701754385964912,0.2785087719298245,0.20238095238095238,0.3609022556390977,0.2092731829573935
2019-09-29 00:00:00,NWSL,Sky Blue FC,Pride,1,1,1.4,1.7,nwsl,DRAW,0.8333333333333334,1.4166666666666667,1.1791666666666667,1.9541666666666666,0.20833333333333334,0.20833333333333334,0.5833333333333334,24,-0.5833333333333334,-0.7749999999999999,1.1636363636363636,1.4727272727272727,1.1709090909090911,1.6145454545454545,0.38181818181818183,0.18181818181818182,0.43636363636363634,55,-0.3090909090909091,-0.4436363636363634,-0.2742424242424243,-0.3313636363636365,-0.1734848484848485,-0.3303030303030302,0.05606060606060592
2019-09-29 00:00:00,NWSL,Seattle Reign FC,Thorns,2,0,1.9,1.0,nwsl,HOME_WIN,1.3157894736842106,1.087719298245614,1.4789473684210526,1.2333333333333334,0.47368421052631576,0.21052631578947367,0.3157894736842105,57,0.22807017543859653,0.24561403508771917,1.2678571428571428,1.4107142857142858,1.5160714285714287,1.3607142857142858,0.32142857142857145,0.23214285714285715,0.44642857142857145,56,-0.14285714285714302,0.15535714285714297,0.37092731829573955,0.0902568922305762,0.1522556390977443,0.047932330827067826,0.3229949874686717
2019-10-05 00:00:00,NWSL,Orlando Pride,Spirit,0,3,0.4,1.0,nwsl,AWAY_WIN,1.5535714285714286,1.1607142857142858,1.7142857142857142,1.3303571428571428,0.5,0.16071428571428573,0.3392857142857143,56,0.3928571428571428,0.3839285714285714,1.3818181818181818,1.1636363636363636,1.3563636363636362,1.3800000000000001,0.4727272727272727,0.2545454545454545,0.2727272727272727,55,0.21818181818181825,-0.0236363636363639,0.17467532467532454,0.4075649350649353,0.027272727272727282,0.17175324675324677,0.0029220779220777704
2019-10-12 00:00:00,NWSL,North Carolina Courage,Sky Blue FC,3,2,2.1,0.9,nwsl,HOME_WIN,1.7894736842105263,0.8421052631578947,1.7719298245614035,1.036842105263158,0.5789473684210527,0.24561403508771928,0.17543859649122806,57,0.9473684210526316,0.7350877192982455,0.8333333333333334,1.4166666666666667,1.1791666666666667,1.9541666666666666,0.20833333333333334,0.20833333333333334,0.5833333333333334,24,-0.5833333333333334,-0.7749999999999999,1.530701754385965,1.5100877192982454,0.3706140350877193,0.956140350877193,0.574561403508772
2019-10-12 00:00:00,NWSL,Orlando Pride,Reign,2,2,2.2,1.9,nwsl,DRAW,1.5535714285714286,1.1607142857142858,1.7142857142857142,1.3303571428571428,0.5,0.16071428571428573,0.3392857142857143,56,0.3928571428571428,0.3839285714285714,1.1428571428571428,1.3928571428571428,1.2678571428571428,1.4535714285714287,0.32142857142857145,0.21428571428571427,0.4642857142857143,56,-0.25,-0.18571428571428594,0.6428571428571428,0.5696428571428573,0.17857142857142855,0.4107142857142858,0.23214285714285698
2019-10-12 00:00:00,NWSL,Portland Thorns FC,Spirit,0,0,3.0,0.2,nwsl,DRAW,1.75,0.9642857142857143,1.9107142857142858,1.075,0.5535714285714286,0.21428571428571427,0.23214285714285715,56,0.7857142857142857,0.8357142857142859,1.3818181818181818,1.1636363636363636,1.3563636363636362,1.3800000000000001,0.4727272727272727,0.2545454545454545,0.2727272727272727,55,0.21818181818181825,-0.0236363636363639,0.5675324675324674,0.8593506493506498,0.08084415584415588,0.36818181818181817,0.19935064935064928
2019-10-12 00:00:00,NWSL,Utah Royals,Dash,2,1,2.6,0.7,nwsl,HOME_WIN,0.9375,1.28125,1.225,1.496875,0.375,0.125,0.5,32,-0.34375,-0.27187499999999987,0.8867924528301887,1.471698113207547,1.0830188679245283,1.679245283018868,0.32075471698113206,0.1320754716981132,0.5471698113207547,53,-0.5849056603773584,-0.5962264150943397,0.24115566037735836,0.32435141509433985,0.05424528301886794,0.050707547169811296,0.19044811320754707
2019-10-20 00:00:00,NWSL,Chicago Stars,Thorns,1,0,1.4,0.5,nwsl,HOME_WIN,1.2698412698412698,1.492063492063492,1.2841269841269842,1.4936507936507935,0.4126984126984127,0.12698412698412698,0.4603174603174603,63,-0.22222222222222232,-0.20952380952380922,1.2678571428571428,1.4107142857142858,1.5160714285714287,1.3607142857142858,0.32142857142857145,0.23214285714285715,0.44642857142857145,56,-0.14285714285714302,0.15535714285714297,-0.0793650793650793,-0.3648809523809522,0.09126984126984122,0.001984126984126977,-0.08134920634920628
2019-10-20 00:00:00,NWSL,North Carolina Courage,Reign,4,1,5.5,0.3,nwsl,HOME_WIN,1.7894736842105263,0.8421052631578947,1.7719298245614035,1.036842105263158,0.5789473684210527,0.24561403508771928,0.17543859649122806,57,0.9473684210526316,0.7350877192982455,1.1428571428571428,1.3928571428571428,1.2678571428571428,1.4535714285714287,0.32142857142857145,0.21428571428571427,0.4642857142857143,56,-0.25,-0.18571428571428594,1.1973684210526316,0.9208020050125314,0.2575187969924812,0.6466165413533835,0.5507518796992481
2019-10-27 00:00:00,NWSL,North Carolina Courage,Red Stars,4,0,2.8,1.3,nwsl,HOME_WIN,1.7894736842105263,0.8421052631578947,1.7719298245614035,1.036842105263158,0.5789473684210527,0.24561403508771928,0.17543859649122806,57,0.9473684210526316,0.7350877192982455,1.2307692307692308,1.6730769230769231,1.294230769230769,1.7326923076923075,0.38461538461538464,0.1346153846153846,0.4807692307692308,52,-0.4423076923076923,-0.43846153846153846,1.389676113360324,1.173549257759784,0.19433198380566802,0.5587044534412955,0.8309716599190284
2021-05-15 00:00:00,NWSL,Gotham FC,Dash,1,0,0.7,2.1,nwsl,HOME_WIN,1.3333333333333333,0.9,1.3611111111111112,1.2633333333333334,0.4666666666666667,0.28888888888888886,0.24444444444444444,90,0.43333333333333324,0.09777777777777774,0.8867924528301887,1.471698113207547,1.0830188679245283,1.679245283018868,0.32075471698113206,0.1320754716981132,0.5471698113207547,53,-0.5849056603773584,-0.5962264150943397,1.0182389937106917,0.6940041928721175,0.14591194968553461,0.44654088050314455,0.571698113207547
2021-05-15 00:00:00,NWSL,Racing Louisville,Kansas City,0,0,0.8,0.5,nwsl,DRAW,1.3488372093023255,1.2325581395348837,1.3534883720930233,1.3372093023255813,0.4186046511627907,0.2558139534883721,0.32558139534883723,43,0.11627906976744184,0.016279069767441978,0.5,1.9166666666666667,0.975,1.9083333333333332,0.0,0.25,0.75,12,-1.4166666666666667,-0.9333333333333332,1.5329457364341086,0.9496124031007752,0.4186046511627907,0.8488372093023255,0.684108527131783
2021-05-15 00:00:00,NWSL,Seattle Reign FC,Courage,0,0,0.7,1.6,nwsl,DRAW,1.3157894736842106,1.087719298245614,1.4789473684210526,1.2333333333333334,0.47368421052631576,0.21052631578947367,0.3157894736842105,57,0.22807017543859653,0.24561403508771917,1.2105263157894737,1.280701754385965,1.5385964912280703,1.4421052631578948,0.3333333333333333,0.14035087719298245,0.5263157894736842,57,-0.07017543859649122,0.09649122807017552,0.29824561403508776,0.14912280701754366,0.14035087719298245,0.10526315789473695,0.1929824561403508
2021-05-16 00:00:00,NWSL,Orlando Pride,Spirit,1,1,1.4,2.1,nwsl,DRAW,1.5535714285714286,1.1607142857142858,1.7142857142857142,1.3303571428571428,0.5,0.16071428571428573,0.3392857142857143,56,0.3928571428571428,0.3839285714285714,1.3818181818181818,1.1636363636363636,1.3563636363636362,1.3800000000000001,0.4727272727272727,0.2545454545454545,0.2727272727272727,55,0.21818181818181825,-0.0236363636363639,0.17467532467532454,0.4075649350649353,0.027272727272727282,0.17175324675324677,0.0029220779220777704
2021-05-16 00:00:00,NWSL,Portland Thorns FC,Red Stars,5,0,3.6,0.2,nwsl,HOME_WIN,1.75,0.9642857142857143,1.9107142857142858,1.075,0.5535714285714286,0.21428571428571427,0.23214285714285715,56,0.7857142857142857,0.8357142857142859,1.2307692307692308,1.6730769230769231,1.294230769230769,1.7326923076923075,0.38461538461538464,0.1346153846153846,0.4807692307692308,52,-0.4423076923076923,-0.43846153846153846,1.228021978021978,1.2741758241758243,0.16895604395604397,0.5192307692307692,0.7087912087912088
2021-05-21 00:00:00,NWSL,Racing Louisville,Spirit,2,0,1.3,3.0,nwsl,HOME_WIN,1.3488372093023255,1.2325581395348837,1.3534883720930233,1.3372093023255813,0.4186046511627907,0.2558139534883721,0.32558139534883723,43,0.11627906976744184,0.016279069767441978,1.3818181818181818,1.1636363636363636,1.3563636363636362,1.3800000000000001,0.4727272727272727,0.2545454545454545,0.2727272727272727,55,0.21818181818181825,-0.0236363636363639,-0.10190274841437641,0.03991543340380588,-0.054122621564482,-0.0329809725158563,-0.06892177589852011
2021-05-22 00:00:00,NWSL,Chicago Stars,Gotham FC,0,0,1.2,0.3,nwsl,DRAW,1.2698412698412698,1.492063492063492,1.2841269841269842,1.4936507936507935,0.4126984126984127,0.12698412698412698,0.4603174603174603,63,-0.22222222222222232,-0.20952380952380922,1.3333333333333333,0.9,1.3611111111111112,1.2633333333333334,0.4666666666666667,0.28888888888888886,0.24444444444444444,90,0.43333333333333324,0.09777777777777774,-0.6555555555555556,-0.30730158730158696,-0.053968253968254,-0.06349206349206349,-0.5920634920634921
2021-05-22 00:00:00,NWSL,North Carolina Courage,Pride,1,2,1.8,0.9,nwsl,AWAY_WIN,1.7894736842105263,0.8421052631578947,1.7719298245614035,1.036842105263158,0.5789473684210527,0.24561403508771928,0.17543859649122806,57,0.9473684210526316,0.7350877192982455,1.1636363636363636,1.4727272727272727,1.1709090909090911,1.6145454545454545,0.38181818181818183,0.18181818181818182,0.43636363636363634,55,-0.3090909090909091,-0.4436363636363634,1.2564593301435407,1.1787240829346088,0.19712918660287082,0.6258373205741627,0.630622009569378
2021-05-23 00:00:00,NWSL,Houston Dash,Kansas City,2,2,1.6,1.2,nwsl,DRAW,0.9642857142857143,1.2678571428571428,1.2732142857142856,1.4857142857142858,0.23214285714285715,0.32142857142857145,0.44642857142857145,56,-0.3035714285714285,-0.21250000000000013,0.5,1.9166666666666667,0.975,1.9083333333333332,0.0,0.25,0.75,12,-1.4166666666666667,-0.9333333333333332,1.1130952380952381,0.7208333333333331,0.23214285714285715,0.4642857142857143,0.648809523809524
2021-05-23 00:00:00,NWSL,Portland Thorns FC,Reign,1,2,2.1,1.1,nwsl,AWAY_WIN,1.75,0.9642857142857143,1.9107142857142858,1.075,0.5535714285714286,0.21428571428571427,0.23214285714285715,56,0.7857142857142857,0.8357142857142859,1.1428571428571428,1.3928571428571428,1.2678571428571428,1.4535714285714287,0.32142857142857145,0.21428571428571427,0.4642857142857143,56,-0.25,-0.18571428571428594,1.0357142857142856,1.0214285714285718,0.23214285714285715,0.6071428571428572,0.4285714285714285
2021-05-26 00:00:00,NWSL,Kansas City Current,Red Stars,0,2,1.7,1.2,nwsl,AWAY_WIN,1.8372093023255813,1.2325581395348837,1.8162790697674418,1.1232558139534883,0.5581395348837209,0.16279069767441862,0.27906976744186046,43,0.6046511627906976,0.6930232558139535,1.2307692307692308,1.6730769230769231,1.294230769230769,1.7326923076923075,0.38461538461538464,0.1346153846153846,0.4807692307692308,52,-0.4423076923076923,-0.43846153846153846,1.04695885509839,1.131484794275492,0.17352415026833629,0.6064400715563505,0.44051878354203944
2021-05-26 00:00:00,NWSL,Orlando Pride,Thorns,2,1,0.9,1.1,nwsl,HOME_WIN,1.5535714285714286,1.1607142857142858,1.7142857142857142,1.3303571428571428,0.5,0.16071428571428573,0.3392857142857143,56,0.3928571428571428,0.3839285714285714,1.2678571428571428,1.4107142857142858,1.5160714285714287,1.3607142857142858,0.32142857142857145,0.23214285714285715,0.44642857142857145,56,-0.14285714285714302,0.15535714285714297,0.5357142857142858,0.22857142857142843,0.17857142857142855,0.2857142857142858,0.25
2021-05-26 00:00:00,NWSL,Washington Spirit,Dash,2,1,1.0,3.0,nwsl,HOME_WIN,1.5714285714285714,1.0714285714285714,1.7017857142857142,1.3267857142857142,0.5357142857142857,0.21428571428571427,0.25,56,0.5,0.375,0.8867924528301887,1.471698113207547,1.0830188679245283,1.679245283018868,0.32075471698113206,0.1320754716981132,0.5471698113207547,53,-0.5849056603773584,-0.5962264150943397,1.0849056603773584,0.9712264150943397,0.21495956873315364,0.6846361185983827,0.40026954177897567
2021-05-28 00:00:00,NWSL,North Carolina Courage,Louisville,5,0,4.0,0.3,nwsl,HOME_WIN,1.7894736842105263,0.8421052631578947,1.7719298245614035,1.036842105263158,0.5789473684210527,0.24561403508771928,0.17543859649122806,57,0.9473684210526316,0.7350877192982455,0.9523809523809523,1.7142857142857142,1.2214285714285713,1.7619047619047619,0.14285714285714285,0.3333333333333333,0.5238095238095238,42,-0.7619047619047619,-0.5404761904761906,1.7092731829573935,1.275563909774436,0.4360902255639098,0.837092731829574,0.8721804511278195
2021-05-29 00:00:00,NWSL,Houston Dash,Red Stars,2,1,1.4,1.3,nwsl,HOME_WIN,0.9642857142857143,1.2678571428571428,1.2732142857142856,1.4857142857142858,0.23214285714285715,0.32142857142857145,0.44642857142857145,56,-0.3035714285714285,-0.21250000000000013,1.2307692307692308,1.6730769230769231,1.294230769230769,1.7326923076923075,0.38461538461538464,0.1346153846153846,0.4807692307692308,52,-0.4423076923076923,-0.43846153846153846,0.1387362637362638,0.22596153846153832,-0.15247252747252749,-0.26648351648351654,0.40521978021978033
2021-05-30 00:00:00,NWSL,Gotham FC,Thorns,0,1,0.7,1.5,nwsl,AWAY_WIN,1.3333333333333333,0.9,1.3611111111111112,1.2633333333333334,0.4666666666666667,0.28888888888888886,0.24444444444444444,90,0.43333333333333324,0.09777777777777774,1.2678571428571428,1.4107142857142858,1.5160714285714287,1.3607142857142858,0.32142857142857145,0.23214285714285715,0.44642857142857145,56,-0.14285714285714302,0.15535714285714297,0.5761904761904763,-0.05757936507936523,0.14523809523809522,0.06547619047619047,0.5107142857142858
2021-05-30 00:00:00,NWSL,Orlando Pride,Kansas City,1,0,2.1,0.7,nwsl,HOME_WIN,1.5535714285714286,1.1607142857142858,1.7142857142857142,1.3303571428571428,0.5,0.16071428571428573,0.3392857142857143,56,0.3928571428571428,0.3839285714285714,0.5,1.9166666666666667,0.975,1.9083333333333332,0.0,0.25,0.75,12,-1.4166666666666667,-0.9333333333333332,1.8095238095238095,1.3172619047619047,0.5,1.0535714285714286,0.7559523809523809
2021-05-30 00:00:00,NWSL,Seattle Reign FC,Spirit,0,1,0.6,0.8,nwsl,AWAY_WIN,1.3157894736842106,1.087719298245614,1.4789473684210526,1.2333333333333334,0.47368421052631576,0.21052631578947367,0.3157894736842105,57,0.22807017543859653,0.24561403508771917,1.3818181818181818,1.1636363636363636,1.3563636363636362,1.3800000000000001,0.4727272727272727,0.2545454545454545,0.2727272727272727,55,0.21818181818181825,-0.0236363636363639,0.00988835725677828,0.2692503987240831,0.000956937799043045,-0.06602870813397121,0.0759170653907495
2021-06-05 00:00:00,NWSL,Chicago Stars,Courage,1,0,1.9,0.6,nwsl,HOME_WIN,1.2698412698412698,1.492063492063492,1.2841269841269842,1.4936507936507935,0.4126984126984127,0.12698412698412698,0.4603174603174603,63,-0.22222222222222232,-0.20952380952380922,1.2105263157894737,1.280701754385965,1.5385964912280703,1.4421052631578948,0.3333333333333333,0.14035087719298245,0.5263157894736842,57,-0.07017543859649122,0.09649122807017552,-0.1520467836257311,-0.30601503759398474,0.07936507936507936,0.0593149540517961,-0.2113617376775272
2021-06-05 00:00:00,NWSL,Gotham FC,Reign,1,0,0.7,2.0,nwsl,HOME_WIN,1.3333333333333333,0.9,1.3611111111111112,1.2633333333333334,0.4666666666666667,0.28888888888888886,0.24444444444444444,90,0.43333333333333324,0.09777777777777774,1.1428571428571428,1.3928571428571428,1.2678571428571428,1.4535714285714287,0.32142857142857145,0.21428571428571427,0.4642857142857143,56,-0.25,-0.18571428571428594,0.6833333333333332,0.2834920634920637,0.14523809523809522,0.19047619047619047,0.49285714285714277
2021-06-05 00:00:00,NWSL,Portland Thorns FC,Louisville,3,0,3.3,0.3,nwsl,HOME_WIN,1.75,0.9642857142857143,1.9107142857142858,1.075,0.5535714285714286,0.21428571428571427,0.23214285714285715,56,0.7857142857142857,0.8357142857142859,0.9523809523809523,1.7142857142857142,1.2214285714285713,1.7619047619047619,0.14285714285714285,0.3333333333333333,0.5238095238095238,42,-0.7619047619047619,-0.5404761904761906,1.5476190476190474,1.3761904761904764,0.41071428571428575,0.7976190476190477,0.7499999999999999
2021-06-06 00:00:00,NWSL,Kansas City Current,Dash,0,1,1.2,1.3,nwsl,AWAY_WIN,1.8372093023255813,1.2325581395348837,1.8162790697674418,1.1232558139534883,0.5581395348837209,0.16279069767441862,0.27906976744186046,43,0.6046511627906976,0.6930232558139535,0.8867924528301887,1.471698113207547,1.0830188679245283,1.679245283018868,0.32075471698113206,0.1320754716981132,0.5471698113207547,53,-0.5849056603773584,-0.5962264150943397,1.189556823168056,1.2892496709082932,0.23738481790258886,0.9504168494953926,0.23913997367266338
2021-06-06 00:00:00,NWSL,Washington Spirit,Pride,1,1,1.3,0.4,nwsl,DRAW,1.5714285714285714,1.0714285714285714,1.7017857142857142,1.3267857142857142,0.5357142857142857,0.21428571428571427,0.25,56,0.5,0.375,1.1636363636363636,1.4727272727272727,1.1709090909090911,1.6145454545454545,0.38181818181818183,0.18181818181818182,0.43636363636363634,55,-0.3090909090909091,-0.4436363636363634,0.8090909090909091,0.8186363636363634,0.15389610389610386,0.4077922077922078,0.40129870129870127
2021-06-19 00:00:00,NWSL,Chicago Stars,Spirit,1,1,1.7,1.1,nwsl,DRAW,1.2698412698412698,1.492063492063492,1.2841269841269842,1.4936507936507935,0.4126984126984127,0.12698412698412698,0.4603174603174603,63,-0.22222222222222232,-0.20952380952380922,1.3818181818181818,1.1636363636363636,1.3563636363636362,1.3800000000000001,0.4727272727272727,0.2545454545454545,0.2727272727272727,55,0.21818181818181825,-0.0236363636363639,-0.4404040404040406,-0.18588744588744532,-0.06002886002886004,-0.11197691197691206,-0.3284271284271285
2021-06-19 00:00:00,NWSL,North Carolina Courage,Reign,2,1,1.6,1.0,nwsl,HOME_WIN,1.7894736842105263,0.8421052631578947,1.7719298245614035,1.036842105263158,0.5789473684210527,0.24561403508771928,0.17543859649122806,57,0.9473684210526316,0.7350877192982455,1.1428571428571428,1.3928571428571428,1.2678571428571428,1.4535714285714287,0.32142857142857145,0.21428571428571427,0.4642857142857143,56,-0.25,-0.18571428571428594,1.1973684210526316,0.9208020050125314,0.2575187969924812,0.6466165413533835,0.5507518796992481
2021-06-20 00:00:00,NWSL,Orlando Pride,Gotham FC,1,1,2.2,0.7,nwsl,DRAW,1.5535714285714286,1.1607142857142858,1.7142857142857142,1.3303571428571428,0.5,0.16071428571428573,0.3392857142857143,56,0.3928571428571428,0.3839285714285714,1.3333333333333333,0.9,1.3611111111111112,1.2633333333333334,0.4666666666666667,0.28888888888888886,0.24444444444444444,90,0.43333333333333324,0.09777777777777774,-0.04047619047619044,0.28615079365079366,0.033333333333333326,0.22023809523809534,-0.2607142857142858
2021-06-20 00:00:00,NWSL,Portland Thorns FC,Kansas City,1,0,3.3,0.8,nwsl,HOME_WIN,1.75,0.9642857142857143,1.9107142857142858,1.075,0.5535714285714286,0.21428571428571427,0.23214285714285715,56,0.7857142857142857,0.8357142857142859,0.5,1.9166666666666667,0.975,1.9083333333333332,0.0,0.25,0.75,12,-1.4166666666666667,-0.9333333333333332,2.2023809523809526,1.769047619047619,0.5535714285714286,1.25,0.9523809523809524
2021-06-20 00:00:00,NWSL,Racing Louisville,Dash,1,0,2.4,2.7,nwsl,HOME_WIN,1.3488372093023255,1.2325581395348837,1.3534883720930233,1.3372093023255813,0.4186046511627907,0.2558139534883721,0.32558139534883723,43,0.11627906976744184,0.016279069767441978,0.8867924528301887,1.471698113207547,1.0830188679245283,1.679245283018868,0.32075471698113206,0.1320754716981132,0.5471698113207547,53,-0.5849056603773584,-0.5962264150943397,0.7011847301448002,0.6125054848617817,0.09784993418165866,0.46204475647213683,0.23913997367266338
2021-06-22 00:00:00,NWSL,Seattle Reign FC,Red Stars,2,0,2.4,0.6,nwsl,HOME_WIN,1.3157894736842106,1.087719298245614,1.4789473684210526,1.2333333333333334,0.47368421052631576,0.21052631578947367,0.3157894736842105,57,0.22807017543859653,0.24561403508771917,1.2307692307692308,1.6730769230769231,1.294230769230769,1.7326923076923075,0.38461538461538464,0.1346153846153846,0.4807692307692308,52,-0.4423076923076923,-0.43846153846153846,0.6703778677462888,0.6840755735492576,0.08906882591093113,0.08502024291497978,0.585357624831309
2021-06-23 00:00:00,NWSL,Kansas City Current,Pride,1,3,1.7,1.2,nwsl,AWAY_WIN,1.8372093023255813,1.2325581395348837,1.8162790697674418,1.1232558139534883,0.5581395348837209,0.16279069767441862,0.27906976744186046,43,0.6046511627906976,0.6930232558139535,1.1636363636363636,1.4727272727272727,1.1709090909090911,1.6145454545454545,0.38181818181818183,0.18181818181818182,0.43636363636363634,55,-0.3090909090909091,-0.4436363636363634,0.9137420718816067,1.136659619450317,0.1763213530655391,0.6735729386892177,0.24016913319238897
2021-06-23 00:00:00,NWSL,Racing Louisville,Courage,0,2,0.4,2.2,nwsl,AWAY_WIN,1.3488372093023255,1.2325581395348837,1.3534883720930233,1.3372093023255813,0.4186046511627907,0.2558139534883721,0.32558139534883723,43,0.11627906976744184,0.016279069767441978,1.2105263157894737,1.280701754385965,1.5385964912280703,1.4421052631578948,0.3333333333333333,0.14035087719298245,0.5263157894736842,57,-0.07017543859649122,0.09649122807017552,0.18645450836393307,-0.08021215830273354,0.0852713178294574,0.13831089351285186,0.04814361485108121
2021-06-26 00:00:00,NWSL,Chicago Stars,Louisville,0,3,1.7,1.4,nwsl,AWAY_WIN,1.2698412698412698,1.492063492063492,1.2841269841269842,1.4936507936507935,0.4126984126984127,0.12698412698412698,0.4603174603174603,63,-0.22222222222222232,-0.20952380952380922,0.9523809523809523,1.7142857142857142,1.2214285714285713,1.7619047619047619,0.14285714285714285,0.3333333333333333,0.5238095238095238,42,-0.7619047619047619,-0.5404761904761906,0.5396825396825395,0.33095238095238133,0.2698412698412698,0.31746031746031744,0.2222222222222221
2021-06-26 00:00:00,NWSL,Houston Dash,Pride,2,1,1.5,0.8,nwsl,HOME_WIN,0.9642857142857143,1.2678571428571428,1.2732142857142856,1.4857142857142858,0.23214285714285715,0.32142857142857145,0.44642857142857145,56,-0.3035714285714285,-0.21250000000000013,1.1636363636363636,1.4727272727272727,1.1709090909090911,1.6145454545454545,0.38181818181818183,0.18181818181818182,0.43636363636363634,55,-0.3090909090909091,-0.4436363636363634,0.005519480519480591,0.23113636363636325,-0.14967532467532468,-0.19935064935064928,0.20487012987012987
2021-06-26 00:00:00,NWSL,Kansas City Current,Spirit,1,2,1.1,1.4,nwsl,AWAY_WIN,1.8372093023255813,1.2325581395348837,1.8162790697674418,1.1232558139534883,0.5581395348837209,0.16279069767441862,0.27906976744186046,43,0.6046511627906976,0.6930232558139535,1.3818181818181818,1.1636363636363636,1.3563636363636362,1.3800000000000001,0.4727272727272727,0.2545454545454545,0.2727272727272727,55,0.21818181818181825,-0.0236363636363639,0.3864693446088794,0.7166596194503174,0.0854122621564482,0.4553911205073995,-0.06892177589852011
2021-06-26 00:00:00,NWSL,North Carolina Courage,Thorns,2,0,1.8,1.5,nwsl,HOME_WIN,1.7894736842105263,0.8421052631578947,1.7719298245614035,1.036842105263158,0.5789473684210527,0.24561403508771928,0.17543859649122806,57,0.9473684210526316,0.7350877192982455,1.2678571428571428,1.4107142857142858,1.5160714285714287,1.3607142857142858,0.32142857142857145,0.23214285714285715,0.44642857142857145,56,-0.14285714285714302,0.15535714285714297,1.0902255639097747,0.5797305764411025,0.2575187969924812,0.5216165413533835,0.5686090225563911
2021-06-26 00:00:00,NWSL,Seattle Reign FC,Gotham FC,0,3,2.0,2.5,nwsl,AWAY_WIN,1.3157894736842106,1.087719298245614,1.4789473684210526,1.2333333333333334,0.47368421052631576,0.21052631578947367,0.3157894736842105,57,0.22807017543859653,0.24561403508771917,1.3333333333333333,0.9,1.3611111111111112,1.2633333333333334,0.4666666666666667,0.28888888888888886,0.24444444444444444,90,0.43333333333333324,0.09777777777777774,-0.2052631578947367,0.14783625730994143,0.007017543859649089,-0.01754385964912264,-0.18771929824561406
2021-07-02 00:00:00,NWSL,Gotham FC,Kansas City,1,1,1.1,0.4,nwsl,DRAW,1.3333333333333333,0.9,1.3611111111111112,1.2633333333333334,0.4666666666666667,0.28888888888888886,0.24444444444444444,90,0.43333333333333324,0.09777777777777774,0.5,1.9166666666666667,0.975,1.9083333333333332,0.0,0.25,0.75,12,-1.4166666666666667,-0.9333333333333332,1.85,1.031111111111111,0.4666666666666667,0.8333333333333333,1.0166666666666666
2021-07-02 00:00:00,NWSL,Houston Dash,Reign,2,0,2.3,0.9,nwsl,HOME_WIN,0.9642857142857143,1.2678571428571428,1.2732142857142856,1.4857142857142858,0.23214285714285715,0.32142857142857145,0.44642857142857145,56,-0.3035714285714285,-0.21250000000000013,1.1428571428571428,1.3928571428571428,1.2678571428571428,1.4535714285714287,0.32142857142857145,0.21428571428571427,0.4642857142857143,56,-0.25,-0.18571428571428594,-0.05357142857142849,-0.02678571428571419,-0.0892857142857143,-0.1785714285714285,0.125
2021-07-02 00:00:00,NWSL,Washington Spirit,Red Stars,0,1,0.5,0.5,nwsl,AWAY_WIN,1.5714285714285714,1.0714285714285714,1.7017857142857142,1.3267857142857142,0.5357142857142857,0.21428571428571427,0.25,56,0.5,0.375,1.2307692307692308,1.6730769230769231,1.294230769230769,1.7326923076923075,0.38461538461538464,0.1346153846153846,0.4807692307692308,52,-0.4423076923076923,-0.43846153846153846,0.9423076923076923,0.8134615384615385,0.15109890109890106,0.34065934065934056,0.6016483516483517
2021-07-03 00:00:00,NWSL,Racing Louisville,Thorns,0,2,0.4,2.2,nwsl,AWAY_WIN,1.3488372093023255,1.2325581395348837,1.3534883720930233,1.3372093023255813,0.4186046511627907,0.2558139534883721,0.32558139534883723,43,0.11627906976744184,0.016279069767441978,1.2678571428571428,1.4107142857142858,1.5160714285714287,1.3607142857142858,0.32142857142857145,0.23214285714285715,0.44642857142857145,56,-0.14285714285714302,0.15535714285714297,0.25913621262458486,-0.139078073089701,0.09717607973421927,0.08098006644518274,0.17815614617940212
2021-07-04 00:00:00,NWSL,Orlando Pride,Courage,0,2,1.4,2.4,nwsl,AWAY_WIN,1.5535714285714286,1.1607142857142858,1.7142857142857142,1.3303571428571428,0.5,0.16071428571428573,0.3392857142857143,56,0.3928571428571428,0.3839285714285714,1.2105263157894737,1.280701754385965,1.5385964912280703,1.4421052631578948,0.3333333333333333,0.14035087719298245,0.5263157894736842,57,-0.07017543859649122,0.09649122807017552,0.463032581453634,0.2874373433583959,0.16666666666666669,0.34304511278195493,0.11998746867167909
2021-07-09 00:00:00,NWSL,Orlando Pride,Louisville,1,1,1.1,0.5,nwsl,DRAW,1.5535714285714286,1.1607142857142858,1.7142857142857142,1.3303571428571428,0.5,0.16071428571428573,0.3392857142857143,56,0.3928571428571428,0.3839285714285714,0.9523809523809523,1.7142857142857142,1.2214285714285713,1.7619047619047619,0.14285714285714285,0.3333333333333333,0.5238095238095238,42,-0.7619047619047619,-0.5404761904761906,1.1547619047619047,0.924404761904762,0.35714285714285715,0.6011904761904763,0.5535714285714284
2021-07-10 00:00:00,NWSL,Washington Spirit,Courage,2,0,2.7,1.6,nwsl,HOME_WIN,1.5714285714285714,1.0714285714285714,1.7017857142857142,1.3267857142857142,0.5357142857142857,0.21428571428571427,0.25,56,0.5,0.375,1.2105263157894737,1.280701754385965,1.5385964912280703,1.4421052631578948,0.3333333333333333,0.14035087719298245,0.5263157894736842,57,-0.07017543859649122,0.09649122807017552,0.5701754385964912,0.2785087719298245,0.20238095238095238,0.3609022556390977,0.2092731829573935
2021-07-11 00:00:00,NWSL,Chicago Stars,Dash,2,1,0.3,0.2,nwsl,HOME_WIN,1.2698412698412698,1.492063492063492,1.2841269841269842,1.4936507936507935,0.4126984126984127,0.12698412698412698,0.4603174603174603,63,-0.22222222222222232,-0.20952380952380922,0.8867924528301887,1.471698113207547,1.0830188679245283,1.679245283018868,0.32075471698113206,0.1320754716981132,0.5471698113207547,53,-0.5849056603773584,-0.5962264150943397,0.36268343815513604,0.3867026055705305,0.09194369571728062,0.38304881701108107,-0.020365378855945027
2021-07-11 00:00:00,NWSL,Portland Thorns FC,Gotham FC,0,0,2.1,0.8,nwsl,DRAW,1.75,0.9642857142857143,1.9107142857142858,1.075,0.5535714285714286,0.21428571428571427,0.23214285714285715,56,0.7857142857142857,0.8357142857142859,1.3333333333333333,0.9,1.3611111111111112,1.2633333333333334,0.4666666666666667,0.28888888888888886,0.24444444444444444,90,0.43333333333333324,0.09777777777777774,0.35238095238095246,0.7379365079365081,0.08690476190476193,0.41666666666666674,-0.06428571428571428
2021-07-11 00:00:00,NWSL,Seattle Reign FC,Kansas City,2,0,1.9,0.8,nwsl,HOME_WIN,1.3157894736842106,1.087719298245614,1.4789473684210526,1.2333333333333334,0.47368421052631576,0.21052631578947367,0.3157894736842105,57,0.22807017543859653,0.24561403508771917,0.5,1.9166666666666667,0.975,1.9083333333333332,0.0,0.25,0.75,12,-1.4166666666666667,-0.9333333333333332,1.6447368421052633,1.1789473684210523,0.47368421052631576,0.8157894736842106,0.8289473684210527
2021-07-17 00:00:00,NWSL,North Carolina Courage,Dash,1,2,1.7,0.8,nwsl,AWAY_WIN,1.7894736842105263,0.8421052631578947,1.7719298245614035,1.036842105263158,0.5789473684210527,0.24561403508771928,0.17543859649122806,57,0.9473684210526316,0.7350877192982455,0.8867924528301887,1.471698113207547,1.0830188679245283,1.679245283018868,0.32075471698113206,0.1320754716981132,0.5471698113207547,53,-0.5849056603773584,-0.5962264150943397,1.53227408142999,1.3313141343925852,0.2581926514399206,0.9026812313803376,0.6295928500496524
2021-07-18 00:00:00,NWSL,Chicago Stars,Reign,3,1,0.4,1.2,nwsl,HOME_WIN,1.2698412698412698,1.492063492063492,1.2841269841269842,1.4936507936507935,0.4126984126984127,0.12698412698412698,0.4603174603174603,63,-0.22222222222222232,-0.20952380952380922,1.1428571428571428,1.3928571428571428,1.2678571428571428,1.4535714285714287,0.32142857142857145,0.21428571428571427,0.4642857142857143,56,-0.25,-0.18571428571428594,0.02777777777777768,-0.02380952380952328,0.09126984126984122,0.12698412698412698,-0.0992063492063493
2021-07-18 00:00:00,NWSL,Portland Thorns FC,Pride,2,1,2.4,0.3,nwsl,HOME_WIN,1.75,0.9642857142857143,1.9107142857142858,1.075,0.5535714285714286,0.21428571428571427,0.23214285714285715,56,0.7857142857142857,0.8357142857142859,1.1636363636363636,1.4727272727272727,1.1709090909090911,1.6145454545454545,0.38181818181818183,0.18181818181818182,0.43636363636363634,55,-0.3090909090909091,-0.4436363636363634,1.0948051948051947,1.2793506493506492,0.17175324675324677,0.5863636363636364,0.5084415584415584
2021-07-18 00:00:00,NWSL,Washington Spirit,Gotham FC,2,3,1.7,3.4,nwsl,AWAY_WIN,1.5714285714285714,1.0714285714285714,1.7017857142857142,1.3267857142857142,0.5357142857142857,0.21428571428571427,0.25,56,0.5,0.375,1.3333333333333333,0.9,1.3611111111111112,1.2633333333333334,0.4666666666666667,0.28888888888888886,0.24444444444444444,90,0.43333333333333324,0.09777777777777774,0.06666666666666676,0.27722222222222226,0.06904761904761902,0.23809523809523814,-0.17142857142857137
2021-07-23 00:00:00,NWSL,Kansas City Current,Courage,0,0,1.0,0.7,nwsl,DRAW,1.8372093023255813,1.2325581395348837,1.8162790697674418,1.1232558139534883,0.5581395348837209,0.16279069767441862,0.27906976744186046,43,0.6046511627906976,0.6930232558139535,1.2105263157894737,1.280701754385965,1.5385964912280703,1.4421052631578948,0.3333333333333333,0.14035087719298245,0.5263157894736842,57,-0.07017543859649122,0.09649122807017552,0.6748266013871889,0.596532027743778,0.2248062015503876,0.6266829865361077,0.04814361485108121
2021-07-24 00:00:00,NWSL,Houston Dash,Thorns,0,1,0.7,1.2,nwsl,AWAY_WIN,0.9642857142857143,1.2678571428571428,1.2732142857142856,1.4857142857142858,0.23214285714285715,0.32142857142857145,0.44642857142857145,56,-0.3035714285714285,-0.21250000000000013,1.2678571428571428,1.4107142857142858,1.5160714285714287,1.3607142857142858,0.32142857142857145,0.23214285714285715,0.44642857142857145,56,-0.14285714285714302,0.15535714285714297,-0.16071428571428548,-0.3678571428571431,-0.0892857142857143,-0.3035714285714285,0.14285714285714302
2021-07-24 00:00:00,NWSL,Orlando Pride,Reign,0,2,0.8,2.1,nwsl,AWAY_WIN,1.5535714285714286,1.1607142857142858,1.7142857142857142,1.3303571428571428,0.5,0.16071428571428573,0.3392857142857143,56,0.3928571428571428,0.3839285714285714,1.1428571428571428,1.3928571428571428,1.2678571428571428,1.4535714285714287,0.32142857142857145,0.21428571428571427,0.4642857142857143,56,-0.25,-0.18571428571428594,0.6428571428571428,0.5696428571428573,0.17857142857142855,0.4107142857142858,0.23214285714285698
2021-07-25 00:00:00,NWSL,Gotham FC,Red Stars,2,1,1.4,1.2,nwsl,HOME_WIN,1.3333333333333333,0.9,1.3611111111111112,1.2633333333333334,0.4666666666666667,0.28888888888888886,0.24444444444444444,90,0.43333333333333324,0.09777777777777774,1.2307692307692308,1.6730769230769231,1.294230769230769,1.7326923076923075,0.38461538461538464,0.1346153846153846,0.4807692307692308,52,-0.4423076923076923,-0.43846153846153846,0.8756410256410255,0.5362393162393162,0.08205128205128204,0.10256410256410242,0.7730769230769231
2021-07-25 00:00:00,NWSL,Racing Louisville,Spirit,0,2,1.5,1.7,nwsl,AWAY_WIN,1.3488372093023255,1.2325581395348837,1.3534883720930233,1.3372093023255813,0.4186046511627907,0.2558139534883721,0.32558139534883723,43,0.11627906976744184,0.016279069767441978,1.3818181818181818,1.1636363636363636,1.3563636363636362,1.3800000000000001,0.4727272727272727,0.2545454545454545,0.2727272727272727,55,0.21818181818181825,-0.0236363636363639,-0.10190274841437641,0.03991543340380588,-0.054122621564482,-0.0329809725158563,-0.06892177589852011
2021-07-31 00:00:00,NWSL,North Carolina Courage,Pride,1,1,1.2,1.0,nwsl,DRAW,1.7894736842105263,0.8421052631578947,1.7719298245614035,1.036842105263158,0.5789473684210527,0.24561403508771928,0.17543859649122806,57,0.9473684210526316,0.7350877192982455,1.1636363636363636,1.4727272727272727,1.1709090909090911,1.6145454545454545,0.38181818181818183,0.18181818181818182,0.43636363636363634,55,-0.3090909090909091,-0.4436363636363634,1.2564593301435407,1.1787240829346088,0.19712918660287082,0.6258373205741627,0.630622009569378
2021-07-31 00:00:00,NWSL,Seattle Reign FC,Louisville,2,0,1.4,1.4,nwsl,HOME_WIN,1.3157894736842106,1.087719298245614,1.4789473684210526,1.2333333333333334,0.47368421052631576,0.21052631578947367,0.3157894736842105,57,0.22807017543859653,0.24561403508771917,0.9523809523809523,1.7142857142857142,1.2214285714285713,1.7619047619047619,0.14285714285714285,0.3333333333333333,0.5238095238095238,42,-0.7619047619047619,-0.5404761904761906,0.9899749373433584,0.7860902255639097,0.3308270676691729,0.3634085213032583,0.6265664160401001
2021-08-01 00:00:00,NWSL,Chicago Stars,Spirit,3,1,2.6,1.7,nwsl,HOME_WIN,1.2698412698412698,1.492063492063492,1.2841269841269842,1.4936507936507935,0.4126984126984127,0.12698412698412698,0.4603174603174603,63,-0.22222222222222232,-0.20952380952380922,1.3818181818181818,1.1636363636363636,1.3563636363636362,1.3800000000000001,0.4727272727272727,0.2545454545454545,0.2727272727272727,55,0.21818181818181825,-0.0236363636363639,-0.4404040404040406,-0.18588744588744532,-0.06002886002886004,-0.11197691197691206,-0.3284271284271285
2021-08-01 00:00:00,NWSL,Houston Dash,Gotham FC,1,1,2.0,1.6,nwsl,DRAW,0.9642857142857143,1.2678571428571428,1.2732142857142856,1.4857142857142858,0.23214285714285715,0.32142857142857145,0.44642857142857145,56,-0.3035714285714285,-0.21250000000000013,1.3333333333333333,0.9,1.3611111111111112,1.2633333333333334,0.4666666666666667,0.28888888888888886,0.24444444444444444,90,0.43333333333333324,0.09777777777777774,-0.7369047619047617,-0.3102777777777779,-0.23452380952380952,-0.36904761904761896,-0.36785714285714277
2021-08-01 00:00:00,NWSL,Portland Thorns FC,Kansas City,2,0,1.6,1.5,nwsl,HOME_WIN,1.75,0.9642857142857143,1.9107142857142858,1.075,0.5535714285714286,0.21428571428571427,0.23214285714285715,56,0.7857142857142857,0.8357142857142859,0.5,1.9166666666666667,0.975,1.9083333333333332,0.0,0.25,0.75,12,-1.4166666666666667,-0.9333333333333332,2.2023809523809526,1.769047619047619,0.5535714285714286,1.25,0.9523809523809524
2021-08-07 00:00:00,NWSL,Gotham FC,Courage,0,1,0.7,1.3,nwsl,AWAY_WIN,1.3333333333333333,0.9,1.3611111111111112,1.2633333333333334,0.4666666666666667,0.28888888888888886,0.24444444444444444,90,0.43333333333333324,0.09777777777777774,1.2105263157894737,1.280701754385965,1.5385964912280703,1.4421052631578948,0.3333333333333333,0.14035087719298245,0.5263157894736842,57,-0.07017543859649122,0.09649122807017552,0.5035087719298245,0.0012865497076022248,0.13333333333333336,0.12280701754385959,0.3807017543859649
2021-08-07 00:00:00,NWSL,Seattle Reign FC,Dash,5,1,2.6,0.6,nwsl,HOME_WIN,1.3157894736842106,1.087719298245614,1.4789473684210526,1.2333333333333334,0.47368421052631576,0.21052631578947367,0.3157894736842105,57,0.22807017543859653,0.24561403508771917,0.8867924528301887,1.471698113207547,1.0830188679245283,1.679245283018868,0.32075471698113206,0.1320754716981132,0.5471698113207547,53,-0.5849056603773584,-0.5962264150943397,0.8129758358159549,0.8418404501820589,0.1529294935451837,0.4289970208540219,0.383978814961933
2021-08-07 00:00:00,NWSL,Washington Spirit,Thorns,0,1,0.8,1.5,nwsl,AWAY_WIN,1.5714285714285714,1.0714285714285714,1.7017857142857142,1.3267857142857142,0.5357142857142857,0.21428571428571427,0.25,56,0.5,0.375,1.2678571428571428,1.4107142857142858,1.5160714285714287,1.3607142857142858,0.32142857142857145,0.23214285714285715,0.44642857142857145,56,-0.14285714285714302,0.15535714285714297,0.642857142857143,0.21964285714285703,0.21428571428571425,0.3035714285714286,0.3392857142857144
2021-08-08 00:00:00,NWSL,Chicago Stars,Pride,0,2,1.5,1.2,nwsl,AWAY_WIN,1.2698412698412698,1.492063492063492,1.2841269841269842,1.4936507936507935,0.4126984126984127,0.12698412698412698,0.4603174603174603,63,-0.22222222222222232,-0.20952380952380922,1.1636363636363636,1.4727272727272727,1.1709090909090911,1.6145454545454545,0.38181818181818183,0.18181818181818182,0.43636363636363634,55,-0.3090909090909091,-0.4436363636363634,0.08686868686868676,0.23411255411255416,0.03088023088023084,0.10620490620490619,-0.01933621933621943
2021-08-08 00:00:00,NWSL,Racing Louisville,Kansas City,3,1,2.5,1.9,nwsl,HOME_WIN,1.3488372093023255,1.2325581395348837,1.3534883720930233,1.3372093023255813,0.4186046511627907,0.2558139534883721,0.32558139534883723,43,0.11627906976744184,0.016279069767441978,0.5,1.9166666666666667,0.975,1.9083333333333332,0.0,0.25,0.75,12,-1.4166666666666667,-0.9333333333333332,1.5329457364341086,0.9496124031007752,0.4186046511627907,0.8488372093023255,0.684108527131783
2021-08-13 00:00:00,NWSL,Houston Dash,Spirit,2,2,2.1,1.0,nwsl,DRAW,0.9642857142857143,1.2678571428571428,1.2732142857142856,1.4857142857142858,0.23214285714285715,0.32142857142857145,0.44642857142857145,56,-0.3035714285714285,-0.21250000000000013,1.3818181818181818,1.1636363636363636,1.3563636363636362,1.3800000000000001,0.4727272727272727,0.2545454545454545,0.2727272727272727,55,0.21818181818181825,-0.0236363636363639,-0.5217532467532467,-0.18886363636363623,-0.24058441558441557,-0.41753246753246753,-0.10422077922077921
2021-08-14 00:00:00,NWSL,Kansas City Current,Reign,1,0,1.0,0.8,nwsl,HOME_WIN,1.8372093023255813,1.2325581395348837,1.8162790697674418,1.1232558139534883,0.5581395348837209,0.16279069767441862,0.27906976744186046,43,0.6046511627906976,0.6930232558139535,1.1428571428571428,1.3928571428571428,1.2678571428571428,1.4535714285714287,0.32142857142857145,0.21428571428571427,0.4642857142857143,56,-0.25,-0.18571428571428594,0.8546511627906976,0.8787375415282395,0.23671096345514947,0.6943521594684385,0.1602990033222591
2021-08-14 00:00:00,NWSL,Orlando Pride,Thorns,1,1,1.4,0.8,nwsl,DRAW,1.5535714285714286,1.1607142857142858,1.7142857142857142,1.3303571428571428,0.5,0.16071428571428573,0.3392857142857143,56,0.3928571428571428,0.3839285714285714,1.2678571428571428,1.4107142857142858,1.5160714285714287,1.3607142857142858,0.32142857142857145,0.23214285714285715,0.44642857142857145,56,-0.14285714285714302,0.15535714285714297,0.5357142857142858,0.22857142857142843,0.17857142857142855,0.2857142857142858,0.25
2021-08-15 00:00:00,NWSL,Gotham FC,Louisville,1,1,0.5,2.2,nwsl,DRAW,1.3333333333333333,0.9,1.3611111111111112,1.2633333333333334,0.4666666666666667,0.28888888888888886,0.24444444444444444,90,0.43333333333333324,0.09777777777777774,0.9523809523809523,1.7142857142857142,1.2214285714285713,1.7619047619047619,0.14285714285714285,0.3333333333333333,0.5238095238095238,42,-0.7619047619047619,-0.5404761904761906,1.195238095238095,0.6382539682539683,0.3238095238095238,0.38095238095238093,0.8142857142857142
2021-08-15 00:00:00,NWSL,North Carolina Courage,Red Stars,1,0,2.2,1.0,nwsl,HOME_WIN,1.7894736842105263,0.8421052631578947,1.7719298245614035,1.036842105263158,0.5789473684210527,0.24561403508771928,0.17543859649122806,57,0.9473684210526316,0.7350877192982455,1.2307692307692308,1.6730769230769231,1.294230769230769,1.7326923076923075,0.38461538461538464,0.1346153846153846,0.4807692307692308,52,-0.4423076923076923,-0.43846153846153846,1.389676113360324,1.173549257759784,0.19433198380566802,0.5587044534412955,0.8309716599190284
2021-08-18 00:00:00,NWSL,Racing Louisville,Red Stars,1,1,0.8,2.3,nwsl,DRAW,1.3488372093023255,1.2325581395348837,1.3534883720930233,1.3372093023255813,0.4186046511627907,0.2558139534883721,0.32558139534883723,43,0.11627906976744184,0.016279069767441978,1.2307692307692308,1.6730769230769231,1.294230769230769,1.7326923076923075,0.38461538461538464,0.1346153846153846,0.4807692307692308,52,-0.4423076923076923,-0.43846153846153846,0.5585867620751341,0.45474060822898044,0.03398926654740608,0.1180679785330947,0.44051878354203944
2021-08-21 00:00:00,NWSL,North Carolina Courage,Kansas City,4,0,1.2,1.7,nwsl,HOME_WIN,1.7894736842105263,0.8421052631578947,1.7719298245614035,1.036842105263158,0.5789473684210527,0.24561403508771928,0.17543859649122806,57,0.9473684210526316,0.7350877192982455,0.5,1.9166666666666667,0.975,1.9083333333333332,0.0,0.25,0.75,12,-1.4166666666666667,-0.9333333333333332,2.3640350877192984,1.6684210526315786,0.5789473684210527,1.2894736842105263,1.074561403508772
2021-08-21 00:00:00,NWSL,Seattle Reign FC,Gotham FC,3,2,3.4,1.3,nwsl,HOME_WIN,1.3157894736842106,1.087719298245614,1.4789473684210526,1.2333333333333334,0.47368421052631576,0.21052631578947367,0.3157894736842105,57,0.22807017543859653,0.24561403508771917,1.3333333333333333,0.9,1.3611111111111112,1.2633333333333334,0.4666666666666667,0.28888888888888886,0.24444444444444444,90,0.43333333333333324,0.09777777777777774,-0.2052631578947367,0.14783625730994143,0.007017543859649089,-0.01754385964912264,-0.18771929824561406
2021-08-22 00:00:00,NWSL,Washington Spirit,Pride,2,1,1.9,1.0,nwsl,HOME_WIN,1.5714285714285714,1.0714285714285714,1.7017857142857142,1.3267857142857142,0.5357142857142857,0.21428571428571427,0.25,56,0.5,0.375,1.1636363636363636,1.4727272727272727,1.1709090909090911,1.6145454545454545,0.38181818181818183,0.18181818181818182,0.43636363636363634,55,-0.3090909090909091,-0.4436363636363634,0.8090909090909091,0.8186363636363634,0.15389610389610386,0.4077922077922078,0.40129870129870127
2021-08-25 00:00:00,NWSL,Kansas City Current,Louisville,2,1,1.5,0.9,nwsl,HOME_WIN,1.8372093023255813,1.2325581395348837,1.8162790697674418,1.1232558139534883,0.5581395348837209,0.16279069767441862,0.27906976744186046,43,0.6046511627906976,0.6930232558139535,0.9523809523809523,1.7142857142857142,1.2214285714285713,1.7619047619047619,0.14285714285714285,0.3333333333333333,0.5238095238095238,42,-0.7619047619047619,-0.5404761904761906,1.3665559246954595,1.233499446290144,0.4152823920265781,0.884828349944629,0.4817275747508305
2021-08-25 00:00:00,NWSL,Portland Thorns FC,Gotham FC,2,1,2.8,0.6,nwsl,HOME_WIN,1.75,0.9642857142857143,1.9107142857142858,1.075,0.5535714285714286,0.21428571428571427,0.23214285714285715,56,0.7857142857142857,0.8357142857142859,1.3333333333333333,0.9,1.3611111111111112,1.2633333333333334,0.4666666666666667,0.28888888888888886,0.24444444444444444,90,0.43333333333333324,0.09777777777777774,0.35238095238095246,0.7379365079365081,0.08690476190476193,0.41666666666666674,-0.06428571428571428
2021-08-28 00:00:00,NWSL,Chicago Stars,Kansas City,3,0,3.2,0.6,nwsl,HOME_WIN,1.2698412698412698,1.492063492063492,1.2841269841269842,1.4936507936507935,0.4126984126984127,0.12698412698412698,0.4603174603174603,63,-0.22222222222222232,-0.20952380952380922,0.5,1.9166666666666667,0.975,1.9083333333333332,0.0,0.25,0.75,12,-1.4166666666666667,-0.9333333333333332,1.1944444444444444,0.723809523809524,0.4126984126984127,0.7698412698412698,0.42460317460317465
2021-08-29 00:00:00,NWSL,Gotham FC,Pride,0,1,1.3,0.3,nwsl,AWAY_WIN,1.3333333333333333,0.9,1.3611111111111112,1.2633333333333334,0.4666666666666667,0.28888888888888886,0.24444444444444444,90,0.43333333333333324,0.09777777777777774,1.1636363636363636,1.4727272727272727,1.1709090909090911,1.6145454545454545,0.38181818181818183,0.18181818181818182,0.43636363636363634,55,-0.3090909090909091,-0.4436363636363634,0.7424242424242423,0.5414141414141411,0.08484848484848484,0.16969696969696968,0.5727272727272726
2021-08-29 00:00:00,NWSL,Houston Dash,Louisville,1,0,1.3,1.4,nwsl,HOME_WIN,0.9642857142857143,1.2678571428571428,1.2732142857142856,1.4857142857142858,0.23214285714285715,0.32142857142857145,0.44642857142857145,56,-0.3035714285714285,-0.21250000000000013,0.9523809523809523,1.7142857142857142,1.2214285714285713,1.7619047619047619,0.14285714285714285,0.3333333333333333,0.5238095238095238,42,-0.7619047619047619,-0.5404761904761906,0.45833333333333337,0.3279761904761904,0.0892857142857143,0.011904761904761973,0.4464285714285714
2021-08-29 00:00:00,NWSL,Seattle Reign FC,Thorns,2,1,1.9,1.2,nwsl,HOME_WIN,1.3157894736842106,1.087719298245614,1.4789473684210526,1.2333333333333334,0.47368421052631576,0.21052631578947367,0.3157894736842105,57,0.22807017543859653,0.24561403508771917,1.2678571428571428,1.4107142857142858,1.5160714285714287,1.3607142857142858,0.32142857142857145,0.23214285714285715,0.44642857142857145,56,-0.14285714285714302,0.15535714285714297,0.37092731829573955,0.0902568922305762,0.1522556390977443,0.047932330827067826,0.3229949874686717
2021-08-29 00:00:00,NWSL,Washington Spirit,Courage,0,0,1.3,1.2,nwsl,DRAW,1.5714285714285714,1.0714285714285714,1.7017857142857142,1.3267857142857142,0.5357142857142857,0.21428571428571427,0.25,56,0.5,0.375,1.2105263157894737,1.280701754385965,1.5385964912280703,1.4421052631578948,0.3333333333333333,0.14035087719298245,0.5263157894736842,57,-0.07017543859649122,0.09649122807017552,0.5701754385964912,0.2785087719298245,0.20238095238095238,0.3609022556390977,0.2092731829573935
2021-09-01 00:00:00,NWSL,Houston Dash,Reign,0,1,0.8,1.8,nwsl,AWAY_WIN,0.9642857142857143,1.2678571428571428,1.2732142857142856,1.4857142857142858,0.23214285714285715,0.32142857142857145,0.44642857142857145,56,-0.3035714285714285,-0.21250000000000013,1.1428571428571428,1.3928571428571428,1.2678571428571428,1.4535714285714287,0.32142857142857145,0.21428571428571427,0.4642857142857143,56,-0.25,-0.18571428571428594,-0.05357142857142849,-0.02678571428571419,-0.0892857142857143,-0.1785714285714285,0.125
2021-09-04 00:00:00,NWSL,Gotham FC,Red Stars,0,0,1.1,2.2,nwsl,DRAW,1.3333333333333333,0.9,1.3611111111111112,1.2633333333333334,0.4666666666666667,0.28888888888888886,0.24444444444444444,90,0.43333333333333324,0.09777777777777774,1.2307692307692308,1.6730769230769231,1.294230769230769,1.7326923076923075,0.38461538461538464,0.1346153846153846,0.4807692307692308,52,-0.4423076923076923,-0.43846153846153846,0.8756410256410255,0.5362393162393162,0.08205128205128204,0.10256410256410242,0.7730769230769231
2021-09-04 00:00:00,NWSL,Racing Louisville,Reign,1,1,0.8,2.1,nwsl,DRAW,1.3488372093023255,1.2325581395348837,1.3534883720930233,1.3372093023255813,0.4186046511627907,0.2558139534883721,0.32558139534883723,43,0.11627906976744184,0.016279069767441978,1.1428571428571428,1.3928571428571428,1.2678571428571428,1.4535714285714287,0.32142857142857145,0.21428571428571427,0.4642857142857143,56,-0.25,-0.18571428571428594,0.36627906976744184,0.20199335548172792,0.09717607973421927,0.20598006644518274,0.1602990033222591
2021-09-05 00:00:00,NWSL,Kansas City Current,Courage,0,0,1.4,1.2,nwsl,DRAW,1.8372093023255813,1.2325581395348837,1.8162790697674418,1.1232558139534883,0.5581395348837209,0.16279069767441862,0.27906976744186046,43,0.6046511627906976,0.6930232558139535,1.2105263157894737,1.280701754385965,1.5385964912280703,1.4421052631578948,0.3333333333333333,0.14035087719298245,0.5263157894736842,57,-0.07017543859649122,0.09649122807017552,0.6748266013871889,0.596532027743778,0.2248062015503876,0.6266829865361077,0.04814361485108121
2021-09-05 00:00:00,NWSL,Orlando Pride,Dash,1,1,0.4,1.1,nwsl,DRAW,1.5535714285714286,1.1607142857142858,1.7142857142857142,1.3303571428571428,0.5,0.16071428571428573,0.3392857142857143,56,0.3928571428571428,0.3839285714285714,0.8867924528301887,1.471698113207547,1.0830188679245283,1.679245283018868,0.32075471698113206,0.1320754716981132,0.5471698113207547,53,-0.5849056603773584,-0.5962264150943397,0.9777628032345012,0.9801549865229111,0.17924528301886794,0.6667789757412399,0.31098382749326126
2021-09-10 00:00:00,NWSL,Houston Dash,Red Stars,1,1,1.0,2.0,nwsl,DRAW,0.9642857142857143,1.2678571428571428,1.2732142857142856,1.4857142857142858,0.23214285714285715,0.32142857142857145,0.44642857142857145,56,-0.3035714285714285,-0.21250000000000013,1.2307692307692308,1.6730769230769231,1.294230769230769,1.7326923076923075,0.38461538461538464,0.1346153846153846,0.4807692307692308,52,-0.4423076923076923,-0.43846153846153846,0.1387362637362638,0.22596153846153832,-0.15247252747252749,-0.26648351648351654,0.40521978021978033
2021-09-11 00:00:00,NWSL,Orlando Pride,Louisville,3,1,1.6,0.9,nwsl,HOME_WIN,1.5535714285714286,1.1607142857142858,1.7142857142857142,1.3303571428571428,0.5,0.16071428571428573,0.3392857142857143,56,0.3928571428571428,0.3839285714285714,0.9523809523809523,1.7142857142857142,1.2214285714285713,1.7619047619047619,0.14285714285714285,0.3333333333333333,0.5238095238095238,42,-0.7619047619047619,-0.5404761904761906,1.1547619047619047,0.924404761904762,0.35714285714285715,0.6011904761904763,0.5535714285714284
2021-09-12 00:00:00,NWSL,North Carolina Courage,Thorns,0,1,1.1,1.5,nwsl,AWAY_WIN,1.7894736842105263,0.8421052631578947,1.7719298245614035,1.036842105263158,0.5789473684210527,0.24561403508771928,0.17543859649122806,57,0.9473684210526316,0.7350877192982455,1.2678571428571428,1.4107142857142858,1.5160714285714287,1.3607142857142858,0.32142857142857145,0.23214285714285715,0.44642857142857145,56,-0.14285714285714302,0.15535714285714297,1.0902255639097747,0.5797305764411025,0.2575187969924812,0.5216165413533835,0.5686090225563911
2021-09-25 00:00:00,NWSL,Chicago Stars,Thorns,2,1,1.5,0.7,nwsl,HOME_WIN,1.2698412698412698,1.492063492063492,1.2841269841269842,1.4936507936507935,0.4126984126984127,0.12698412698412698,0.4603174603174603,63,-0.22222222222222232,-0.20952380952380922,1.2678571428571428,1.4107142857142858,1.5160714285714287,1.3607142857142858,0.32142857142857145,0.23214285714285715,0.44642857142857145,56,-0.14285714285714302,0.15535714285714297,-0.0793650793650793,-0.3648809523809522,0.09126984126984122,0.001984126984126977,-0.08134920634920628
2021-09-25 00:00:00,NWSL,Gotham FC,Courage,3,1,2.4,0.4,nwsl,HOME_WIN,1.3333333333333333,0.9,1.3611111111111112,1.2633333333333334,0.4666666666666667,0.28888888888888886,0.24444444444444444,90,0.43333333333333324,0.09777777777777774,1.2105263157894737,1.280701754385965,1.5385964912280703,1.4421052631578948,0.3333333333333333,0.14035087719298245,0.5263157894736842,57,-0.07017543859649122,0.09649122807017552,0.5035087719298245,0.0012865497076022248,0.13333333333333336,0.12280701754385959,0.3807017543859649
2021-09-26 00:00:00,NWSL,Racing Louisville,Dash,0,4,0.2,1.8,nwsl,AWAY_WIN,1.3488372093023255,1.2325581395348837,1.3534883720930233,1.3372093023255813,0.4186046511627907,0.2558139534883721,0.32558139534883723,43,0.11627906976744184,0.016279069767441978,0.8867924528301887,1.471698113207547,1.0830188679245283,1.679245283018868,0.32075471698113206,0.1320754716981132,0.5471698113207547,53,-0.5849056603773584,-0.5962264150943397,0.7011847301448002,0.6125054848617817,0.09784993418165866,0.46204475647213683,0.23913997367266338
2021-09-26 00:00:00,NWSL,Seattle Reign FC,Pride,3,0,3.1,0.6,nwsl,HOME_WIN,1.3157894736842106,1.087719298245614,1.4789473684210526,1.2333333333333334,0.47368421052631576,0.21052631578947367,0.3157894736842105,57,0.22807017543859653,0.24561403508771917,1.1636363636363636,1.4727272727272727,1.1709090909090911,1.6145454545454545,0.38181818181818183,0.18181818181818182,0.43636363636363634,55,-0.3090909090909091,-0.4436363636363634,0.5371610845295056,0.6892503987240826,0.09186602870813393,0.15215311004784704,0.3850079744816586
2021-09-26 00:00:00,NWSL,Washington Spirit,Kansas City,2,1,1.2,0.8,nwsl,HOME_WIN,1.5714285714285714,1.0714285714285714,1.7017857142857142,1.3267857142857142,0.5357142857142857,0.21428571428571427,0.25,56,0.5,0.375,0.5,1.9166666666666667,0.975,1.9083333333333332,0.0,0.25,0.75,12,-1.4166666666666667,-0.9333333333333332,1.9166666666666667,1.3083333333333331,0.5357142857142857,1.0714285714285714,0.8452380952380953
2021-10-06 00:00:00,NWSL,Gotham FC,Spirit,0,0,1.1,0.6,nwsl,DRAW,1.3333333333333333,0.9,1.3611111111111112,1.2633333333333334,0.4666666666666667,0.28888888888888886,0.24444444444444444,90,0.43333333333333324,0.09777777777777774,1.3818181818181818,1.1636363636363636,1.3563636363636362,1.3800000000000001,0.4727272727272727,0.2545454545454545,0.2727272727272727,55,0.21818181818181825,-0.0236363636363639,0.21515151515151498,0.12141414141414164,-0.006060606060606044,-0.048484848484848575,0.26363636363636356
2021-10-06 00:00:00,NWSL,North Carolina Courage,Louisville,3,1,3.4,0.6,nwsl,HOME_WIN,1.7894736842105263,0.8421052631578947,1.7719298245614035,1.036842105263158,0.5789473684210527,0.24561403508771928,0.17543859649122806,57,0.9473684210526316,0.7350877192982455,0.9523809523809523,1.7142857142857142,1.2214285714285713,1.7619047619047619,0.14285714285714285,0.3333333333333333,0.5238095238095238,42,-0.7619047619047619,-0.5404761904761906,1.7092731829573935,1.275563909774436,0.4360902255639098,0.837092731829574,0.8721804511278195
2021-10-06 00:00:00,NWSL,Portland Thorns FC,Dash,2,3,2.1,2.8,nwsl,AWAY_WIN,1.75,0.9642857142857143,1.9107142857142858,1.075,0.5535714285714286,0.21428571428571427,0.23214285714285715,56,0.7857142857142857,0.8357142857142859,0.8867924528301887,1.471698113207547,1.0830188679245283,1.679245283018868,0.32075471698113206,0.1320754716981132,0.5471698113207547,53,-0.5849056603773584,-0.5962264150943397,1.3706199460916442,1.4319407008086256,0.23281671159029654,0.8632075471698113,0.5074123989218328
2021-10-09 00:00:00,NWSL,Orlando Pride,Gotham FC,2,3,2.1,2.2,nwsl,AWAY_WIN,1.5535714285714286,1.1607142857142858,1.7142857142857142,1.3303571428571428,0.5,0.16071428571428573,0.3392857142857143,56,0.3928571428571428,0.3839285714285714,1.3333333333333333,0.9,1.3611111111111112,1.2633333333333334,0.4666666666666667,0.28888888888888886,0.24444444444444444,90,0.43333333333333324,0.09777777777777774,-0.04047619047619044,0.28615079365079366,0.033333333333333326,0.22023809523809534,-0.2607142857142858
2021-10-09 00:00:00,NWSL,Washington Spirit,Louisville,3,0,3.6,0.6,nwsl,HOME_WIN,1.5714285714285714,1.0714285714285714,1.7017857142857142,1.3267857142857142,0.5357142857142857,0.21428571428571427,0.25,56,0.5,0.375,0.9523809523809523,1.7142857142857142,1.2214285714285713,1.7619047619047619,0.14285714285714285,0.3333333333333333,0.5238095238095238,42,-0.7619047619047619,-0.5404761904761906,1.2619047619047619,0.9154761904761906,0.39285714285714285,0.6190476190476191,0.6428571428571428
2021-10-10 00:00:00,NWSL,Houston Dash,Courage,4,1,3.0,1.3,nwsl,HOME_WIN,0.9642857142857143,1.2678571428571428,1.2732142857142856,1.4857142857142858,0.23214285714285715,0.32142857142857145,0.44642857142857145,56,-0.3035714285714285,-0.21250000000000013,1.2105263157894737,1.280701754385965,1.5385964912280703,1.4421052631578948,0.3333333333333333,0.14035087719298245,0.5263157894736842,57,-0.07017543859649122,0.09649122807017552,-0.23339598997493727,-0.30899122807017565,-0.10119047619047616,-0.24624060150375937,0.012844611528822103
2021-10-10 00:00:00,NWSL,Kansas City Current,Thorns,0,0,0.4,1.6,nwsl,DRAW,1.8372093023255813,1.2325581395348837,1.8162790697674418,1.1232558139534883,0.5581395348837209,0.16279069767441862,0.27906976744186046,43,0.6046511627906976,0.6930232558139535,1.2678571428571428,1.4107142857142858,1.5160714285714287,1.3607142857142858,0.32142857142857145,0.23214285714285715,0.44642857142857145,56,-0.14285714285714302,0.15535714285714297,0.7475083056478407,0.5376661129568105,0.23671096345514947,0.5693521594684385,0.17815614617940212
2021-10-10 00:00:00,NWSL,Seattle Reign FC,Red Stars,3,2,1.8,1.7,nwsl,HOME_WIN,1.3157894736842106,1.087719298245614,1.4789473684210526,1.2333333333333334,0.47368421052631576,0.21052631578947367,0.3157894736842105,57,0.22807017543859653,0.24561403508771917,1.2307692307692308,1.6730769230769231,1.294230769230769,1.7326923076923075,0.38461538461538464,0.1346153846153846,0.4807692307692308,52,-0.4423076923076923,-0.43846153846153846,0.6703778677462888,0.6840755735492576,0.08906882591093113,0.08502024291497978,0.585357624831309
2021-10-13 00:00:00,NWSL,Chicago Stars,Pride,1,0,1.8,1.4,nwsl,HOME_WIN,1.2698412698412698,1.492063492063492,1.2841269841269842,1.4936507936507935,0.4126984126984127,0.12698412698412698,0.4603174603174603,63,-0.22222222222222232,-0.20952380952380922,1.1636363636363636,1.4727272727272727,1.1709090909090911,1.6145454545454545,0.38181818181818183,0.18181818181818182,0.43636363636363634,55,-0.3090909090909091,-0.4436363636363634,0.08686868686868676,0.23411255411255416,0.03088023088023084,0.10620490620490619,-0.01933621933621943
2021-10-13 00:00:00,NWSL,Kansas City Current,Dash,3,0,2.2,0.3,nwsl,HOME_WIN,1.8372093023255813,1.2325581395348837,1.8162790697674418,1.1232558139534883,0.5581395348837209,0.16279069767441862,0.27906976744186046,43,0.6046511627906976,0.6930232558139535,0.8867924528301887,1.471698113207547,1.0830188679245283,1.679245283018868,0.32075471698113206,0.1320754716981132,0.5471698113207547,53,-0.5849056603773584,-0.5962264150943397,1.189556823168056,1.2892496709082932,0.23738481790258886,0.9504168494953926,0.23913997367266338
2021-10-13 00:00:00,NWSL,North Carolina Courage,Spirit,1,2,1.7,0.9,nwsl,AWAY_WIN,1.7894736842105263,0.8421052631578947,1.7719298245614035,1.036842105263158,0.5789473684210527,0.24561403508771928,0.17543859649122806,57,0.9473684210526316,0.7350877192982455,1.3818181818181818,1.1636363636363636,1.3563636363636362,1.3800000000000001,0.4727272727272727,0.2545454545454545,0.2727272727272727,55,0.21818181818181825,-0.0236363636363639,0.7291866028708134,0.7587240829346094,0.10622009569377994,0.4076555023923445,0.3215311004784689
2021-10-13 00:00:00,NWSL,Portland Thorns FC,Reign,1,1,1.3,1.7,nwsl,DRAW,1.75,0.9642857142857143,1.9107142857142858,1.075,0.5535714285714286,0.21428571428571427,0.23214285714285715,56,0.7857142857142857,0.8357142857142859,1.1428571428571428,1.3928571428571428,1.2678571428571428,1.4535714285714287,0.32142857142857145,0.21428571428571427,0.4642857142857143,56,-0.25,-0.18571428571428594,1.0357142857142856,1.0214285714285718,0.23214285714285715,0.6071428571428572,0.4285714285714285
2021-10-16 00:00:00,NWSL,Chicago Stars,Kansas City,2,1,2.4,0.8,nwsl,HOME_WIN,1.2698412698412698,1.492063492063492,1.2841269841269842,1.4936507936507935,0.4126984126984127,0.12698412698412698,0.4603174603174603,63,-0.22222222222222232,-0.20952380952380922,0.5,1.9166666666666667,0.975,1.9083333333333332,0.0,0.25,0.75,12,-1.4166666666666667,-0.9333333333333332,1.1944444444444444,0.723809523809524,0.4126984126984127,0.7698412698412698,0.42460317460317465
2021-10-16 00:00:00,NWSL,Racing Louisville,Pride,3,1,1.3,1.6,nwsl,HOME_WIN,1.3488372093023255,1.2325581395348837,1.3534883720930233,1.3372093023255813,0.4186046511627907,0.2558139534883721,0.32558139534883723,43,0.11627906976744184,0.016279069767441978,1.1636363636363636,1.4727272727272727,1.1709090909090911,1.6145454545454545,0.38181818181818183,0.18181818181818182,0.43636363636363634,55,-0.3090909090909091,-0.4436363636363634,0.42536997885835093,0.45991543340380536,0.036786469344608885,0.18520084566596196,0.24016913319238897
2021-10-16 00:00:00,NWSL,Seattle Reign FC,Spirit,0,2,1.0,1.2,nwsl,AWAY_WIN,1.3157894736842106,1.087719298245614,1.4789473684210526,1.2333333333333334,0.47368421052631576,0.21052631578947367,0.3157894736842105,57,0.22807017543859653,0.24561403508771917,1.3818181818181818,1.1636363636363636,1.3563636363636362,1.3800000000000001,0.4727272727272727,0.2545454545454545,0.2727272727272727,55,0.21818181818181825,-0.0236363636363639,0.00988835725677828,0.2692503987240831,0.000956937799043045,-0.06602870813397121,0.0759170653907495
2021-10-17 00:00:00,NWSL,Houston Dash,Thorns,0,1,1.3,2.3,nwsl,AWAY_WIN,0.9642857142857143,1.2678571428571428,1.2732142857142856,1.4857142857142858,0.23214285714285715,0.32142857142857145,0.44642857142857145,56,-0.3035714285714285,-0.21250000000000013,1.2678571428571428,1.4107142857142858,1.5160714285714287,1.3607142857142858,0.32142857142857145,0.23214285714285715,0.44642857142857145,56,-0.14285714285714302,0.15535714285714297,-0.16071428571428548,-0.3678571428571431,-0.0892857142857143,-0.3035714285714285,0.14285714285714302
2021-10-17 00:00:00,NWSL,North Carolina Courage,Gotham FC,0,3,2.4,2.1,nwsl,AWAY_WIN,1.7894736842105263,0.8421052631578947,1.7719298245614035,1.036842105263158,0.5789473684210527,0.24561403508771928,0.17543859649122806,57,0.9473684210526316,0.7350877192982455,1.3333333333333333,0.9,1.3611111111111112,1.2633333333333334,0.4666666666666667,0.28888888888888886,0.24444444444444444,90,0.43333333333333324,0.09777777777777774,0.5140350877192984,0.6373099415204677,0.11228070175438598,0.45614035087719307,0.05789473684210533
2021-10-22 00:00:00,NWSL,Kansas City Current,Gotham FC,1,1,1.9,0.8,nwsl,DRAW,1.8372093023255813,1.2325581395348837,1.8162790697674418,1.1232558139534883,0.5581395348837209,0.16279069767441862,0.27906976744186046,43,0.6046511627906976,0.6930232558139535,1.3333333333333333,0.9,1.3611111111111112,1.2633333333333334,0.4666666666666667,0.28888888888888886,0.24444444444444444,90,0.43333333333333324,0.09777777777777774,0.1713178294573644,0.5952454780361758,0.09147286821705425,0.5038759689922481,-0.33255813953488367
2021-10-28 00:00:00,NWSL,Racing Louisville,Gotham FC,1,1,0.9,1.8,nwsl,DRAW,1.3488372093023255,1.2325581395348837,1.3534883720930233,1.3372093023255813,0.4186046511627907,0.2558139534883721,0.32558139534883723,43,0.11627906976744184,0.016279069767441978,1.3333333333333333,0.9,1.3611111111111112,1.2633333333333334,0.4666666666666667,0.28888888888888886,0.24444444444444444,90,0.43333333333333324,0.09777777777777774,-0.3170542635658914,-0.08149870801033576,-0.048062015503875954,0.015503875968992276,-0.33255813953488367
2021-10-29 00:00:00,NWSL,Orlando Pride,Red Stars,0,1,0.2,1.1,nwsl,AWAY_WIN,1.5535714285714286,1.1607142857142858,1.7142857142857142,1.3303571428571428,0.5,0.16071428571428573,0.3392857142857143,56,0.3928571428571428,0.3839285714285714,1.2307692307692308,1.6730769230769231,1.294230769230769,1.7326923076923075,0.38461538461538464,0.1346153846153846,0.4807692307692308,52,-0.4423076923076923,-0.43846153846153846,0.8351648351648351,0.8223901098901099,0.11538461538461536,0.32280219780219777,0.5123626373626373
2021-10-30 00:00:00,NWSL,Kansas City Current,Reign,0,3,0.8,2.8,nwsl,AWAY_WIN,1.8372093023255813,1.2325581395348837,1.8162790697674418,1.1232558139534883,0.5581395348837209,0.16279069767441862,0.27906976744186046,43,0.6046511627906976,0.6930232558139535,1.1428571428571428,1.3928571428571428,1.2678571428571428,1.4535714285714287,0.32142857142857145,0.21428571428571427,0.4642857142857143,56,-0.25,-0.18571428571428594,0.8546511627906976,0.8787375415282395,0.23671096345514947,0.6943521594684385,0.1602990033222591
2021-10-30 00:00:00,NWSL,Portland Thorns FC,Courage,0,0,1.8,1.4,nwsl,DRAW,1.75,0.9642857142857143,1.9107142857142858,1.075,0.5535714285714286,0.21428571428571427,0.23214285714285715,56,0.7857142857142857,0.8357142857142859,1.2105263157894737,1.280701754385965,1.5385964912280703,1.4421052631578948,0.3333333333333333,0.14035087719298245,0.5263157894736842,57,-0.07017543859649122,0.09649122807017552,0.8558897243107769,0.7392230576441103,0.2202380952380953,0.5394736842105263,0.3164160401002506
2021-10-31 00:00:00,NWSL,Gotham FC,Louisville,1,1,1.6,1.4,nwsl,DRAW,1.3333333333333333,0.9,1.3611111111111112,1.2633333333333334,0.4666666666666667,0.28888888888888886,0.24444444444444444,90,0.43333333333333324,0.09777777777777774,0.9523809523809523,1.7142857142857142,1.2214285714285713,1.7619047619047619,0.14285714285714285,0.3333333333333333,0.5238095238095238,42,-0.7619047619047619,-0.5404761904761906,1.195238095238095,0.6382539682539683,0.3238095238095238,0.38095238095238093,0.8142857142857142
2021-10-31 00:00:00,NWSL,Washington Spirit,Dash,1,0,1.4,0.6,nwsl,HOME_WIN,1.5714285714285714,1.0714285714285714,1.7017857142857142,1.3267857142857142,0.5357142857142857,0.21428571428571427,0.25,56,0.5,0.375,0.8867924528301887,1.471698113207547,1.0830188679245283,1.679245283018868,0.32075471698113206,0.1320754716981132,0.5471698113207547,53,-0.5849056603773584,-0.5962264150943397,1.0849056603773584,0.9712264150943397,0.21495956873315364,0.6846361185983827,0.40026954177897567
2021-11-07 00:00:00,NWSL,Chicago Stars,Gotham FC,1,0,0.6,0.3,nwsl,HOME_WIN,1.2698412698412698,1.492063492063492,1.2841269841269842,1.4936507936507935,0.4126984126984127,0.12698412698412698,0.4603174603174603,63,-0.22222222222222232,-0.20952380952380922,1.3333333333333333,0.9,1.3611111111111112,1.2633333333333334,0.4666666666666667,0.28888888888888886,0.24444444444444444,90,0.43333333333333324,0.09777777777777774,-0.6555555555555556,-0.30730158730158696,-0.053968253968254,-0.06349206349206349,-0.5920634920634921
2021-11-07 00:00:00,NWSL,Washington Spirit,Courage,1,0,2.0,1.4,nwsl,HOME_WIN,1.5714285714285714,1.0714285714285714,1.7017857142857142,1.3267857142857142,0.5357142857142857,0.21428571428571427,0.25,56,0.5,0.375,1.2105263157894737,1.280701754385965,1.5385964912280703,1.4421052631578948,0.3333333333333333,0.14035087719298245,0.5263157894736842,57,-0.07017543859649122,0.09649122807017552,0.5701754385964912,0.2785087719298245,0.20238095238095238,0.3609022556390977,0.2092731829573935
2021-11-14 00:00:00,NWSL,Portland Thorns FC,Red Stars,0,2,1.0,0.2,nwsl,AWAY_WIN,1.75,0.9642857142857143,1.9107142857142858,1.075,0.5535714285714286,0.21428571428571427,0.23214285714285715,56,0.7857142857142857,0.8357142857142859,1.2307692307692308,1.6730769230769231,1.294230769230769,1.7326923076923075,0.38461538461538464,0.1346153846153846,0.4807692307692308,52,-0.4423076923076923,-0.43846153846153846,1.228021978021978,1.2741758241758243,0.16895604395604397,0.5192307692307692,0.7087912087912088
2021-11-14 00:00:00,NWSL,Seattle Reign FC,Spirit,1,2,3.5,1.5,nwsl,AWAY_WIN,1.3157894736842106,1.087719298245614,1.4789473684210526,1.2333333333333334,0.47368421052631576,0.21052631578947367,0.3157894736842105,57,0.22807017543859653,0.24561403508771917,1.3818181818181818,1.1636363636363636,1.3563636363636362,1.3800000000000001,0.4727272727272727,0.2545454545454545,0.2727272727272727,55,0.21818181818181825,-0.0236363636363639,0.00988835725677828,0.2692503987240831,0.000956937799043045,-0.06602870813397121,0.0759170653907495
2021-11-20 00:00:00,NWSL,Washington Spirit,Red Stars,2,1,2.7,1.5,nwsl,HOME_WIN,1.5714285714285714,1.0714285714285714,1.7017857142857142,1.3267857142857142,0.5357142857142857,0.21428571428571427,0.25,56,0.5,0.375,1.2307692307692308,1.6730769230769231,1.294230769230769,1.7326923076923075,0.38461538461538464,0.1346153846153846,0.4807692307692308,52,-0.4423076923076923,-0.43846153846153846,0.9423076923076923,0.8134615384615385,0.15109890109890106,0.34065934065934056,0.6016483516483517
2023-03-25 00:00:00,NWSL,North Carolina Courage,Current,1,0,0.7,0.8,nwsl,HOME_WIN,1.7894736842105263,0.8421052631578947,1.7719298245614035,1.036842105263158,0.5789473684210527,0.24561403508771928,0.17543859649122806,57,0.9473684210526316,0.7350877192982455,1.53125,1.25,1.559375,1.09375,0.46875,0.1875,0.34375,32,0.28125,0.46562499999999996,0.6661184210526316,0.2694627192982455,0.11019736842105265,0.2582236842105263,0.4078947368421053
2023-03-25 00:00:00,NWSL,San Diego Wave,Red Stars,3,2,2.1,2.5,nwsl,HOME_WIN,1.4375,1.40625,1.44375,1.278125,0.40625,0.21875,0.375,32,0.03125,0.16562500000000013,1.2307692307692308,1.6730769230769231,1.294230769230769,1.7326923076923075,0.38461538461538464,0.1346153846153846,0.4807692307692308,52,-0.4423076923076923,-0.43846153846153846,0.4735576923076923,0.6040865384615386,0.021634615384615363,0.20673076923076916,0.26682692307692313
2023-03-26 00:00:00,NWSL,Angel City FC,Gotham FC,1,2,1.0,1.7,nwsl,AWAY_WIN,1.3225806451612903,1.6129032258064515,1.3516129032258064,1.5193548387096774,0.2903225806451613,0.22580645161290322,0.4838709677419355,31,-0.29032258064516125,-0.16774193548387095,1.3333333333333333,0.9,1.3611111111111112,1.2633333333333334,0.4666666666666667,0.28888888888888886,0.24444444444444444,90,0.43333333333333324,0.09777777777777774,-0.7236559139784945,-0.2655197132616487,-0.17634408602150536,-0.010752688172043001,-0.7129032258064515
2023-03-26 00:00:00,NWSL,Houston Dash,Louisville,0,0,1.3,1.2,nwsl,DRAW,0.9642857142857143,1.2678571428571428,1.2732142857142856,1.4857142857142858,0.23214285714285715,0.32142857142857145,0.44642857142857145,56,-0.3035714285714285,-0.21250000000000013,0.9523809523809523,1.7142857142857142,1.2214285714285713,1.7619047619047619,0.14285714285714285,0.3333333333333333,0.5238095238095238,42,-0.7619047619047619,-0.5404761904761906,0.45833333333333337,0.3279761904761904,0.0892857142857143,0.011904761904761973,0.4464285714285714
2023-03-26 00:00:00,NWSL,Portland Thorns FC,Pride,4,0,3.7,0.6,nwsl,HOME_WIN,1.75,0.9642857142857143,1.9107142857142858,1.075,0.5535714285714286,0.21428571428571427,0.23214285714285715,56,0.7857142857142857,0.8357142857142859,1.1636363636363636,1.4727272727272727,1.1709090909090911,1.6145454545454545,0.38181818181818183,0.18181818181818182,0.43636363636363634,55,-0.3090909090909091,-0.4436363636363634,1.0948051948051947,1.2793506493506492,0.17175324675324677,0.5863636363636364,0.5084415584415584
2023-03-26 00:00:00,NWSL,Washington Spirit,Reign,1,0,0.7,2.2,nwsl,HOME_WIN,1.5714285714285714,1.0714285714285714,1.7017857142857142,1.3267857142857142,0.5357142857142857,0.21428571428571427,0.25,56,0.5,0.375,1.1428571428571428,1.3928571428571428,1.2678571428571428,1.4535714285714287,0.32142857142857145,0.21428571428571427,0.4642857142857143,56,-0.25,-0.18571428571428594,0.75,0.5607142857142859,0.21428571428571425,0.4285714285714286,0.3214285714285714
2023-04-01 00:00:00,NWSL,Chicago Stars,Dash,1,2,1.2,2.6,nwsl,AWAY_WIN,1.2698412698412698,1.492063492063492,1.2841269841269842,1.4936507936507935,0.4126984126984127,0.12698412698412698,0.4603174603174603,63,-0.22222222222222232,-0.20952380952380922,0.8867924528301887,1.471698113207547,1.0830188679245283,1.679245283018868,0.32075471698113206,0.1320754716981132,0.5471698113207547,53,-0.5849056603773584,-0.5962264150943397,0.36268343815513604,0.3867026055705305,0.09194369571728062,0.38304881701108107,-0.020365378855945027
2023-04-01 00:00:00,NWSL,Gotham FC,Reign,0,2,0.5,1.7,nwsl,AWAY_WIN,1.3333333333333333,0.9,1.3611111111111112,1.2633333333333334,0.4666666666666667,0.28888888888888886,0.24444444444444444,90,0.43333333333333324,0.09777777777777774,1.1428571428571428,1.3928571428571428,1.2678571428571428,1.4535714285714287,0.32142857142857145,0.21428571428571427,0.4642857142857143,56,-0.25,-0.18571428571428594,0.6833333333333332,0.2834920634920637,0.14523809523809522,0.19047619047619047,0.49285714285714277
2023-04-01 00:00:00,NWSL,Kansas City Current,Thorns,1,4,1.6,2.2,nwsl,AWAY_WIN,1.8372093023255813,1.2325581395348837,1.8162790697674418,1.1232558139534883,0.5581395348837209,0.16279069767441862,0.27906976744186046,43,0.6046511627906976,0.6930232558139535,1.2678571428571428,1.4107142857142858,1.5160714285714287,1.3607142857142858,0.32142857142857145,0.23214285714285715,0.44642857142857145,56,-0.14285714285714302,0.15535714285714297,0.7475083056478407,0.5376661129568105,0.23671096345514947,0.5693521594684385,0.17815614617940212
2023-04-01 00:00:00,NWSL,Racing Louisville,Spirit,2,2,0.8,2.1,nwsl,DRAW,1.3488372093023255,1.2325581395348837,1.3534883720930233,1.3372093023255813,0.4186046511627907,0.2558139534883721,0.32558139534883723,43,0.11627906976744184,0.016279069767441978,1.3818181818181818,1.1636363636363636,1.3563636363636362,1.3800000000000001,0.4727272727272727,0.2545454545454545,0.2727272727272727,55,0.21818181818181825,-0.0236363636363639,-0.10190274841437641,0.03991543340380588,-0.054122621564482,-0.0329809725158563,-0.06892177589852011
2023-04-01 00:00:00,NWSL,San Diego Wave,Courage,3,1,1.7,1.2,nwsl,HOME_WIN,1.4375,1.40625,1.44375,1.278125,0.40625,0.21875,0.375,32,0.03125,0.16562500000000013,1.2105263157894737,1.280701754385965,1.5385964912280703,1.4421052631578948,0.3333333333333333,0.14035087719298245,0.5263157894736842,57,-0.07017543859649122,0.09649122807017552,0.10142543859649122,0.06913377192982462,0.07291666666666669,0.22697368421052633,-0.1255482456140351
2023-04-02 00:00:00,NWSL,Orlando Pride,Angel City,1,2,1.4,2.6,nwsl,AWAY_WIN,1.5535714285714286,1.1607142857142858,1.7142857142857142,1.3303571428571428,0.5,0.16071428571428573,0.3392857142857143,56,0.3928571428571428,0.3839285714285714,1.2580645161290323,1.5161290322580645,1.2645161290322582,1.4580645161290324,0.3225806451612903,0.2903225806451613,0.3870967741935484,31,-0.25806451612903225,-0.19354838709677424,0.650921658986175,0.5774769585253456,0.1774193548387097,0.29550691244239635,0.3554147465437787
2023-04-14 00:00:00,NWSL,Portland Thorns FC,Dash,1,1,2.7,1.4,nwsl,DRAW,1.75,0.9642857142857143,1.9107142857142858,1.075,0.5535714285714286,0.21428571428571427,0.23214285714285715,56,0.7857142857142857,0.8357142857142859,0.8867924528301887,1.471698113207547,1.0830188679245283,1.679245283018868,0.32075471698113206,0.1320754716981132,0.5471698113207547,53,-0.5849056603773584,-0.5962264150943397,1.3706199460916442,1.4319407008086256,0.23281671159029654,0.8632075471698113,0.5074123989218328
2023-04-15 00:00:00,NWSL,Angel City FC,Louisville,2,2,1.9,1.9,nwsl,DRAW,1.3225806451612903,1.6129032258064515,1.3516129032258064,1.5193548387096774,0.2903225806451613,0.22580645161290322,0.4838709677419355,31,-0.29032258064516125,-0.16774193548387095,0.9523809523809523,1.7142857142857142,1.2214285714285713,1.7619047619047619,0.14285714285714285,0.3333333333333333,0.5238095238095238,42,-0.7619047619047619,-0.5404761904761906,0.4715821812596006,0.3727342549923196,0.14746543778801846,0.37019969278033793,0.10138248847926268
2023-04-15 00:00:00,NWSL,Chicago Stars,Current,4,2,0.7,1.5,nwsl,HOME_WIN,1.2698412698412698,1.492063492063492,1.2841269841269842,1.4936507936507935,0.4126984126984127,0.12698412698412698,0.4603174603174603,63,-0.22222222222222232,-0.20952380952380922,1.53125,1.25,1.559375,1.09375,0.46875,0.1875,0.34375,32,0.28125,0.46562499999999996,-0.5034722222222223,-0.6751488095238092,-0.056051587301587324,-0.26140873015873023,-0.2420634920634921
2023-04-15 00:00:00,NWSL,North Carolina Courage,Spirit,1,2,1.7,1.4,nwsl,AWAY_WIN,1.7894736842105263,0.8421052631578947,1.7719298245614035,1.036842105263158,0.5789473684210527,0.24561403508771928,0.17543859649122806,57,0.9473684210526316,0.7350877192982455,1.3818181818181818,1.1636363636363636,1.3563636363636362,1.3800000000000001,0.4727272727272727,0.2545454545454545,0.2727272727272727,55,0.21818181818181825,-0.0236363636363639,0.7291866028708134,0.7587240829346094,0.10622009569377994,0.4076555023923445,0.3215311004784689
2023-04-15 00:00:00,NWSL,Seattle Reign FC,Wave,1,0,0.8,1.1,nwsl,HOME_WIN,1.3157894736842106,1.087719298245614,1.4789473684210526,1.2333333333333334,0.47368421052631576,0.21052631578947367,0.3157894736842105,57,0.22807017543859653,0.24561403508771917,1.1333333333333333,0.9666666666666667,1.09,1.2833333333333334,0.36666666666666664,0.23333333333333334,0.4,30,0.16666666666666663,-0.19333333333333336,0.061403508771929904,0.43894736842105253,0.10701754385964912,0.18245614035087732,-0.12105263157894741
2023-04-15 00:00:00,NWSL,Orlando Pride,Gotham FC,0,2,0.7,2.2,nwsl,AWAY_WIN,1.5535714285714286,1.1607142857142858,1.7142857142857142,1.3303571428571428,0.5,0.16071428571428573,0.3392857142857143,56,0.3928571428571428,0.3839285714285714,1.3333333333333333,0.9,1.3611111111111112,1.2633333333333334,0.4666666666666667,0.28888888888888886,0.24444444444444444,90,0.43333333333333324,0.09777777777777774,-0.04047619047619044,0.28615079365079366,0.033333333333333326,0.22023809523809534,-0.2607142857142858
2023-04-22 00:00:00,NWSL,Gotham FC,Courage,1,0,1.3,1.2,nwsl,HOME_WIN,1.3333333333333333,0.9,1.3611111111111112,1.2633333333333334,0.4666666666666667,0.28888888888888886,0.24444444444444444,90,0.43333333333333324,0.09777777777777774,1.2105263157894737,1.280701754385965,1.5385964912280703,1.4421052631578948,0.3333333333333333,0.14035087719298245,0.5263157894736842,57,-0.07017543859649122,0.09649122807017552,0.5035087719298245,0.0012865497076022248,0.13333333333333336,0.12280701754385959,0.3807017543859649
2023-04-22 00:00:00,NWSL,Portland Thorns FC,Louisville,2,0,1.4,0.8,nwsl,HOME_WIN,1.75,0.9642857142857143,1.9107142857142858,1.075,0.5535714285714286,0.21428571428571427,0.23214285714285715,56,0.7857142857142857,0.8357142857142859,0.9523809523809523,1.7142857142857142,1.2214285714285713,1.7619047619047619,0.14285714285714285,0.3333333333333333,0.5238095238095238,42,-0.7619047619047619,-0.5404761904761906,1.5476190476190474,1.3761904761904764,0.41071428571428575,0.7976190476190477,0.7499999999999999
2023-04-22 00:00:00,NWSL,Seattle Reign FC,Red Stars,5,2,1.1,0.7,nwsl,HOME_WIN,1.3157894736842106,1.087719298245614,1.4789473684210526,1.2333333333333334,0.47368421052631576,0.21052631578947367,0.3157894736842105,57,0.22807017543859653,0.24561403508771917,1.2307692307692308,1.6730769230769231,1.294230769230769,1.7326923076923075,0.38461538461538464,0.1346153846153846,0.4807692307692308,52,-0.4423076923076923,-0.43846153846153846,0.6703778677462888,0.6840755735492576,0.08906882591093113,0.08502024291497978,0.585357624831309
2023-04-22 00:00:00,NWSL,Washington Spirit,Dash,0,0,0.8,0.4,nwsl,DRAW,1.5714285714285714,1.0714285714285714,1.7017857142857142,1.3267857142857142,0.5357142857142857,0.21428571428571427,0.25,56,0.5,0.375,0.8867924528301887,1.471698113207547,1.0830188679245283,1.679245283018868,0.32075471698113206,0.1320754716981132,0.5471698113207547,53,-0.5849056603773584,-0.5962264150943397,1.0849056603773584,0.9712264150943397,0.21495956873315364,0.6846361185983827,0.40026954177897567
2023-04-23 00:00:00,NWSL,Angel City FC,Wave,0,2,0.8,0.4,nwsl,AWAY_WIN,1.3225806451612903,1.6129032258064515,1.3516129032258064,1.5193548387096774,0.2903225806451613,0.22580645161290322,0.4838709677419355,31,-0.29032258064516125,-0.16774193548387095,1.1333333333333333,0.9666666666666667,1.09,1.2833333333333334,0.36666666666666664,0.23333333333333334,0.4,30,0.16666666666666663,-0.19333333333333336,-0.4569892473118279,0.025591397849462405,-0.07634408602150533,0.18924731182795695,-0.6462365591397848
2023-04-23 00:00:00,NWSL,Kansas City Current,Pride,2,0,1.4,1.1,nwsl,HOME_WIN,1.8372093023255813,1.2325581395348837,1.8162790697674418,1.1232558139534883,0.5581395348837209,0.16279069767441862,0.27906976744186046,43,0.6046511627906976,0.6930232558139535,1.1636363636363636,1.4727272727272727,1.1709090909090911,1.6145454545454545,0.38181818181818183,0.18181818181818182,0.43636363636363634,55,-0.3090909090909091,-0.4436363636363634,0.9137420718816067,1.136659619450317,0.1763213530655391,0.6735729386892177,0.24016913319238897
2023-04-28 00:00:00,NWSL,Houston Dash,Courage,0,1,0.3,0.6,nwsl,AWAY_WIN,0.9642857142857143,1.2678571428571428,1.2732142857142856,1.4857142857142858,0.23214285714285715,0.32142857142857145,0.44642857142857145,56,-0.3035714285714285,-0.21250000000000013,1.2105263157894737,1.280701754385965,1.5385964912280703,1.4421052631578948,0.3333333333333333,0.14035087719298245,0.5263157894736842,57,-0.07017543859649122,0.09649122807017552,-0.23339598997493727,-0.30899122807017565,-0.10119047619047616,-0.24624060150375937,0.012844611528822103
2023-04-29 00:00:00,NWSL,Chicago Stars,Spirit,1,1,1.2,3.1,nwsl,DRAW,1.2698412698412698,1.492063492063492,1.2841269841269842,1.4936507936507935,0.4126984126984127,0.12698412698412698,0.4603174603174603,63,-0.22222222222222232,-0.20952380952380922,1.3818181818181818,1.1636363636363636,1.3563636363636362,1.3800000000000001,0.4727272727272727,0.2545454545454545,0.2727272727272727,55,0.21818181818181825,-0.0236363636363639,-0.4404040404040406,-0.18588744588744532,-0.06002886002886004,-0.11197691197691206,-0.3284271284271285
2023-04-29 00:00:00,NWSL,Portland Thorns FC,Angel City,3,3,2.2,1.0,nwsl,DRAW,1.75,0.9642857142857143,1.9107142857142858,1.075,0.5535714285714286,0.21428571428571427,0.23214285714285715,56,0.7857142857142857,0.8357142857142859,1.2580645161290323,1.5161290322580645,1.2645161290322582,1.4580645161290324,0.3225806451612903,0.2903225806451613,0.3870967741935484,31,-0.25806451612903225,-0.19354838709677424,1.043778801843318,1.02926267281106,0.2309907834101383,0.49193548387096775,0.5518433179723502
2023-04-29 00:00:00,NWSL,Racing Louisville,Reign,2,2,1.2,1.5,nwsl,DRAW,1.3488372093023255,1.2325581395348837,1.3534883720930233,1.3372093023255813,0.4186046511627907,0.2558139534883721,0.32558139534883723,43,0.11627906976744184,0.016279069767441978,1.1428571428571428,1.3928571428571428,1.2678571428571428,1.4535714285714287,0.32142857142857145,0.21428571428571427,0.4642857142857143,56,-0.25,-0.18571428571428594,0.36627906976744184,0.20199335548172792,0.09717607973421927,0.20598006644518274,0.1602990033222591
2023-04-29 00:00:00,NWSL,San Diego Wave,Pride,1,3,1.3,0.8,nwsl,AWAY_WIN,1.4375,1.40625,1.44375,1.278125,0.40625,0.21875,0.375,32,0.03125,0.16562500000000013,1.1636363636363636,1.4727272727272727,1.1709090909090911,1.6145454545454545,0.38181818181818183,0.18181818181818182,0.43636363636363634,55,-0.3090909090909091,-0.4436363636363634,0.3403409090909091,0.6092613636363635,0.024431818181818166,0.2738636363636364,0.06647727272727266
2023-04-30 00:00:00,NWSL,Kansas City Current,Gotham FC,2,0,2.8,1.1,nwsl,HOME_WIN,1.8372093023255813,1.2325581395348837,1.8162790697674418,1.1232558139534883,0.5581395348837209,0.16279069767441862,0.27906976744186046,43,0.6046511627906976,0.6930232558139535,1.3333333333333333,0.9,1.3611111111111112,1.2633333333333334,0.4666666666666667,0.28888888888888886,0.24444444444444444,90,0.43333333333333324,0.09777777777777774,0.1713178294573644,0.5952454780361758,0.09147286821705425,0.5038759689922481,-0.33255813953488367
2023-05-06 00:00:00,NWSL,North Carolina Courage,Thorns,3,3,1.0,1.9,nwsl,DRAW,1.7894736842105263,0.8421052631578947,1.7719298245614035,1.036842105263158,0.5789473684210527,0.24561403508771928,0.17543859649122806,57,0.9473684210526316,0.7350877192982455,1.2678571428571428,1.4107142857142858,1.5160714285714287,1.3607142857142858,0.32142857142857145,0.23214285714285715,0.44642857142857145,56,-0.14285714285714302,0.15535714285714297,1.0902255639097747,0.5797305764411025,0.2575187969924812,0.5216165413533835,0.5686090225563911
2023-05-06 00:00:00,NWSL,Seattle Reign FC,Dash,2,0,1.1,0.4,nwsl,HOME_WIN,1.3157894736842106,1.087719298245614,1.4789473684210526,1.2333333333333334,0.47368421052631576,0.21052631578947367,0.3157894736842105,57,0.22807017543859653,0.24561403508771917,0.8867924528301887,1.471698113207547,1.0830188679245283,1.679245283018868,0.32075471698113206,0.1320754716981132,0.5471698113207547,53,-0.5849056603773584,-0.5962264150943397,0.8129758358159549,0.8418404501820589,0.1529294935451837,0.4289970208540219,0.383978814961933
2023-05-06 00:00:00,NWSL,Washington Spirit,Wave,3,1,2.1,0.7,nwsl,HOME_WIN,1.5714285714285714,1.0714285714285714,1.7017857142857142,1.3267857142857142,0.5357142857142857,0.21428571428571427,0.25,56,0.5,0.375,1.1333333333333333,0.9666666666666667,1.09,1.2833333333333334,0.36666666666666664,0.23333333333333334,0.4,30,0.16666666666666663,-0.19333333333333336,0.33333333333333337,0.5683333333333334,0.16904761904761906,0.4380952380952381,-0.10476190476190472
2023-05-06 00:00:00,NWSL,Orlando Pride,Louisville,1,0,1.7,1.3,nwsl,HOME_WIN,1.5535714285714286,1.1607142857142858,1.7142857142857142,1.3303571428571428,0.5,0.16071428571428573,0.3392857142857143,56,0.3928571428571428,0.3839285714285714,0.9523809523809523,1.7142857142857142,1.2214285714285713,1.7619047619047619,0.14285714285714285,0.3333333333333333,0.5238095238095238,42,-0.7619047619047619,-0.5404761904761906,1.1547619047619047,0.924404761904762,0.35714285714285715,0.6011904761904763,0.5535714285714284
2023-05-07 00:00:00,NWSL,Angel City FC,Current,3,2,1.7,1.8,nwsl,HOME_WIN,1.3225806451612903,1.6129032258064515,1.3516129032258064,1.5193548387096774,0.2903225806451613,0.22580645161290322,0.4838709677419355,31,-0.29032258064516125,-0.16774193548387095,1.53125,1.25,1.559375,1.09375,0.46875,0.1875,0.34375,32,0.28125,0.46562499999999996,-0.5715725806451613,-0.6333669354838709,-0.1784274193548387,-0.20866935483870974,-0.3629032258064515
2023-05-07 00:00:00,NWSL,Chicago Stars,Gotham FC,1,2,0.9,1.8,nwsl,AWAY_WIN,1.2698412698412698,1.492063492063492,1.2841269841269842,1.4936507936507935,0.4126984126984127,0.12698412698412698,0.4603174603174603,63,-0.22222222222222232,-0.20952380952380922,1.3333333333333333,0.9,1.3611111111111112,1.2633333333333334,0.4666666666666667,0.28888888888888886,0.24444444444444444,90,0.43333333333333324,0.09777777777777774,-0.6555555555555556,-0.30730158730158696,-0.053968253968254,-0.06349206349206349,-0.5920634920634921
2023-05-12 00:00:00,NWSL,Houston Dash,Thorns,2,1,1.2,1.3,nwsl,HOME_WIN,0.9642857142857143,1.2678571428571428,1.2732142857142856,1.4857142857142858,0.23214285714285715,0.32142857142857145,0.44642857142857145,56,-0.3035714285714285,-0.21250000000000013,1.2678571428571428,1.4107142857142858,1.5160714285714287,1.3607142857142858,0.32142857142857145,0.23214285714285715,0.44642857142857145,56,-0.14285714285714302,0.15535714285714297,-0.16071428571428548,-0.3678571428571431,-0.0892857142857143,-0.3035714285714285,0.14285714285714302
2023-05-12 00:00:00,NWSL,Racing Louisville,Red Stars,3,0,2.1,0.5,nwsl,HOME_WIN,1.3488372093023255,1.2325581395348837,1.3534883720930233,1.3372093023255813,0.4186046511627907,0.2558139534883721,0.32558139534883723,43,0.11627906976744184,0.016279069767441978,1.2307692307692308,1.6730769230769231,1.294230769230769,1.7326923076923075,0.38461538461538464,0.1346153846153846,0.4807692307692308,52,-0.4423076923076923,-0.43846153846153846,0.5585867620751341,0.45474060822898044,0.03398926654740608,0.1180679785330947,0.44051878354203944
2023-05-13 00:00:00,NWSL,Angel City FC,Spirit,0,1,0.5,1.7,nwsl,AWAY_WIN,1.3225806451612903,1.6129032258064515,1.3516129032258064,1.5193548387096774,0.2903225806451613,0.22580645161290322,0.4838709677419355,31,-0.29032258064516125,-0.16774193548387095,1.3818181818181818,1.1636363636363636,1.3563636363636362,1.3800000000000001,0.4727272727272727,0.2545454545454545,0.2727272727272727,55,0.21818181818181825,-0.0236363636363639,-0.5085043988269795,-0.14410557184750705,-0.1824046920821114,-0.059237536656891576,-0.44926686217008793
2023-05-14 00:00:00,NWSL,Gotham FC,Pride,0,0,0.4,1.3,nwsl,DRAW,1.3333333333333333,0.9,1.3611111111111112,1.2633333333333334,0.4666666666666667,0.28888888888888886,0.24444444444444444,90,0.43333333333333324,0.09777777777777774,1.1636363636363636,1.4727272727272727,1.1709090909090911,1.6145454545454545,0.38181818181818183,0.18181818181818182,0.43636363636363634,55,-0.3090909090909091,-0.4436363636363634,0.7424242424242423,0.5414141414141411,0.08484848484848484,0.16969696969696968,0.5727272727272726
2023-05-14 00:00:00,NWSL,Kansas City Current,Wave,0,2,1.5,1.3,nwsl,AWAY_WIN,1.8372093023255813,1.2325581395348837,1.8162790697674418,1.1232558139534883,0.5581395348837209,0.16279069767441862,0.27906976744186046,43,0.6046511627906976,0.6930232558139535,1.1333333333333333,0.9666666666666667,1.09,1.2833333333333334,0.36666666666666664,0.23333333333333334,0.4,30,0.16666666666666663,-0.19333333333333336,0.437984496124031,0.8863565891472869,0.19147286821705428,0.703875968992248,-0.265891472868217
2023-05-14 00:00:00,NWSL,North Carolina Courage,Reign,1,0,0.9,0.9,nwsl,HOME_WIN,1.7894736842105263,0.8421052631578947,1.7719298245614035,1.036842105263158,0.5789473684210527,0.24561403508771928,0.17543859649122806,57,0.9473684210526316,0.7350877192982455,1.1428571428571428,1.3928571428571428,1.2678571428571428,1.4535714285714287,0.32142857142857145,0.21428571428571427,0.4642857142857143,56,-0.25,-0.18571428571428594,1.1973684210526316,0.9208020050125314,0.2575187969924812,0.6466165413533835,0.5507518796992481
2023-05-20 00:00:00,NWSL,Houston Dash,Wave,0,3,0.7,1.1,nwsl,AWAY_WIN,0.9642857142857143,1.2678571428571428,1.2732142857142856,1.4857142857142858,0.23214285714285715,0.32142857142857145,0.44642857142857145,56,-0.3035714285714285,-0.21250000000000013,1.1333333333333333,0.9666666666666667,1.09,1.2833333333333334,0.36666666666666664,0.23333333333333334,0.4,30,0.16666666666666663,-0.19333333333333336,-0.4702380952380951,-0.019166666666666776,-0.1345238095238095,-0.169047619047619,-0.3011904761904761
2023-05-20 00:00:00,NWSL,Kansas City Current,Louisville,0,2,1.7,1.5,nwsl,AWAY_WIN,1.8372093023255813,1.2325581395348837,1.8162790697674418,1.1232558139534883,0.5581395348837209,0.16279069767441862,0.27906976744186046,43,0.6046511627906976,0.6930232558139535,0.9523809523809523,1.7142857142857142,1.2214285714285713,1.7619047619047619,0.14285714285714285,0.3333333333333333,0.5238095238095238,42,-0.7619047619047619,-0.5404761904761906,1.3665559246954595,1.233499446290144,0.4152823920265781,0.884828349944629,0.4817275747508305
2023-05-20 00:00:00,NWSL,North Carolina Courage,Angel City,0,0,1.0,0.6,nwsl,DRAW,1.7894736842105263,0.8421052631578947,1.7719298245614035,1.036842105263158,0.5789473684210527,0.24561403508771928,0.17543859649122806,57,0.9473684210526316,0.7350877192982455,1.2580645161290323,1.5161290322580645,1.2645161290322582,1.4580645161290324,0.3225806451612903,0.2903225806451613,0.3870967741935484,31,-0.25806451612903225,-0.19354838709677424,1.2054329371816639,0.9286361063950197,0.25636672325976234,0.5314091680814941,0.6740237691001698
2023-05-20 00:00:00,NWSL,Orlando Pride,Spirit,2,1,1.6,0.6,nwsl,HOME_WIN,1.5535714285714286,1.1607142857142858,1.7142857142857142,1.3303571428571428,0.5,0.16071428571428573,0.3392857142857143,56,0.3928571428571428,0.3839285714285714,1.3818181818181818,1.1636363636363636,1.3563636363636362,1.3800000000000001,0.4727272727272727,0.2545454545454545,0.2727272727272727,55,0.21818181818181825,-0.0236363636363639,0.17467532467532454,0.4075649350649353,0.027272727272727282,0.17175324675324677,0.0029220779220777704
2023-05-21 00:00:00,NWSL,Portland Thorns FC,Red Stars,4,0,2.8,0.7,nwsl,HOME_WIN,1.75,0.9642857142857143,1.9107142857142858,1.075,0.5535714285714286,0.21428571428571427,0.23214285714285715,56,0.7857142857142857,0.8357142857142859,1.2307692307692308,1.6730769230769231,1.294230769230769,1.7326923076923075,0.38461538461538464,0.1346153846153846,0.4807692307692308,52,-0.4423076923076923,-0.43846153846153846,1.228021978021978,1.2741758241758243,0.16895604395604397,0.5192307692307692,0.7087912087912088
2023-05-21 00:00:00,NWSL,Seattle Reign FC,Gotham FC,1,4,1.3,1.9,nwsl,AWAY_WIN,1.3157894736842106,1.087719298245614,1.4789473684210526,1.2333333333333334,0.47368421052631576,0.21052631578947367,0.3157894736842105,57,0.22807017543859653,0.24561403508771917,1.3333333333333333,0.9,1.3611111111111112,1.2633333333333334,0.4666666666666667,0.28888888888888886,0.24444444444444444,90,0.43333333333333324,0.09777777777777774,-0.2052631578947367,0.14783625730994143,0.007017543859649089,-0.01754385964912264,-0.18771929824561406
2023-05-26 00:00:00,NWSL,Kansas City Current,Dash,0,2,0.5,0.7,nwsl,AWAY_WIN,1.8372093023255813,1.2325581395348837,1.8162790697674418,1.1232558139534883,0.5581395348837209,0.16279069767441862,0.27906976744186046,43,0.6046511627906976,0.6930232558139535,0.8867924528301887,1.471698113207547,1.0830188679245283,1.679245283018868,0.32075471698113206,0.1320754716981132,0.5471698113207547,53,-0.5849056603773584,-0.5962264150943397,1.189556823168056,1.2892496709082932,0.23738481790258886,0.9504168494953926,0.23913997367266338
2023-05-26 00:00:00,NWSL,San Diego Wave,Thorns,1,1,1.3,2.1,nwsl,DRAW,1.4375,1.40625,1.44375,1.278125,0.40625,0.21875,0.375,32,0.03125,0.16562500000000013,1.2678571428571428,1.4107142857142858,1.5160714285714287,1.3607142857142858,0.32142857142857145,0.23214285714285715,0.44642857142857145,56,-0.14285714285714302,0.15535714285714297,0.17410714285714302,0.010267857142857162,0.08482142857142855,0.1696428571428572,0.0044642857142858094
2023-05-27 00:00:00,NWSL,Chicago Stars,Pride,1,0,0.5,2.3,nwsl,HOME_WIN,1.2698412698412698,1.492063492063492,1.2841269841269842,1.4936507936507935,0.4126984126984127,0.12698412698412698,0.4603174603174603,63,-0.22222222222222232,-0.20952380952380922,1.1636363636363636,1.4727272727272727,1.1709090909090911,1.6145454545454545,0.38181818181818183,0.18181818181818182,0.43636363636363634,55,-0.3090909090909091,-0.4436363636363634,0.08686868686868676,0.23411255411255416,0.03088023088023084,0.10620490620490619,-0.01933621933621943
2023-05-27 00:00:00,NWSL,Racing Louisville,Courage,1,2,2.3,0.9,nwsl,AWAY_WIN,1.3488372093023255,1.2325581395348837,1.3534883720930233,1.3372093023255813,0.4186046511627907,0.2558139534883721,0.32558139534883723,43,0.11627906976744184,0.016279069767441978,1.2105263157894737,1.280701754385965,1.5385964912280703,1.4421052631578948,0.3333333333333333,0.14035087719298245,0.5263157894736842,57,-0.07017543859649122,0.09649122807017552,0.18645450836393307,-0.08021215830273354,0.0852713178294574,0.13831089351285186,0.04814361485108121
2023-05-27 00:00:00,NWSL,Seattle Reign FC,Angel City,4,1,2.7,0.5,nwsl,HOME_WIN,1.3157894736842106,1.087719298245614,1.4789473684210526,1.2333333333333334,0.47368421052631576,0.21052631578947367,0.3157894736842105,57,0.22807017543859653,0.24561403508771917,1.2580645161290323,1.5161290322580645,1.2645161290322582,1.4580645161290324,0.3225806451612903,0.2903225806451613,0.3870967741935484,31,-0.25806451612903225,-0.19354838709677424,0.4861346915676288,0.4391624221844934,0.15110356536502545,0.05772495755517837,0.4284097340124504
2023-05-28 00:00:00,NWSL,Washington Spirit,Gotham FC,1,1,0.7,0.9,nwsl,DRAW,1.5714285714285714,1.0714285714285714,1.7017857142857142,1.3267857142857142,0.5357142857142857,0.21428571428571427,0.25,56,0.5,0.375,1.3333333333333333,0.9,1.3611111111111112,1.2633333333333334,0.4666666666666667,0.28888888888888886,0.24444444444444444,90,0.43333333333333324,0.09777777777777774,0.06666666666666676,0.27722222222222226,0.06904761904761902,0.23809523809523814,-0.17142857142857137
2023-06-03 00:00:00,NWSL,Houston Dash,Pride,2,0,1.2,1.4,nwsl,HOME_WIN,0.9642857142857143,1.2678571428571428,1.2732142857142856,1.4857142857142858,0.23214285714285715,0.32142857142857145,0.44642857142857145,56,-0.3035714285714285,-0.21250000000000013,1.1636363636363636,1.4727272727272727,1.1709090909090911,1.6145454545454545,0.38181818181818183,0.18181818181818182,0.43636363636363634,55,-0.3090909090909091,-0.4436363636363634,0.005519480519480591,0.23113636363636325,-0.14967532467532468,-0.19935064935064928,0.20487012987012987
2023-06-03 00:00:00,NWSL,Kansas City Current,Courage,1,0,0.9,0.7,nwsl,HOME_WIN,1.8372093023255813,1.2325581395348837,1.8162790697674418,1.1232558139534883,0.5581395348837209,0.16279069767441862,0.27906976744186046,43,0.6046511627906976,0.6930232558139535,1.2105263157894737,1.280701754385965,1.5385964912280703,1.4421052631578948,0.3333333333333333,0.14035087719298245,0.5263157894736842,57,-0.07017543859649122,0.09649122807017552,0.6748266013871889,0.596532027743778,0.2248062015503876,0.6266829865361077,0.04814361485108121
2023-06-03 00:00:00,NWSL,Seattle Reign FC,Thorns,0,2,1.5,2.0,nwsl,AWAY_WIN,1.3157894736842106,1.087719298245614,1.4789473684210526,1.2333333333333334,0.47368421052631576,0.21052631578947367,0.3157894736842105,57,0.22807017543859653,0.24561403508771917,1.2678571428571428,1.4107142857142858,1.5160714285714287,1.3607142857142858,0.32142857142857145,0.23214285714285715,0.44642857142857145,56,-0.14285714285714302,0.15535714285714297,0.37092731829573955,0.0902568922305762,0.1522556390977443,0.047932330827067826,0.3229949874686717
2023-06-03 00:00:00,NWSL,Washington Spirit,Louisville,1,1,2.6,1.3,nwsl,DRAW,1.5714285714285714,1.0714285714285714,1.7017857142857142,1.3267857142857142,0.5357142857142857,0.21428571428571427,0.25,56,0.5,0.375,0.9523809523809523,1.7142857142857142,1.2214285714285713,1.7619047619047619,0.14285714285714285,0.3333333333333333,0.5238095238095238,42,-0.7619047619047619,-0.5404761904761906,1.2619047619047619,0.9154761904761906,0.39285714285714285,0.6190476190476191,0.6428571428571428
2023-06-04 00:00:00,NWSL,Gotham FC,Wave,0,1,0.8,1.5,nwsl,AWAY_WIN,1.3333333333333333,0.9,1.3611111111111112,1.2633333333333334,0.4666666666666667,0.28888888888888886,0.24444444444444444,90,0.43333333333333324,0.09777777777777774,1.1333333333333333,0.9666666666666667,1.09,1.2833333333333334,0.36666666666666664,0.23333333333333334,0.4,30,0.16666666666666663,-0.19333333333333336,0.2666666666666666,0.2911111111111111,0.10000000000000003,0.19999999999999996,0.06666666666666665
2023-06-05 00:00:00,NWSL,Angel City FC,Red Stars,1,2,1.5,0.5,nwsl,AWAY_WIN,1.3225806451612903,1.6129032258064515,1.3516129032258064,1.5193548387096774,0.2903225806451613,0.22580645161290322,0.4838709677419355,31,-0.29032258064516125,-0.16774193548387095,1.2307692307692308,1.6730769230769231,1.294230769230769,1.7326923076923075,0.38461538461538464,0.1346153846153846,0.4807692307692308,52,-0.4423076923076923,-0.43846153846153846,0.15198511166253104,0.2707196029776675,-0.09429280397022333,0.09181141439205942,0.060173697270471616
2023-06-09 00:00:00,NWSL,Racing Louisville,Wave,0,0,0.6,1.1,nwsl,DRAW,1.3488372093023255,1.2325581395348837,1.3534883720930233,1.3372093023255813,0.4186046511627907,0.2558139534883721,0.32558139534883723,43,0.11627906976744184,0.016279069767441978,1.1333333333333333,0.9666666666666667,1.09,1.2833333333333334,0.36666666666666664,0.23333333333333334,0.4,30,0.16666666666666663,-0.19333333333333336,-0.050387596899224785,0.20961240310077534,0.05193798449612408,0.21550387596899223,-0.265891472868217
2023-06-10 00:00:00,NWSL,Chicago Stars,Courage,0,5,1.2,2.3,nwsl,AWAY_WIN,1.2698412698412698,1.492063492063492,1.2841269841269842,1.4936507936507935,0.4126984126984127,0.12698412698412698,0.4603174603174603,63,-0.22222222222222232,-0.20952380952380922,1.2105263157894737,1.280701754385965,1.5385964912280703,1.4421052631578948,0.3333333333333333,0.14035087719298245,0.5263157894736842,57,-0.07017543859649122,0.09649122807017552,-0.1520467836257311,-0.30601503759398474,0.07936507936507936,0.0593149540517961,-0.2113617376775272
2023-06-10 00:00:00,NWSL,Seattle Reign FC,Current,2,1,2.0,0.6,nwsl,HOME_WIN,1.3157894736842106,1.087719298245614,1.4789473684210526,1.2333333333333334,0.47368421052631576,0.21052631578947367,0.3157894736842105,57,0.22807017543859653,0.24561403508771917,1.53125,1.25,1.559375,1.09375,0.46875,0.1875,0.34375,32,0.28125,0.46562499999999996,-0.053179824561403466,-0.22001096491228078,0.004934210526315763,-0.21546052631578938,0.16228070175438591
2023-06-10 00:00:00,NWSL,Washington Spirit,Angel City,2,1,2.0,2.2,nwsl,HOME_WIN,1.5714285714285714,1.0714285714285714,1.7017857142857142,1.3267857142857142,0.5357142857142857,0.21428571428571427,0.25,56,0.5,0.375,1.2580645161290323,1.5161290322580645,1.2645161290322582,1.4580645161290324,0.3225806451612903,0.2903225806451613,0.3870967741935484,31,-0.25806451612903225,-0.19354838709677424,0.7580645161290323,0.5685483870967742,0.21313364055299538,0.31336405529953915,0.4447004608294931
2023-06-11 00:00:00,NWSL,Houston Dash,Gotham FC,1,1,1.7,1.3,nwsl,DRAW,0.9642857142857143,1.2678571428571428,1.2732142857142856,1.4857142857142858,0.23214285714285715,0.32142857142857145,0.44642857142857145,56,-0.3035714285714285,-0.21250000000000013,1.3333333333333333,0.9,1.3611111111111112,1.2633333333333334,0.4666666666666667,0.28888888888888886,0.24444444444444444,90,0.43333333333333324,0.09777777777777774,-0.7369047619047617,-0.3102777777777779,-0.23452380952380952,-0.36904761904761896,-0.36785714285714277
2023-06-11 00:00:00,NWSL,Orlando Pride,Thorns,3,1,1.2,1.8,nwsl,HOME_WIN,1.5535714285714286,1.1607142857142858,1.7142857142857142,1.3303571428571428,0.5,0.16071428571428573,0.3392857142857143,56,0.3928571428571428,0.3839285714285714,1.2678571428571428,1.4107142857142858,1.5160714285714287,1.3607142857142858,0.32142857142857145,0.23214285714285715,0.44642857142857145,56,-0.14285714285714302,0.15535714285714297,0.5357142857142858,0.22857142857142843,0.17857142857142855,0.2857142857142858,0.25
2023-06-17 00:00:00,NWSL,Houston Dash,Reign,0,0,1.6,0.9,nwsl,DRAW,0.9642857142857143,1.2678571428571428,1.2732142857142856,1.4857142857142858,0.23214285714285715,0.32142857142857145,0.44642857142857145,56,-0.3035714285714285,-0.21250000000000013,1.1428571428571428,1.3928571428571428,1.2678571428571428,1.4535714285714287,0.32142857142857145,0.21428571428571427,0.4642857142857143,56,-0.25,-0.18571428571428594,-0.05357142857142849,-0.02678571428571419,-0.0892857142857143,-0.1785714285714285,0.125
2023-06-17 00:00:00,NWSL,North Carolina Courage,Pride,3,0,1.7,0.8,nwsl,HOME_WIN,1.7894736842105263,0.8421052631578947,1.7719298245614035,1.036842105263158,0.5789473684210527,0.24561403508771928,0.17543859649122806,57,0.9473684210526316,0.7350877192982455,1.1636363636363636,1.4727272727272727,1.1709090909090911,1.6145454545454545,0.38181818181818183,0.18181818181818182,0.43636363636363634,55,-0.3090909090909091,-0.4436363636363634,1.2564593301435407,1.1787240829346088,0.19712918660287082,0.6258373205741627,0.630622009569378
2023-06-17 00:00:00,NWSL,San Diego Wave,Angel City,1,2,0.8,0.8,nwsl,AWAY_WIN,1.4375,1.40625,1.44375,1.278125,0.40625,0.21875,0.375,32,0.03125,0.16562500000000013,1.2580645161290323,1.5161290322580645,1.2645161290322582,1.4580645161290324,0.3225806451612903,0.2903225806451613,0.3870967741935484,31,-0.25806451612903225,-0.19354838709677424,0.28931451612903225,0.3591733870967744,0.08366935483870969,0.17943548387096775,0.1098790322580645
2023-06-18 00:00:00,NWSL,Chicago Stars,Thorns,2,3,1.6,2.3,nwsl,AWAY_WIN,1.2698412698412698,1.492063492063492,1.2841269841269842,1.4936507936507935,0.4126984126984127,0.12698412698412698,0.4603174603174603,63,-0.22222222222222232,-0.20952380952380922,1.2678571428571428,1.4107142857142858,1.5160714285714287,1.3607142857142858,0.32142857142857145,0.23214285714285715,0.44642857142857145,56,-0.14285714285714302,0.15535714285714297,-0.0793650793650793,-0.3648809523809522,0.09126984126984122,0.001984126984126977,-0.08134920634920628
2023-06-18 00:00:00,NWSL,Kansas City Current,Spirit,2,3,2.4,1.2,nwsl,AWAY_WIN,1.8372093023255813,1.2325581395348837,1.8162790697674418,1.1232558139534883,0.5581395348837209,0.16279069767441862,0.27906976744186046,43,0.6046511627906976,0.6930232558139535,1.3818181818181818,1.1636363636363636,1.3563636363636362,1.3800000000000001,0.4727272727272727,0.2545454545454545,0.2727272727272727,55,0.21818181818181825,-0.0236363636363639,0.3864693446088794,0.7166596194503174,0.0854122621564482,0.4553911205073995,-0.06892177589852011
2023-06-18 00:00:00,NWSL,Racing Louisville,Gotham FC,2,0,1.8,1.1,nwsl,HOME_WIN,1.3488372093023255,1.2325581395348837,1.3534883720930233,1.3372093023255813,0.4186046511627907,0.2558139534883721,0.32558139534883723,43,0.11627906976744184,0.016279069767441978,1.3333333333333333,0.9,1.3611111111111112,1.2633333333333334,0.4666666666666667,0.28888888888888886,0.24444444444444444,90,0.43333333333333324,0.09777777777777774,-0.3170542635658914,-0.08149870801033576,-0.048062015503875954,0.015503875968992276,-0.33255813953488367
2023-06-23 00:00:00,NWSL,Portland Thorns FC,Spirit,4,2,1.4,1.9,nwsl,HOME_WIN,1.75,0.9642857142857143,1.9107142857142858,1.075,0.5535714285714286,0.21428571428571427,0.23214285714285715,56,0.7857142857142857,0.8357142857142859,1.3818181818181818,1.1636363636363636,1.3563636363636362,1.3800000000000001,0.4727272727272727,0.2545454545454545,0.2727272727272727,55,0.21818181818181825,-0.0236363636363639,0.5675324675324674,0.8593506493506498,0.08084415584415588,0.36818181818181817,0.19935064935064928
2023-06-24 00:00:00,NWSL,North Carolina Courage,Louisville,1,0,1.0,0.6,nwsl,HOME_WIN,1.7894736842105263,0.8421052631578947,1.7719298245614035,1.036842105263158,0.5789473684210527,0.24561403508771928,0.17543859649122806,57,0.9473684210526316,0.7350877192982455,0.9523809523809523,1.7142857142857142,1.2214285714285713,1.7619047619047619,0.14285714285714285,0.3333333333333333,0.5238095238095238,42,-0.7619047619047619,-0.5404761904761906,1.7092731829573935,1.275563909774436,0.4360902255639098,0.837092731829574,0.8721804511278195
2023-06-24 00:00:00,NWSL,San Diego Wave,Reign,1,2,1.0,0.7,nwsl,AWAY_WIN,1.4375,1.40625,1.44375,1.278125,0.40625,0.21875,0.375,32,0.03125,0.16562500000000013,1.1428571428571428,1.3928571428571428,1.2678571428571428,1.4535714285714287,0.32142857142857145,0.21428571428571427,0.4642857142857143,56,-0.25,-0.18571428571428594,0.28125,0.3513392857142861,0.08482142857142855,0.2946428571428572,-0.013392857142857206
2023-06-24 00:00:00,NWSL,Orlando Pride,Current,1,2,1.9,1.2,nwsl,AWAY_WIN,1.5535714285714286,1.1607142857142858,1.7142857142857142,1.3303571428571428,0.5,0.16071428571428573,0.3392857142857143,56,0.3928571428571428,0.3839285714285714,1.53125,1.25,1.559375,1.09375,0.46875,0.1875,0.34375,32,0.28125,0.46562499999999996,0.1116071428571428,-0.08169642857142856,0.03125,0.022321428571428603,0.08928571428571419
2023-06-25 00:00:00,NWSL,Angel City FC,Dash,0,0,1.4,1.1,nwsl,DRAW,1.3225806451612903,1.6129032258064515,1.3516129032258064,1.5193548387096774,0.2903225806451613,0.22580645161290322,0.4838709677419355,31,-0.29032258064516125,-0.16774193548387095,0.8867924528301887,1.471698113207547,1.0830188679245283,1.679245283018868,0.32075471698113206,0.1320754716981132,0.5471698113207547,53,-0.5849056603773584,-0.5962264150943397,0.2945830797321971,0.42848447961046876,-0.03043213633597075,0.43578819233110155,-0.14120511259890445
2023-06-25 00:00:00,NWSL,Gotham FC,Red Stars,2,1,0.9,1.3,nwsl,HOME_WIN,1.3333333333333333,0.9,1.3611111111111112,1.2633333333333334,0.4666666666666667,0.28888888888888886,0.24444444444444444,90,0.43333333333333324,0.09777777777777774,1.2307692307692308,1.6730769230769231,1.294230769230769,1.7326923076923075,0.38461538461538464,0.1346153846153846,0.4807692307692308,52,-0.4423076923076923,-0.43846153846153846,0.8756410256410255,0.5362393162393162,0.08205128205128204,0.10256410256410242,0.7730769230769231
2023-07-01 00:00:00,NWSL,Chicago Stars,Wave,1,0,1.4,1.5,nwsl,HOME_WIN,1.2698412698412698,1.492063492063492,1.2841269841269842,1.4936507936507935,0.4126984126984127,0.12698412698412698,0.4603174603174603,63,-0.22222222222222232,-0.20952380952380922,1.1333333333333333,0.9666666666666667,1.09,1.2833333333333334,0.36666666666666664,0.23333333333333334,0.4,30,0.16666666666666663,-0.19333333333333336,-0.38888888888888895,-0.016190476190475867,0.046031746031746035,0.13650793650793647,-0.5253968253968254
2023-07-01 00:00:00,NWSL,North Carolina Courage,Dash,1,0,0.9,0.9,nwsl,HOME_WIN,1.7894736842105263,0.8421052631578947,1.7719298245614035,1.036842105263158,0.5789473684210527,0.24561403508771928,0.17543859649122806,57,0.9473684210526316,0.7350877192982455,0.8867924528301887,1.471698113207547,1.0830188679245283,1.679245283018868,0.32075471698113206,0.1320754716981132,0.5471698113207547,53,-0.5849056603773584,-0.5962264150943397,1.53227408142999,1.3313141343925852,0.2581926514399206,0.9026812313803376,0.6295928500496524
2023-07-01 00:00:00,NWSL,Portland Thorns FC,Current,0,1,1.3,1.1,nwsl,AWAY_WIN,1.75,0.9642857142857143,1.9107142857142858,1.075,0.5535714285714286,0.21428571428571427,0.23214285714285715,56,0.7857142857142857,0.8357142857142859,1.53125,1.25,1.559375,1.09375,0.46875,0.1875,0.34375,32,0.28125,0.46562499999999996,0.5044642857142857,0.3700892857142859,0.0848214285714286,0.21875,0.2857142857142857
2023-07-01 00:00:00,NWSL,Seattle Reign FC,Louisville,2,2,0.6,0.9,nwsl,DRAW,1.3157894736842106,1.087719298245614,1.4789473684210526,1.2333333333333334,0.47368421052631576,0.21052631578947367,0.3157894736842105,57,0.22807017543859653,0.24561403508771917,0.9523809523809523,1.7142857142857142,1.2214285714285713,1.7619047619047619,0.14285714285714285,0.3333333333333333,0.5238095238095238,42,-0.7619047619047619,-0.5404761904761906,0.9899749373433584,0.7860902255639097,0.3308270676691729,0.3634085213032583,0.6265664160401001
2023-07-01 00:00:00,NWSL,Washington Spirit,Pride,0,3,0.7,1.2,nwsl,AWAY_WIN,1.5714285714285714,1.0714285714285714,1.7017857142857142,1.3267857142857142,0.5357142857142857,0.21428571428571427,0.25,56,0.5,0.375,1.1636363636363636,1.4727272727272727,1.1709090909090911,1.6145454545454545,0.38181818181818183,0.18181818181818182,0.43636363636363634,55,-0.3090909090909091,-0.4436363636363634,0.8090909090909091,0.8186363636363634,0.15389610389610386,0.4077922077922078,0.40129870129870127
2023-07-02 00:00:00,NWSL,Gotham FC,Angel City,0,0,1.3,0.8,nwsl,DRAW,1.3333333333333333,0.9,1.3611111111111112,1.2633333333333334,0.4666666666666667,0.28888888888888886,0.24444444444444444,90,0.43333333333333324,0.09777777777777774,1.2580645161290323,1.5161290322580645,1.2645161290322582,1.4580645161290324,0.3225806451612903,0.2903225806451613,0.3870967741935484,31,-0.25806451612903225,-0.19354838709677424,0.6913978494623655,0.291326164874552,0.14408602150537636,0.07526881720430101,0.6161290322580645
2023-07-07 00:00:00,NWSL,Houston Dash,Red Stars,0,1,0.6,1.3,nwsl,AWAY_WIN,0.9642857142857143,1.2678571428571428,1.2732142857142856,1.4857142857142858,0.23214285714285715,0.32142857142857145,0.44642857142857145,56,-0.3035714285714285,-0.21250000000000013,1.2307692307692308,1.6730769230769231,1.294230769230769,1.7326923076923075,0.38461538461538464,0.1346153846153846,0.4807692307692308,52,-0.4423076923076923,-0.43846153846153846,0.1387362637362638,0.22596153846153832,-0.15247252747252749,-0.26648351648351654,0.40521978021978033
2023-07-07 00:00:00,NWSL,Racing Louisville,Current,2,1,1.7,1.2,nwsl,HOME_WIN,1.3488372093023255,1.2325581395348837,1.3534883720930233,1.3372093023255813,0.4186046511627907,0.2558139534883721,0.32558139534883723,43,0.11627906976744184,0.016279069767441978,1.53125,1.25,1.559375,1.09375,0.46875,0.1875,0.34375,32,0.28125,0.46562499999999996,-0.16497093023255816,-0.449345930232558,-0.05014534883720928,-0.18241279069767447,0.01744186046511631
2023-07-07 00:00:00,NWSL,Orlando Pride,Reign,1,0,1.7,0.3,nwsl,HOME_WIN,1.5535714285714286,1.1607142857142858,1.7142857142857142,1.3303571428571428,0.5,0.16071428571428573,0.3392857142857143,56,0.3928571428571428,0.3839285714285714,1.1428571428571428,1.3928571428571428,1.2678571428571428,1.4535714285714287,0.32142857142857145,0.21428571428571427,0.4642857142857143,56,-0.25,-0.18571428571428594,0.6428571428571428,0.5696428571428573,0.17857142857142855,0.4107142857142858,0.23214285714285698
2023-07-08 00:00:00,NWSL,San Diego Wave,Spirit,2,2,1.6,1.1,nwsl,DRAW,1.4375,1.40625,1.44375,1.278125,0.40625,0.21875,0.375,32,0.03125,0.16562500000000013,1.3818181818181818,1.1636363636363636,1.3563636363636362,1.3800000000000001,0.4727272727272727,0.2545454545454545,0.2727272727272727,55,0.21818181818181825,-0.0236363636363639,-0.18693181818181825,0.18926136363636403,-0.06647727272727272,0.055681818181818166,-0.24261363636363642
2023-07-09 00:00:00,NWSL,Angel City FC,Courage,2,1,2.7,0.5,nwsl,HOME_WIN,1.3225806451612903,1.6129032258064515,1.3516129032258064,1.5193548387096774,0.2903225806451613,0.22580645161290322,0.4838709677419355,31,-0.29032258064516125,-0.16774193548387095,1.2105263157894737,1.280701754385965,1.5385964912280703,1.4421052631578948,0.3333333333333333,0.14035087719298245,0.5263157894736842,57,-0.07017543859649122,0.09649122807017552,-0.22014714204867003,-0.26423316355404647,-0.043010752688172005,0.11205432937181659,-0.3322014714204866
2023-07-09 00:00:00,NWSL,Gotham FC,Thorns,2,1,2.5,1.7,nwsl,HOME_WIN,1.3333333333333333,0.9,1.3611111111111112,1.2633333333333334,0.4666666666666667,0.28888888888888886,0.24444444444444444,90,0.43333333333333324,0.09777777777777774,1.2678571428571428,1.4107142857142858,1.5160714285714287,1.3607142857142858,0.32142857142857145,0.23214285714285715,0.44642857142857145,56,-0.14285714285714302,0.15535714285714297,0.5761904761904763,-0.05757936507936523,0.14523809523809522,0.06547619047619047,0.5107142857142858
2023-08-18 00:00:00,NWSL,Kansas City Current,Reign,1,0,1.2,1.6,nwsl,HOME_WIN,1.8372093023255813,1.2325581395348837,1.8162790697674418,1.1232558139534883,0.5581395348837209,0.16279069767441862,0.27906976744186046,43,0.6046511627906976,0.6930232558139535,1.1428571428571428,1.3928571428571428,1.2678571428571428,1.4535714285714287,0.32142857142857145,0.21428571428571427,0.4642857142857143,56,-0.25,-0.18571428571428594,0.8546511627906976,0.8787375415282395,0.23671096345514947,0.6943521594684385,0.1602990033222591
2023-08-19 00:00:00,NWSL,Houston Dash,Spirit,1,1,0.9,0.8,nwsl,DRAW,0.9642857142857143,1.2678571428571428,1.2732142857142856,1.4857142857142858,0.23214285714285715,0.32142857142857145,0.44642857142857145,56,-0.3035714285714285,-0.21250000000000013,1.3818181818181818,1.1636363636363636,1.3563636363636362,1.3800000000000001,0.4727272727272727,0.2545454545454545,0.2727272727272727,55,0.21818181818181825,-0.0236363636363639,-0.5217532467532467,-0.18886363636363623,-0.24058441558441557,-0.41753246753246753,-0.10422077922077921
2023-08-19 00:00:00,NWSL,Racing Louisville,Angel City,1,1,1.2,1.3,nwsl,DRAW,1.3488372093023255,1.2325581395348837,1.3534883720930233,1.3372093023255813,0.4186046511627907,0.2558139534883721,0.32558139534883723,43,0.11627906976744184,0.016279069767441978,1.2580645161290323,1.5161290322580645,1.2645161290322582,1.4580645161290324,0.3225806451612903,0.2903225806451613,0.3870967741935484,31,-0.25806451612903225,-0.19354838709677424,0.3743435858964741,0.20982745686421622,0.0960240060015004,0.09077269317329328,0.2835708927231808
2023-08-19 00:00:00,NWSL,San Diego Wave,Gotham FC,2,1,1.5,0.9,nwsl,HOME_WIN,1.4375,1.40625,1.44375,1.278125,0.40625,0.21875,0.375,32,0.03125,0.16562500000000013,1.3333333333333333,0.9,1.3611111111111112,1.2633333333333334,0.4666666666666667,0.28888888888888886,0.24444444444444444,90,0.43333333333333324,0.09777777777777774,-0.40208333333333324,0.06784722222222239,-0.060416666666666674,0.10416666666666674,-0.50625
2023-08-20 00:00:00,NWSL,Portland Thorns FC,Courage,2,1,1.8,0.9,nwsl,HOME_WIN,1.75,0.9642857142857143,1.9107142857142858,1.075,0.5535714285714286,0.21428571428571427,0.23214285714285715,56,0.7857142857142857,0.8357142857142859,1.2105263157894737,1.280701754385965,1.5385964912280703,1.4421052631578948,0.3333333333333333,0.14035087719298245,0.5263157894736842,57,-0.07017543859649122,0.09649122807017552,0.8558897243107769,0.7392230576441103,0.2202380952380953,0.5394736842105263,0.3164160401002506
2023-08-20 00:00:00,NWSL,Orlando Pride,Red Stars,5,0,2.6,0.5,nwsl,HOME_WIN,1.5535714285714286,1.1607142857142858,1.7142857142857142,1.3303571428571428,0.5,0.16071428571428573,0.3392857142857143,56,0.3928571428571428,0.3839285714285714,1.2307692307692308,1.6730769230769231,1.294230769230769,1.7326923076923075,0.38461538461538464,0.1346153846153846,0.4807692307692308,52,-0.4423076923076923,-0.43846153846153846,0.8351648351648351,0.8223901098901099,0.11538461538461536,0.32280219780219777,0.5123626373626373
2023-08-25 00:00:00,NWSL,Orlando Pride,Wave,1,2,1.3,0.6,nwsl,AWAY_WIN,1.5535714285714286,1.1607142857142858,1.7142857142857142,1.3303571428571428,0.5,0.16071428571428573,0.3392857142857143,56,0.3928571428571428,0.3839285714285714,1.1333333333333333,0.9666666666666667,1.09,1.2833333333333334,0.36666666666666664,0.23333333333333334,0.4,30,0.16666666666666663,-0.19333333333333336,0.22619047619047616,0.5772619047619048,0.13333333333333336,0.4202380952380953,-0.19404761904761914
2023-08-26 00:00:00,NWSL,Houston Dash,Current,1,1,1.0,1.2,nwsl,DRAW,0.9642857142857143,1.2678571428571428,1.2732142857142856,1.4857142857142858,0.23214285714285715,0.32142857142857145,0.44642857142857145,56,-0.3035714285714285,-0.21250000000000013,1.53125,1.25,1.559375,1.09375,0.46875,0.1875,0.34375,32,0.28125,0.46562499999999996,-0.5848214285714285,-0.6781250000000001,-0.23660714285714285,-0.5669642857142857,-0.017857142857142794
2023-08-27 00:00:00,NWSL,Angel City FC,Reign,2,1,1.1,1.6,nwsl,HOME_WIN,1.3225806451612903,1.6129032258064515,1.3516129032258064,1.5193548387096774,0.2903225806451613,0.22580645161290322,0.4838709677419355,31,-0.29032258064516125,-0.16774193548387095,1.1428571428571428,1.3928571428571428,1.2678571428571428,1.4535714285714287,0.32142857142857145,0.21428571428571427,0.4642857142857143,56,-0.25,-0.18571428571428594,-0.040322580645161255,0.01797235023041499,-0.031105990783410142,0.17972350230414746,-0.22004608294930872
2023-08-27 00:00:00,NWSL,Gotham FC,Louisville,0,0,1.5,0.9,nwsl,DRAW,1.3333333333333333,0.9,1.3611111111111112,1.2633333333333334,0.4666666666666667,0.28888888888888886,0.24444444444444444,90,0.43333333333333324,0.09777777777777774,0.9523809523809523,1.7142857142857142,1.2214285714285713,1.7619047619047619,0.14285714285714285,0.3333333333333333,0.5238095238095238,42,-0.7619047619047619,-0.5404761904761906,1.195238095238095,0.6382539682539683,0.3238095238095238,0.38095238095238093,0.8142857142857142
2023-08-27 00:00:00,NWSL,North Carolina Courage,Red Stars,1,1,1.7,1.0,nwsl,DRAW,1.7894736842105263,0.8421052631578947,1.7719298245614035,1.036842105263158,0.5789473684210527,0.24561403508771928,0.17543859649122806,57,0.9473684210526316,0.7350877192982455,1.2307692307692308,1.6730769230769231,1.294230769230769,1.7326923076923075,0.38461538461538464,0.1346153846153846,0.4807692307692308,52,-0.4423076923076923,-0.43846153846153846,1.389676113360324,1.173549257759784,0.19433198380566802,0.5587044534412955,0.8309716599190284
2023-08-27 00:00:00,NWSL,Washington Spirit,Thorns,1,1,1.3,1.2,nwsl,DRAW,1.5714285714285714,1.0714285714285714,1.7017857142857142,1.3267857142857142,0.5357142857142857,0.21428571428571427,0.25,56,0.5,0.375,1.2678571428571428,1.4107142857142858,1.5160714285714287,1.3607142857142858,0.32142857142857145,0.23214285714285715,0.44642857142857145,56,-0.14285714285714302,0.15535714285714297,0.642857142857143,0.21964285714285703,0.21428571428571425,0.3035714285714286,0.3392857142857144
2023-09-01 00:00:00,NWSL,Kansas City Current,Angel City,0,1,1.6,1.0,nwsl,AWAY_WIN,1.8372093023255813,1.2325581395348837,1.8162790697674418,1.1232558139534883,0.5581395348837209,0.16279069767441862,0.27906976744186046,43,0.6046511627906976,0.6930232558139535,1.2580645161290323,1.5161290322580645,1.2645161290322582,1.4580645161290324,0.3225806451612903,0.2903225806451613,0.3870967741935484,31,-0.25806451612903225,-0.19354838709677424,0.8627156789197299,0.8865716429107278,0.2355588897224306,0.5791447861965491,0.2835708927231808
2023-09-02 00:00:00,NWSL,North Carolina Courage,Gotham FC,3,3,1.0,2.9,nwsl,DRAW,1.7894736842105263,0.8421052631578947,1.7719298245614035,1.036842105263158,0.5789473684210527,0.24561403508771928,0.17543859649122806,57,0.9473684210526316,0.7350877192982455,1.3333333333333333,0.9,1.3611111111111112,1.2633333333333334,0.4666666666666667,0.28888888888888886,0.24444444444444444,90,0.43333333333333324,0.09777777777777774,0.5140350877192984,0.6373099415204677,0.11228070175438598,0.45614035087719307,0.05789473684210533
2023-09-02 00:00:00,NWSL,Racing Louisville,Thorns,2,1,1.9,1.1,nwsl,HOME_WIN,1.3488372093023255,1.2325581395348837,1.3534883720930233,1.3372093023255813,0.4186046511627907,0.2558139534883721,0.32558139534883723,43,0.11627906976744184,0.016279069767441978,1.2678571428571428,1.4107142857142858,1.5160714285714287,1.3607142857142858,0.32142857142857145,0.23214285714285715,0.44642857142857145,56,-0.14285714285714302,0.15535714285714297,0.25913621262458486,-0.139078073089701,0.09717607973421927,0.08098006644518274,0.17815614617940212
2023-09-03 00:00:00,NWSL,San Diego Wave,Dash,1,0,3.6,0.4,nwsl,HOME_WIN,1.4375,1.40625,1.44375,1.278125,0.40625,0.21875,0.375,32,0.03125,0.16562500000000013,0.8867924528301887,1.471698113207547,1.0830188679245283,1.679245283018868,0.32075471698113206,0.1320754716981132,0.5471698113207547,53,-0.5849056603773584,-0.5962264150943397,0.6161556603773584,0.7618514150943398,0.08549528301886794,0.5507075471698113,0.06544811320754707
2023-09-03 00:00:00,NWSL,Seattle Reign FC,Pride,1,0,1.3,0.3,nwsl,HOME_WIN,1.3157894736842106,1.087719298245614,1.4789473684210526,1.2333333333333334,0.47368421052631576,0.21052631578947367,0.3157894736842105,57,0.22807017543859653,0.24561403508771917,1.1636363636363636,1.4727272727272727,1.1709090909090911,1.6145454545454545,0.38181818181818183,0.18181818181818182,0.43636363636363634,55,-0.3090909090909091,-0.4436363636363634,0.5371610845295056,0.6892503987240826,0.09186602870813393,0.15215311004784704,0.3850079744816586
2023-09-03 00:00:00,NWSL,Washington Spirit,Red Stars,0,2,2.6,1.3,nwsl,AWAY_WIN,1.5714285714285714,1.0714285714285714,1.7017857142857142,1.3267857142857142,0.5357142857142857,0.21428571428571427,0.25,56,0.5,0.375,1.2307692307692308,1.6730769230769231,1.294230769230769,1.7326923076923075,0.38461538461538464,0.1346153846153846,0.4807692307692308,52,-0.4423076923076923,-0.43846153846153846,0.9423076923076923,0.8134615384615385,0.15109890109890106,0.34065934065934056,0.6016483516483517
2023-09-15 00:00:00,NWSL,Racing Louisville,Dash,0,1,1.4,1.2,nwsl,AWAY_WIN,1.3488372093023255,1.2325581395348837,1.3534883720930233,1.3372093023255813,0.4186046511627907,0.2558139534883721,0.32558139534883723,43,0.11627906976744184,0.016279069767441978,0.8867924528301887,1.471698113207547,1.0830188679245283,1.679245283018868,0.32075471698113206,0.1320754716981132,0.5471698113207547,53,-0.5849056603773584,-0.5962264150943397,0.7011847301448002,0.6125054848617817,0.09784993418165866,0.46204475647213683,0.23913997367266338
2023-09-16 00:00:00,NWSL,Gotham FC,Spirit,2,0,1.8,1.2,nwsl,HOME_WIN,1.3333333333333333,0.9,1.3611111111111112,1.2633333333333334,0.4666666666666667,0.28888888888888886,0.24444444444444444,90,0.43333333333333324,0.09777777777777774,1.3818181818181818,1.1636363636363636,1.3563636363636362,1.3800000000000001,0.4727272727272727,0.2545454545454545,0.2727272727272727,55,0.21818181818181825,-0.0236363636363639,0.21515151515151498,0.12141414141414164,-0.006060606060606044,-0.048484848484848575,0.26363636363636356
2023-09-16 00:00:00,NWSL,Portland Thorns FC,Reign,2,0,2.1,0.6,nwsl,HOME_WIN,1.75,0.9642857142857143,1.9107142857142858,1.075,0.5535714285714286,0.21428571428571427,0.23214285714285715,56,0.7857142857142857,0.8357142857142859,1.1428571428571428,1.3928571428571428,1.2678571428571428,1.4535714285714287,0.32142857142857145,0.21428571428571427,0.4642857142857143,56,-0.25,-0.18571428571428594,1.0357142857142856,1.0214285714285718,0.23214285714285715,0.6071428571428572,0.4285714285714285
2023-09-16 00:00:00,NWSL,San Diego Wave,Current,1,2,1.7,0.8,nwsl,AWAY_WIN,1.4375,1.40625,1.44375,1.278125,0.40625,0.21875,0.375,32,0.03125,0.16562500000000013,1.53125,1.25,1.559375,1.09375,0.46875,0.1875,0.34375,32,0.28125,0.46562499999999996,-0.25,-0.2999999999999998,-0.0625,-0.09375,-0.15625
2023-09-17 00:00:00,NWSL,Chicago Stars,Angel City,2,2,0.5,1.4,nwsl,DRAW,1.2698412698412698,1.492063492063492,1.2841269841269842,1.4936507936507935,0.4126984126984127,0.12698412698412698,0.4603174603174603,63,-0.22222222222222232,-0.20952380952380922,1.2580645161290323,1.5161290322580645,1.2645161290322582,1.4580645161290324,0.3225806451612903,0.2903225806451613,0.3870967741935484,31,-0.25806451612903225,-0.19354838709677424,0.03584229390680993,-0.01597542242703498,0.09011776753712236,0.01177675371223752,0.02406554019457241
2023-09-17 00:00:00,NWSL,Orlando Pride,Courage,2,1,1.8,0.8,nwsl,HOME_WIN,1.5535714285714286,1.1607142857142858,1.7142857142857142,1.3303571428571428,0.5,0.16071428571428573,0.3392857142857143,56,0.3928571428571428,0.3839285714285714,1.2105263157894737,1.280701754385965,1.5385964912280703,1.4421052631578948,0.3333333333333333,0.14035087719298245,0.5263157894736842,57,-0.07017543859649122,0.09649122807017552,0.463032581453634,0.2874373433583959,0.16666666666666669,0.34304511278195493,0.11998746867167909
2023-09-30 00:00:00,NWSL,Chicago Stars,Louisville,1,0,0.9,1.4,nwsl,HOME_WIN,1.2698412698412698,1.492063492063492,1.2841269841269842,1.4936507936507935,0.4126984126984127,0.12698412698412698,0.4603174603174603,63,-0.22222222222222232,-0.20952380952380922,0.9523809523809523,1.7142857142857142,1.2214285714285713,1.7619047619047619,0.14285714285714285,0.3333333333333333,0.5238095238095238,42,-0.7619047619047619,-0.5404761904761906,0.5396825396825395,0.33095238095238133,0.2698412698412698,0.31746031746031744,0.2222222222222221
2023-09-30 00:00:00,NWSL,Portland Thorns FC,Wave,0,2,1.0,0.5,nwsl,AWAY_WIN,1.75,0.9642857142857143,1.9107142857142858,1.075,0.5535714285714286,0.21428571428571427,0.23214285714285715,56,0.7857142857142857,0.8357142857142859,1.1333333333333333,0.9666666666666667,1.09,1.2833333333333334,0.36666666666666664,0.23333333333333334,0.4,30,0.16666666666666663,-0.19333333333333336,0.6190476190476191,1.0290476190476192,0.18690476190476196,0.6166666666666667,0.0023809523809523725
2023-09-30 00:00:00,NWSL,Washington Spirit,Current,2,1,1.7,1.1,nwsl,HOME_WIN,1.5714285714285714,1.0714285714285714,1.7017857142857142,1.3267857142857142,0.5357142857142857,0.21428571428571427,0.25,56,0.5,0.375,1.53125,1.25,1.559375,1.09375,0.46875,0.1875,0.34375,32,0.28125,0.46562499999999996,0.21875,-0.09062499999999996,0.0669642857142857,0.0401785714285714,0.1785714285714286
2023-10-01 00:00:00,NWSL,Gotham FC,Dash,0,2,2.3,0.3,nwsl,AWAY_WIN,1.3333333333333333,0.9,1.3611111111111112,1.2633333333333334,0.4666666666666667,0.28888888888888886,0.24444444444444444,90,0.43333333333333324,0.09777777777777774,0.8867924528301887,1.471698113207547,1.0830188679245283,1.679245283018868,0.32075471698113206,0.1320754716981132,0.5471698113207547,53,-0.5849056603773584,-0.5962264150943397,1.0182389937106917,0.6940041928721175,0.14591194968553461,0.44654088050314455,0.571698113207547
2023-10-01 00:00:00,NWSL,Seattle Reign FC,Courage,1,1,0.6,2.8,nwsl,DRAW,1.3157894736842106,1.087719298245614,1.4789473684210526,1.2333333333333334,0.47368421052631576,0.21052631578947367,0.3157894736842105,57,0.22807017543859653,0.24561403508771917,1.2105263157894737,1.280701754385965,1.5385964912280703,1.4421052631578948,0.3333333333333333,0.14035087719298245,0.5263157894736842,57,-0.07017543859649122,0.09649122807017552,0.29824561403508776,0.14912280701754366,0.14035087719298245,0.10526315789473695,0.1929824561403508
2023-10-02 00:00:00,NWSL,Angel City FC,Pride,0,1,2.1,0.6,nwsl,AWAY_WIN,1.3225806451612903,1.6129032258064515,1.3516129032258064,1.5193548387096774,0.2903225806451613,0.22580645161290322,0.4838709677419355,31,-0.29032258064516125,-0.16774193548387095,1.1636363636363636,1.4727272727272727,1.1709090909090911,1.6145454545454545,0.38181818181818183,0.18181818181818182,0.43636363636363634,55,-0.3090909090909091,-0.4436363636363634,0.01876832844574783,0.27589442815249243,-0.09149560117302052,0.15894428152492668,-0.14017595307917885
2023-10-06 00:00:00,NWSL,Racing Louisville,Pride,3,2,1.6,1.7,nwsl,HOME_WIN,1.3488372093023255,1.2325581395348837,1.3534883720930233,1.3372093023255813,0.4186046511627907,0.2558139534883721,0.32558139534883723,43,0.11627906976744184,0.016279069767441978,1.1636363636363636,1.4727272727272727,1.1709090909090911,1.6145454545454545,0.38181818181818183,0.18181818181818182,0.43636363636363634,55,-0.3090909090909091,-0.4436363636363634,0.42536997885835093,0.45991543340380536,0.036786469344608885,0.18520084566596196,0.24016913319238897
2023-10-06 00:00:00,NWSL,Seattle Reign FC,Spirit,0,0,0.8,1.7,nwsl,DRAW,1.3157894736842106,1.087719298245614,1.4789473684210526,1.2333333333333334,0.47368421052631576,0.21052631578947367,0.3157894736842105,57,0.22807017543859653,0.24561403508771917,1.3818181818181818,1.1636363636363636,1.3563636363636362,1.3800000000000001,0.4727272727272727,0.2545454545454545,0.2727272727272727,55,0.21818181818181825,-0.0236363636363639,0.00988835725677828,0.2692503987240831,0.000956937799043045,-0.06602870813397121,0.0759170653907495
2023-10-07 00:00:00,NWSL,Kansas City Current,Red Stars,6,3,2.7,1.7,nwsl,HOME_WIN,1.8372093023255813,1.2325581395348837,1.8162790697674418,1.1232558139534883,0.5581395348837209,0.16279069767441862,0.27906976744186046,43,0.6046511627906976,0.6930232558139535,1.2307692307692308,1.6730769230769231,1.294230769230769,1.7326923076923075,0.38461538461538464,0.1346153846153846,0.4807692307692308,52,-0.4423076923076923,-0.43846153846153846,1.04695885509839,1.131484794275492,0.17352415026833629,0.6064400715563505,0.44051878354203944
2023-10-07 00:00:00,NWSL,North Carolina Courage,Wave,0,0,1.2,0.1,nwsl,DRAW,1.7894736842105263,0.8421052631578947,1.7719298245614035,1.036842105263158,0.5789473684210527,0.24561403508771928,0.17543859649122806,57,0.9473684210526316,0.7350877192982455,1.1333333333333333,0.9666666666666667,1.09,1.2833333333333334,0.36666666666666664,0.23333333333333334,0.4,30,0.16666666666666663,-0.19333333333333336,0.780701754385965,0.9284210526315788,0.21228070175438601,0.656140350877193,0.12456140350877198
2023-10-07 00:00:00,NWSL,Portland Thorns FC,Gotham FC,1,0,0.7,0.3,nwsl,HOME_WIN,1.75,0.9642857142857143,1.9107142857142858,1.075,0.5535714285714286,0.21428571428571427,0.23214285714285715,56,0.7857142857142857,0.8357142857142859,1.3333333333333333,0.9,1.3611111111111112,1.2633333333333334,0.4666666666666667,0.28888888888888886,0.24444444444444444,90,0.43333333333333324,0.09777777777777774,0.35238095238095246,0.7379365079365081,0.08690476190476193,0.41666666666666674,-0.06428571428571428
2023-10-08 00:00:00,NWSL,Houston Dash,Angel City,1,2,2.8,2.2,nwsl,AWAY_WIN,0.9642857142857143,1.2678571428571428,1.2732142857142856,1.4857142857142858,0.23214285714285715,0.32142857142857145,0.44642857142857145,56,-0.3035714285714285,-0.21250000000000013,1.2580645161290323,1.5161290322580645,1.2645161290322582,1.4580645161290324,0.3225806451612903,0.2903225806451613,0.3870967741935484,31,-0.25806451612903225,-0.19354838709677424,-0.04550691244239624,-0.01895161290322589,-0.09043778801843316,-0.29377880184331795,0.2482718894009217
2023-10-15 00:00:00,NWSL,Angel City FC,Thorns,5,1,1.5,0.6,nwsl,HOME_WIN,1.3225806451612903,1.6129032258064515,1.3516129032258064,1.5193548387096774,0.2903225806451613,0.22580645161290322,0.4838709677419355,31,-0.29032258064516125,-0.16774193548387095,1.2678571428571428,1.4107142857142858,1.5160714285714287,1.3607142857142858,0.32142857142857145,0.23214285714285715,0.44642857142857145,56,-0.14285714285714302,0.15535714285714297,-0.14746543778801824,-0.3230990783410139,-0.031105990783410142,0.054723502304147464,-0.2021889400921657
2023-10-15 00:00:00,NWSL,Chicago Stars,Reign,0,3,0.3,1.9,nwsl,AWAY_WIN,1.2698412698412698,1.492063492063492,1.2841269841269842,1.4936507936507935,0.4126984126984127,0.12698412698412698,0.4603174603174603,63,-0.22222222222222232,-0.20952380952380922,1.1428571428571428,1.3928571428571428,1.2678571428571428,1.4535714285714287,0.32142857142857145,0.21428571428571427,0.4642857142857143,56,-0.25,-0.18571428571428594,0.02777777777777768,-0.02380952380952328,0.09126984126984122,0.12698412698412698,-0.0992063492063493
2023-10-15 00:00:00,NWSL,Gotham FC,Current,2,2,1.3,0.7,nwsl,DRAW,1.3333333333333333,0.9,1.3611111111111112,1.2633333333333334,0.4666666666666667,0.28888888888888886,0.24444444444444444,90,0.43333333333333324,0.09777777777777774,1.53125,1.25,1.559375,1.09375,0.46875,0.1875,0.34375,32,0.28125,0.46562499999999996,0.15208333333333324,-0.3678472222222222,-0.002083333333333326,-0.19791666666666674,0.35
2023-10-15 00:00:00,NWSL,San Diego Wave,Louisville,2,0,2.2,0.4,nwsl,HOME_WIN,1.4375,1.40625,1.44375,1.278125,0.40625,0.21875,0.375,32,0.03125,0.16562500000000013,0.9523809523809523,1.7142857142857142,1.2214285714285713,1.7619047619047619,0.14285714285714285,0.3333333333333333,0.5238095238095238,42,-0.7619047619047619,-0.5404761904761906,0.7931547619047619,0.7061011904761907,0.26339285714285715,0.48511904761904767,0.3080357142857142
2023-10-15 00:00:00,NWSL,Washington Spirit,Courage,0,1,1.0,1.2,nwsl,AWAY_WIN,1.5714285714285714,1.0714285714285714,1.7017857142857142,1.3267857142857142,0.5357142857142857,0.21428571428571427,0.25,56,0.5,0.375,1.2105263157894737,1.280701754385965,1.5385964912280703,1.4421052631578948,0.3333333333333333,0.14035087719298245,0.5263157894736842,57,-0.07017543859649122,0.09649122807017552,0.5701754385964912,0.2785087719298245,0.20238095238095238,0.3609022556390977,0.2092731829573935
2023-10-15 00:00:00,NWSL,Orlando Pride,Dash,1,0,2.7,1.1,nwsl,HOME_WIN,1.5535714285714286,1.1607142857142858,1.7142857142857142,1.3303571428571428,0.5,0.16071428571428573,0.3392857142857143,56,0.3928571428571428,0.3839285714285714,0.8867924528301887,1.471698113207547,1.0830188679245283,1.679245283018868,0.32075471698113206,0.1320754716981132,0.5471698113207547,53,-0.5849056603773584,-0.5962264150943397,0.9777628032345012,0.9801549865229111,0.17924528301886794,0.6667789757412399,0.31098382749326126
2023-10-20 00:00:00,NWSL,Seattle Reign FC,Angel City,1,0,0.6,0.2,nwsl,HOME_WIN,1.3157894736842106,1.087719298245614,1.4789473684210526,1.2333333333333334,0.47368421052631576,0.21052631578947367,0.3157894736842105,57,0.22807017543859653,0.24561403508771917,1.2580645161290323,1.5161290322580645,1.2645161290322582,1.4580645161290324,0.3225806451612903,0.2903225806451613,0.3870967741935484,31,-0.25806451612903225,-0.19354838709677424,0.4861346915676288,0.4391624221844934,0.15110356536502545,0.05772495755517837,0.4284097340124504
2023-10-22 00:00:00,NWSL,North Carolina Courage,Gotham FC,0,2,0.6,1.0,nwsl,AWAY_WIN,1.7894736842105263,0.8421052631578947,1.7719298245614035,1.036842105263158,0.5789473684210527,0.24561403508771928,0.17543859649122806,57,0.9473684210526316,0.7350877192982455,1.3333333333333333,0.9,1.3611111111111112,1.2633333333333334,0.4666666666666667,0.28888888888888886,0.24444444444444444,90,0.43333333333333324,0.09777777777777774,0.5140350877192984,0.6373099415204677,0.11228070175438598,0.45614035087719307,0.05789473684210533
2023-11-05 00:00:00,NWSL,Portland Thorns FC,Gotham FC,0,1,0.6,0.5,nwsl,AWAY_WIN,1.75,0.9642857142857143,1.9107142857142858,1.075,0.5535714285714286,0.21428571428571427,0.23214285714285715,56,0.7857142857142857,0.8357142857142859,1.3333333333333333,0.9,1.3611111111111112,1.2633333333333334,0.4666666666666667,0.28888888888888886,0.24444444444444444,90,0.43333333333333324,0.09777777777777774,0.35238095238095246,0.7379365079365081,0.08690476190476193,0.41666666666666674,-0.06428571428571428
2023-11-05 00:00:00,NWSL,San Diego Wave,Reign,0,1,0.6,0.5,nwsl,AWAY_WIN,1.4375,1.40625,1.44375,1.278125,0.40625,0.21875,0.375,32,0.03125,0.16562500000000013,1.1428571428571428,1.3928571428571428,1.2678571428571428,1.4535714285714287,0.32142857142857145,0.21428571428571427,0.4642857142857143,56,-0.25,-0.18571428571428594,0.28125,0.3513392857142861,0.08482142857142855,0.2946428571428572,-0.013392857142857206
2023-11-11 00:00:00,NWSL,Seattle Reign FC,Gotham FC,1,2,1.9,1.5,nwsl,AWAY_WIN,1.3157894736842106,1.087719298245614,1.4789473684210526,1.2333333333333334,0.47368421052631576,0.21052631578947367,0.3157894736842105,57,0.22807017543859653,0.24561403508771917,1.3333333333333333,0.9,1.3611111111111112,1.2633333333333334,0.4666666666666667,0.28888888888888886,0.24444444444444444,90,0.43333333333333324,0.09777777777777774,-0.2052631578947367,0.14783625730994143,0.007017543859649089,-0.01754385964912264,-0.18771929824561406
2024-03-16 00:00:00,NWSL,Kansas City Current,Thorns,5,4,2.3,1.4,nwsl,HOME_WIN,1.8372093023255813,1.2325581395348837,1.8162790697674418,1.1232558139534883,0.5581395348837209,0.16279069767441862,0.27906976744186046,43,0.6046511627906976,0.6930232558139535,1.2678571428571428,1.4107142857142858,1.5160714285714287,1.3607142857142858,0.32142857142857145,0.23214285714285715,0.44642857142857145,56,-0.14285714285714302,0.15535714285714297,0.7475083056478407,0.5376661129568105,0.23671096345514947,0.5693521594684385,0.17815614617940212
2024-03-16 00:00:00,NWSL,Racing Louisville,Pride,2,2,0.9,1.1,nwsl,DRAW,1.3488372093023255,1.2325581395348837,1.3534883720930233,1.3372093023255813,0.4186046511627907,0.2558139534883721,0.32558139534883723,43,0.11627906976744184,0.016279069767441978,1.1636363636363636,1.4727272727272727,1.1709090909090911,1.6145454545454545,0.38181818181818183,0.18181818181818182,0.43636363636363634,55,-0.3090909090909091,-0.4436363636363634,0.42536997885835093,0.45991543340380536,0.036786469344608885,0.18520084566596196,0.24016913319238897
2024-03-16 00:00:00,NWSL,Utah Royals,Red Stars,0,2,2.2,1.2,nwsl,AWAY_WIN,0.9375,1.28125,1.225,1.496875,0.375,0.125,0.5,32,-0.34375,-0.27187499999999987,1.2307692307692308,1.6730769230769231,1.294230769230769,1.7326923076923075,0.38461538461538464,0.1346153846153846,0.4807692307692308,52,-0.4423076923076923,-0.43846153846153846,0.09855769230769229,0.1665865384615386,-0.009615384615384637,-0.29326923076923084,0.39182692307692313
2024-03-16 00:00:00,NWSL,North Carolina Courage,Dash,5,1,3.2,0.2,nwsl,HOME_WIN,1.7894736842105263,0.8421052631578947,1.7719298245614035,1.036842105263158,0.5789473684210527,0.24561403508771928,0.17543859649122806,57,0.9473684210526316,0.7350877192982455,0.8867924528301887,1.471698113207547,1.0830188679245283,1.679245283018868,0.32075471698113206,0.1320754716981132,0.5471698113207547,53,-0.5849056603773584,-0.5962264150943397,1.53227408142999,1.3313141343925852,0.2581926514399206,0.9026812313803376,0.6295928500496524
2024-03-17 00:00:00,NWSL,Angel City FC,Bay FC,0,1,1.9,1.0,nwsl,AWAY_WIN,1.3225806451612903,1.6129032258064515,1.3516129032258064,1.5193548387096774,0.2903225806451613,0.22580645161290322,0.4838709677419355,31,-0.29032258064516125,-0.16774193548387095,1.15,1.5,1.365,1.3725,0.375,0.1,0.525,40,-0.3500000000000001,-0.007500000000000062,0.059677419354838834,-0.1602419354838709,-0.08467741935483869,0.17258064516129035,-0.11290322580645151
2024-03-17 00:00:00,NWSL,Seattle Reign FC,Spirit,1,0,1.6,0.0,nwsl,HOME_WIN,1.3157894736842106,1.087719298245614,1.4789473684210526,1.2333333333333334,0.47368421052631576,0.21052631578947367,0.3157894736842105,57,0.22807017543859653,0.24561403508771917,1.3818181818181818,1.1636363636363636,1.3563636363636362,1.3800000000000001,0.4727272727272727,0.2545454545454545,0.2727272727272727,55,0.21818181818181825,-0.0236363636363639,0.00988835725677828,0.2692503987240831,0.000956937799043045,-0.06602870813397121,0.0759170653907495
2024-03-22 00:00:00,NWSL,Orlando Pride,Angel City,1,1,0.7,1.8,nwsl,DRAW,1.5535714285714286,1.1607142857142858,1.7142857142857142,1.3303571428571428,0.5,0.16071428571428573,0.3392857142857143,56,0.3928571428571428,0.3839285714285714,1.2580645161290323,1.5161290322580645,1.2645161290322582,1.4580645161290324,0.3225806451612903,0.2903225806451613,0.3870967741935484,31,-0.25806451612903225,-0.19354838709677424,0.650921658986175,0.5774769585253456,0.1774193548387097,0.29550691244239635,0.3554147465437787
2024-03-22 00:00:00,NWSL,Utah Royals,Courage,2,1,0.3,2.8,nwsl,HOME_WIN,0.9375,1.28125,1.225,1.496875,0.375,0.125,0.5,32,-0.34375,-0.27187499999999987,1.2105263157894737,1.280701754385965,1.5385964912280703,1.4421052631578948,0.3333333333333333,0.14035087719298245,0.5263157894736842,57,-0.07017543859649122,0.09649122807017552,-0.2735745614035088,-0.3683662280701754,0.041666666666666685,-0.2730263157894737,-0.0005482456140351033
2024-03-23 00:00:00,NWSL,Chicago Stars,Reign,2,1,0.7,0.9,nwsl,HOME_WIN,1.2698412698412698,1.492063492063492,1.2841269841269842,1.4936507936507935,0.4126984126984127,0.12698412698412698,0.4603174603174603,63,-0.22222222222222232,-0.20952380952380922,1.1428571428571428,1.3928571428571428,1.2678571428571428,1.4535714285714287,0.32142857142857145,0.21428571428571427,0.4642857142857143,56,-0.25,-0.18571428571428594,0.02777777777777768,-0.02380952380952328,0.09126984126984122,0.12698412698412698,-0.0992063492063493
2024-03-23 00:00:00,NWSL,Houston Dash,Louisville,0,0,0.9,2.0,nwsl,DRAW,0.9642857142857143,1.2678571428571428,1.2732142857142856,1.4857142857142858,0.23214285714285715,0.32142857142857145,0.44642857142857145,56,-0.3035714285714285,-0.21250000000000013,0.9523809523809523,1.7142857142857142,1.2214285714285713,1.7619047619047619,0.14285714285714285,0.3333333333333333,0.5238095238095238,42,-0.7619047619047619,-0.5404761904761906,0.45833333333333337,0.3279761904761904,0.0892857142857143,0.011904761904761973,0.4464285714285714
2024-03-23 00:00:00,NWSL,San Diego Wave,Current,1,2,1.5,1.7,nwsl,AWAY_WIN,1.4375,1.40625,1.44375,1.278125,0.40625,0.21875,0.375,32,0.03125,0.16562500000000013,1.53125,1.25,1.559375,1.09375,0.46875,0.1875,0.34375,32,0.28125,0.46562499999999996,-0.25,-0.2999999999999998,-0.0625,-0.09375,-0.15625
2024-03-23 00:00:00,NWSL,Washington Spirit,Bay FC,2,1,2.1,0.8,nwsl,HOME_WIN,1.5714285714285714,1.0714285714285714,1.7017857142857142,1.3267857142857142,0.5357142857142857,0.21428571428571427,0.25,56,0.5,0.375,1.15,1.5,1.365,1.3725,0.375,0.1,0.525,40,-0.3500000000000001,-0.007500000000000062,0.8500000000000001,0.38250000000000006,0.1607142857142857,0.4214285714285715,0.4285714285714286
2024-03-24 00:00:00,NWSL,Portland Thorns FC,Gotham FC,0,1,1.2,0.7,nwsl,AWAY_WIN,1.75,0.9642857142857143,1.9107142857142858,1.075,0.5535714285714286,0.21428571428571427,0.23214285714285715,56,0.7857142857142857,0.8357142857142859,1.3333333333333333,0.9,1.3611111111111112,1.2633333333333334,0.4666666666666667,0.28888888888888886,0.24444444444444444,90,0.43333333333333324,0.09777777777777774,0.35238095238095246,0.7379365079365081,0.08690476190476193,0.41666666666666674,-0.06428571428571428
2024-03-29 00:00:00,NWSL,Orlando Pride,Red Stars,1,1,1.9,0.9,nwsl,DRAW,1.5535714285714286,1.1607142857142858,1.7142857142857142,1.3303571428571428,0.5,0.16071428571428573,0.3392857142857143,56,0.3928571428571428,0.3839285714285714,1.2307692307692308,1.6730769230769231,1.294230769230769,1.7326923076923075,0.38461538461538464,0.1346153846153846,0.4807692307692308,52,-0.4423076923076923,-0.43846153846153846,0.8351648351648351,0.8223901098901099,0.11538461538461536,0.32280219780219777,0.5123626373626373
2024-03-29 00:00:00,NWSL,San Diego Wave,Reign,1,0,0.9,0.5,nwsl,HOME_WIN,1.4375,1.40625,1.44375,1.278125,0.40625,0.21875,0.375,32,0.03125,0.16562500000000013,1.1428571428571428,1.3928571428571428,1.2678571428571428,1.4535714285714287,0.32142857142857145,0.21428571428571427,0.4642857142857143,56,-0.25,-0.18571428571428594,0.28125,0.3513392857142861,0.08482142857142855,0.2946428571428572,-0.013392857142857206
2024-03-30 00:00:00,NWSL,Bay FC,Dash,2,3,1.1,2.4,nwsl,AWAY_WIN,1.15,1.5,1.365,1.3725,0.375,0.1,0.525,40,-0.3500000000000001,-0.007500000000000062,0.8867924528301887,1.471698113207547,1.0830188679245283,1.679245283018868,0.32075471698113206,0.1320754716981132,0.5471698113207547,53,-0.5849056603773584,-0.5962264150943397,0.23490566037735827,0.5887264150943397,0.05424528301886794,0.2632075471698112,-0.028301886792452935
2024-03-30 00:00:00,NWSL,Kansas City Current,Angel City,4,2,2.5,1.2,nwsl,HOME_WIN,1.8372093023255813,1.2325581395348837,1.8162790697674418,1.1232558139534883,0.5581395348837209,0.16279069767441862,0.27906976744186046,43,0.6046511627906976,0.6930232558139535,1.2580645161290323,1.5161290322580645,1.2645161290322582,1.4580645161290324,0.3225806451612903,0.2903225806451613,0.3870967741935484,31,-0.25806451612903225,-0.19354838709677424,0.8627156789197299,0.8865716429107278,0.2355588897224306,0.5791447861965491,0.2835708927231808
2024-03-30 00:00:00,NWSL,Portland Thorns FC,Louisville,2,2,2.0,1.4,nwsl,DRAW,1.75,0.9642857142857143,1.9107142857142858,1.075,0.5535714285714286,0.21428571428571427,0.23214285714285715,56,0.7857142857142857,0.8357142857142859,0.9523809523809523,1.7142857142857142,1.2214285714285713,1.7619047619047619,0.14285714285714285,0.3333333333333333,0.5238095238095238,42,-0.7619047619047619,-0.5404761904761906,1.5476190476190474,1.3761904761904764,0.41071428571428575,0.7976190476190477,0.7499999999999999
2024-03-30 00:00:00,NWSL,North Carolina Courage,Gotham FC,1,0,0.8,1.4,nwsl,HOME_WIN,1.7894736842105263,0.8421052631578947,1.7719298245614035,1.036842105263158,0.5789473684210527,0.24561403508771928,0.17543859649122806,57,0.9473684210526316,0.7350877192982455,1.3333333333333333,0.9,1.3611111111111112,1.2633333333333334,0.4666666666666667,0.28888888888888886,0.24444444444444444,90,0.43333333333333324,0.09777777777777774,0.5140350877192984,0.6373099415204677,0.11228070175438598,0.45614035087719307,0.05789473684210533
2024-03-31 00:00:00,NWSL,Washington Spirit,Royals,2,1,3.1,1.2,nwsl,HOME_WIN,1.5714285714285714,1.0714285714285714,1.7017857142857142,1.3267857142857142,0.5357142857142857,0.21428571428571427,0.25,56,0.5,0.375,0.9032258064516129,1.7096774193548387,1.1548387096774193,1.9548387096774194,0.1935483870967742,0.1935483870967742,0.6129032258064516,31,-0.8064516129032259,-0.8,1.306451612903226,1.175,0.3421658986175115,0.6682027649769585,0.6382488479262673
2024-04-12 00:00:00,NWSL,Houston Dash,Spirit,1,3,0.6,2.3,nwsl,AWAY_WIN,0.9642857142857143,1.2678571428571428,1.2732142857142856,1.4857142857142858,0.23214285714285715,0.32142857142857145,0.44642857142857145,56,-0.3035714285714285,-0.21250000000000013,1.3818181818181818,1.1636363636363636,1.3563636363636362,1.3800000000000001,0.4727272727272727,0.2545454545454545,0.2727272727272727,55,0.21818181818181825,-0.0236363636363639,-0.5217532467532467,-0.18886363636363623,-0.24058441558441557,-0.41753246753246753,-0.10422077922077921
2024-04-12 00:00:00,NWSL,Utah Royals,Pride,0,1,0.1,1.8,nwsl,AWAY_WIN,0.9375,1.28125,1.225,1.496875,0.375,0.125,0.5,32,-0.34375,-0.27187499999999987,1.1636363636363636,1.4727272727272727,1.1709090909090911,1.6145454545454545,0.38181818181818183,0.18181818181818182,0.43636363636363634,55,-0.3090909090909091,-0.4436363636363634,-0.03465909090909092,0.17176136363636352,-0.006818181818181834,-0.22613636363636358,0.19147727272727266
2024-04-13 00:00:00,NWSL,Chicago Stars,Angel City,0,1,0.9,1.0,nwsl,AWAY_WIN,1.2698412698412698,1.492063492063492,1.2841269841269842,1.4936507936507935,0.4126984126984127,0.12698412698412698,0.4603174603174603,63,-0.22222222222222232,-0.20952380952380922,1.2580645161290323,1.5161290322580645,1.2645161290322582,1.4580645161290324,0.3225806451612903,0.2903225806451613,0.3870967741935484,31,-0.25806451612903225,-0.19354838709677424,0.03584229390680993,-0.01597542242703498,0.09011776753712236,0.01177675371223752,0.02406554019457241
2024-04-13 00:00:00,NWSL,Racing Louisville,Wave,0,0,1.1,1.0,nwsl,DRAW,1.3488372093023255,1.2325581395348837,1.3534883720930233,1.3372093023255813,0.4186046511627907,0.2558139534883721,0.32558139534883723,43,0.11627906976744184,0.016279069767441978,1.1333333333333333,0.9666666666666667,1.09,1.2833333333333334,0.36666666666666664,0.23333333333333334,0.4,30,0.16666666666666663,-0.19333333333333336,-0.050387596899224785,0.20961240310077534,0.05193798449612408,0.21550387596899223,-0.265891472868217
2024-04-13 00:00:00,NWSL,North Carolina Courage,Thorns,2,0,0.4,1.1,nwsl,HOME_WIN,1.7894736842105263,0.8421052631578947,1.7719298245614035,1.036842105263158,0.5789473684210527,0.24561403508771928,0.17543859649122806,57,0.9473684210526316,0.7350877192982455,1.2678571428571428,1.4107142857142858,1.5160714285714287,1.3607142857142858,0.32142857142857145,0.23214285714285715,0.44642857142857145,56,-0.14285714285714302,0.15535714285714297,1.0902255639097747,0.5797305764411025,0.2575187969924812,0.5216165413533835,0.5686090225563911
2024-04-14 00:00:00,NWSL,Bay FC,Reign,3,2,1.8,1.0,nwsl,HOME_WIN,1.15,1.5,1.365,1.3725,0.375,0.1,0.525,40,-0.3500000000000001,-0.007500000000000062,1.1428571428571428,1.3928571428571428,1.2678571428571428,1.4535714285714287,0.32142857142857145,0.21428571428571427,0.4642857142857143,56,-0.25,-0.18571428571428594,-0.10000000000000009,0.17821428571428588,0.05357142857142855,0.0071428571428571175,-0.1071428571428572
2024-04-14 00:00:00,NWSL,Gotham FC,Current,1,1,1.3,1.3,nwsl,DRAW,1.3333333333333333,0.9,1.3611111111111112,1.2633333333333334,0.4666666666666667,0.28888888888888886,0.24444444444444444,90,0.43333333333333324,0.09777777777777774,1.53125,1.25,1.559375,1.09375,0.46875,0.1875,0.34375,32,0.28125,0.46562499999999996,0.15208333333333324,-0.3678472222222222,-0.002083333333333326,-0.19791666666666674,0.35
2024-04-19 00:00:00,NWSL,Orlando Pride,Wave,1,0,3.7,0.2,nwsl,HOME_WIN,1.5535714285714286,1.1607142857142858,1.7142857142857142,1.3303571428571428,0.5,0.16071428571428573,0.3392857142857143,56,0.3928571428571428,0.3839285714285714,1.1333333333333333,0.9666666666666667,1.09,1.2833333333333334,0.36666666666666664,0.23333333333333334,0.4,30,0.16666666666666663,-0.19333333333333336,0.22619047619047616,0.5772619047619048,0.13333333333333336,0.4202380952380953,-0.19404761904761914
2024-04-20 00:00:00,NWSL,Kansas City Current,Bay FC,5,2,1.7,1.4,nwsl,HOME_WIN,1.8372093023255813,1.2325581395348837,1.8162790697674418,1.1232558139534883,0.5581395348837209,0.16279069767441862,0.27906976744186046,43,0.6046511627906976,0.6930232558139535,1.15,1.5,1.365,1.3725,0.375,0.1,0.525,40,-0.3500000000000001,-0.007500000000000062,0.9546511627906977,0.7005232558139536,0.18313953488372092,0.6872093023255814,0.2674418604651163
2024-04-20 00:00:00,NWSL,Portland Thorns FC,Dash,4,1,3.6,0.4,nwsl,HOME_WIN,1.75,0.9642857142857143,1.9107142857142858,1.075,0.5535714285714286,0.21428571428571427,0.23214285714285715,56,0.7857142857142857,0.8357142857142859,0.8867924528301887,1.471698113207547,1.0830188679245283,1.679245283018868,0.32075471698113206,0.1320754716981132,0.5471698113207547,53,-0.5849056603773584,-0.5962264150943397,1.3706199460916442,1.4319407008086256,0.23281671159029654,0.8632075471698113,0.5074123989218328
2024-04-20 00:00:00,NWSL,Racing Louisville,Royals,5,1,3.9,0.6,nwsl,HOME_WIN,1.3488372093023255,1.2325581395348837,1.3534883720930233,1.3372093023255813,0.4186046511627907,0.2558139534883721,0.32558139534883723,43,0.11627906976744184,0.016279069767441978,0.9032258064516129,1.7096774193548387,1.1548387096774193,1.9548387096774194,0.1935483870967742,0.1935483870967742,0.6129032258064516,31,-0.8064516129032259,-0.8,0.9227306826706677,0.816279069767442,0.22505626406601653,0.44561140285071266,0.47711927981995506
2024-04-20 00:00:00,NWSL,Washington Spirit,Gotham FC,2,0,1.9,0.6,nwsl,HOME_WIN,1.5714285714285714,1.0714285714285714,1.7017857142857142,1.3267857142857142,0.5357142857142857,0.21428571428571427,0.25,56,0.5,0.375,1.3333333333333333,0.9,1.3611111111111112,1.2633333333333334,0.4666666666666667,0.28888888888888886,0.24444444444444444,90,0.43333333333333324,0.09777777777777774,0.06666666666666676,0.27722222222222226,0.06904761904761902,0.23809523809523814,-0.17142857142857137
2024-04-21 00:00:00,NWSL,Angel City FC,Courage,2,1,0.4,2.3,nwsl,HOME_WIN,1.3225806451612903,1.6129032258064515,1.3516129032258064,1.5193548387096774,0.2903225806451613,0.22580645161290322,0.4838709677419355,31,-0.29032258064516125,-0.16774193548387095,1.2105263157894737,1.280701754385965,1.5385964912280703,1.4421052631578948,0.3333333333333333,0.14035087719298245,0.5263157894736842,57,-0.07017543859649122,0.09649122807017552,-0.22014714204867003,-0.26423316355404647,-0.043010752688172005,0.11205432937181659,-0.3322014714204866
2024-04-21 00:00:00,NWSL,Seattle Reign FC,Red Stars,1,2,1.1,1.6,nwsl,AWAY_WIN,1.3157894736842106,1.087719298245614,1.4789473684210526,1.2333333333333334,0.47368421052631576,0.21052631578947367,0.3157894736842105,57,0.22807017543859653,0.24561403508771917,1.2307692307692308,1.6730769230769231,1.294230769230769,1.7326923076923075,0.38461538461538464,0.1346153846153846,0.4807692307692308,52,-0.4423076923076923,-0.43846153846153846,0.6703778677462888,0.6840755735492576,0.08906882591093113,0.08502024291497978,0.585357624831309
2024-04-26 00:00:00,NWSL,Angel City FC,Current,1,3,1.0,3.0,nwsl,AWAY_WIN,1.3225806451612903,1.6129032258064515,1.3516129032258064,1.5193548387096774,0.2903225806451613,0.22580645161290322,0.4838709677419355,31,-0.29032258064516125,-0.16774193548387095,1.53125,1.25,1.559375,1.09375,0.46875,0.1875,0.34375,32,0.28125,0.46562499999999996,-0.5715725806451613,-0.6333669354838709,-0.1784274193548387,-0.20866935483870974,-0.3629032258064515
2024-04-26 00:00:00,NWSL,Washington Spirit,Pride,2,3,1.8,1.5,nwsl,AWAY_WIN,1.5714285714285714,1.0714285714285714,1.7017857142857142,1.3267857142857142,0.5357142857142857,0.21428571428571427,0.25,56,0.5,0.375,1.1636363636363636,1.4727272727272727,1.1709090909090911,1.6145454545454545,0.38181818181818183,0.18181818181818182,0.43636363636363634,55,-0.3090909090909091,-0.4436363636363634,0.8090909090909091,0.8186363636363634,0.15389610389610386,0.4077922077922078,0.40129870129870127
2024-04-27 00:00:00,NWSL,Chicago Stars,Thorns,0,2,1.6,1.7,nwsl,AWAY_WIN,1.2698412698412698,1.492063492063492,1.2841269841269842,1.4936507936507935,0.4126984126984127,0.12698412698412698,0.4603174603174603,63,-0.22222222222222232,-0.20952380952380922,1.2678571428571428,1.4107142857142858,1.5160714285714287,1.3607142857142858,0.32142857142857145,0.23214285714285715,0.44642857142857145,56,-0.14285714285714302,0.15535714285714297,-0.0793650793650793,-0.3648809523809522,0.09126984126984122,0.001984126984126977,-0.08134920634920628
2024-04-27 00:00:00,NWSL,San Diego Wave,Bay FC,2,1,1.4,1.8,nwsl,HOME_WIN,1.4375,1.40625,1.44375,1.278125,0.40625,0.21875,0.375,32,0.03125,0.16562500000000013,1.15,1.5,1.365,1.3725,0.375,0.1,0.525,40,-0.3500000000000001,-0.007500000000000062,0.3812500000000001,0.1731250000000002,0.03125,0.2875000000000001,0.09375
2024-04-27 00:00:00,NWSL,Utah Royals,Dash,0,0,0.9,0.5,nwsl,DRAW,0.9375,1.28125,1.225,1.496875,0.375,0.125,0.5,32,-0.34375,-0.27187499999999987,0.8867924528301887,1.471698113207547,1.0830188679245283,1.679245283018868,0.32075471698113206,0.1320754716981132,0.5471698113207547,53,-0.5849056603773584,-0.5962264150943397,0.24115566037735836,0.32435141509433985,0.05424528301886794,0.050707547169811296,0.19044811320754707
2024-04-27 00:00:00,NWSL,North Carolina Courage,Reign,1,0,2.0,1.3,nwsl,HOME_WIN,1.7894736842105263,0.8421052631578947,1.7719298245614035,1.036842105263158,0.5789473684210527,0.24561403508771928,0.17543859649122806,57,0.9473684210526316,0.7350877192982455,1.1428571428571428,1.3928571428571428,1.2678571428571428,1.4535714285714287,0.32142857142857145,0.21428571428571427,0.4642857142857143,56,-0.25,-0.18571428571428594,1.1973684210526316,0.9208020050125314,0.2575187969924812,0.6466165413533835,0.5507518796992481
2024-04-28 00:00:00,NWSL,Gotham FC,Louisville,1,1,1.6,1.8,nwsl,DRAW,1.3333333333333333,0.9,1.3611111111111112,1.2633333333333334,0.4666666666666667,0.28888888888888886,0.24444444444444444,90,0.43333333333333324,0.09777777777777774,0.9523809523809523,1.7142857142857142,1.2214285714285713,1.7619047619047619,0.14285714285714285,0.3333333333333333,0.5238095238095238,42,-0.7619047619047619,-0.5404761904761906,1.195238095238095,0.6382539682539683,0.3238095238095238,0.38095238095238093,0.8142857142857142
2024-05-01 00:00:00,NWSL,Bay FC,Thorns,2,3,1.9,1.4,nwsl,AWAY_WIN,1.15,1.5,1.365,1.3725,0.375,0.1,0.525,40,-0.3500000000000001,-0.007500000000000062,1.2678571428571428,1.4107142857142858,1.5160714285714287,1.3607142857142858,0.32142857142857145,0.23214285714285715,0.44642857142857145,56,-0.14285714285714302,0.15535714285714297,-0.20714285714285707,-0.16285714285714303,0.05357142857142855,-0.11785714285714288,-0.08928571428571419
2024-05-01 00:00:00,NWSL,Chicago Stars,Spirit,2,4,0.9,1.0,nwsl,AWAY_WIN,1.2698412698412698,1.492063492063492,1.2841269841269842,1.4936507936507935,0.4126984126984127,0.12698412698412698,0.4603174603174603,63,-0.22222222222222232,-0.20952380952380922,1.3818181818181818,1.1636363636363636,1.3563636363636362,1.3800000000000001,0.4727272727272727,0.2545454545454545,0.2727272727272727,55,0.21818181818181825,-0.0236363636363639,-0.4404040404040406,-0.18588744588744532,-0.06002886002886004,-0.11197691197691206,-0.3284271284271285
2024-05-01 00:00:00,NWSL,Orlando Pride,Courage,4,1,2.1,0.6,nwsl,HOME_WIN,1.5535714285714286,1.1607142857142858,1.7142857142857142,1.3303571428571428,0.5,0.16071428571428573,0.3392857142857143,56,0.3928571428571428,0.3839285714285714,1.2105263157894737,1.280701754385965,1.5385964912280703,1.4421052631578948,0.3333333333333333,0.14035087719298245,0.5263157894736842,57,-0.07017543859649122,0.09649122807017552,0.463032581453634,0.2874373433583959,0.16666666666666669,0.34304511278195493,0.11998746867167909
2024-05-03 00:00:00,NWSL,Seattle Reign FC,Wave,2,1,1.7,1.6,nwsl,HOME_WIN,1.3157894736842106,1.087719298245614,1.4789473684210526,1.2333333333333334,0.47368421052631576,0.21052631578947367,0.3157894736842105,57,0.22807017543859653,0.24561403508771917,1.1333333333333333,0.9666666666666667,1.09,1.2833333333333334,0.36666666666666664,0.23333333333333334,0.4,30,0.16666666666666663,-0.19333333333333336,0.061403508771929904,0.43894736842105253,0.10701754385964912,0.18245614035087732,-0.12105263157894741
2024-05-03 00:00:00,NWSL,Utah Royals,Angel City,1,2,0.9,1.4,nwsl,AWAY_WIN,0.9375,1.28125,1.225,1.496875,0.375,0.125,0.5,32,-0.34375,-0.27187499999999987,1.2580645161290323,1.5161290322580645,1.2645161290322582,1.4580645161290324,0.3225806451612903,0.2903225806451613,0.3870967741935484,31,-0.25806451612903225,-0.19354838709677424,-0.08568548387096775,-0.07832661290322562,0.052419354838709686,-0.32056451612903225,0.2348790322580645
2024-05-04 00:00:00,NWSL,Gotham FC,Courage,1,0,1.0,0.8,nwsl,HOME_WIN,1.3333333333333333,0.9,1.3611111111111112,1.2633333333333334,0.4666666666666667,0.28888888888888886,0.24444444444444444,90,0.43333333333333324,0.09777777777777774,1.2105263157894737,1.280701754385965,1.5385964912280703,1.4421052631578948,0.3333333333333333,0.14035087719298245,0.5263157894736842,57,-0.07017543859649122,0.09649122807017552,0.5035087719298245,0.0012865497076022248,0.13333333333333336,0.12280701754385959,0.3807017543859649
2024-05-04 00:00:00,NWSL,Portland Thorns FC,Spirit,2,1,1.5,2.2,nwsl,HOME_WIN,1.75,0.9642857142857143,1.9107142857142858,1.075,0.5535714285714286,0.21428571428571427,0.23214285714285715,56,0.7857142857142857,0.8357142857142859,1.3818181818181818,1.1636363636363636,1.3563636363636362,1.3800000000000001,0.4727272727272727,0.2545454545454545,0.2727272727272727,55,0.21818181818181825,-0.0236363636363639,0.5675324675324674,0.8593506493506498,0.08084415584415588,0.36818181818181817,0.19935064935064928
2024-05-05 00:00:00,NWSL,Bay FC,Red Stars,1,2,1.0,1.8,nwsl,AWAY_WIN,1.15,1.5,1.365,1.3725,0.375,0.1,0.525,40,-0.3500000000000001,-0.007500000000000062,1.2307692307692308,1.6730769230769231,1.294230769230769,1.7326923076923075,0.38461538461538464,0.1346153846153846,0.4807692307692308,52,-0.4423076923076923,-0.43846153846153846,0.0923076923076922,0.4309615384615384,-0.009615384615384637,-0.08076923076923093,0.17307692307692313
2024-05-05 00:00:00,NWSL,Houston Dash,Current,1,1,0.8,2.5,nwsl,DRAW,0.9642857142857143,1.2678571428571428,1.2732142857142856,1.4857142857142858,0.23214285714285715,0.32142857142857145,0.44642857142857145,56,-0.3035714285714285,-0.21250000000000013,1.53125,1.25,1.559375,1.09375,0.46875,0.1875,0.34375,32,0.28125,0.46562499999999996,-0.5848214285714285,-0.6781250000000001,-0.23660714285714285,-0.5669642857142857,-0.017857142857142794
2024-05-05 00:00:00,NWSL,Orlando Pride,Louisville,1,0,1.3,1.0,nwsl,HOME_WIN,1.5535714285714286,1.1607142857142858,1.7142857142857142,1.3303571428571428,0.5,0.16071428571428573,0.3392857142857143,56,0.3928571428571428,0.3839285714285714,0.9523809523809523,1.7142857142857142,1.2214285714285713,1.7619047619047619,0.14285714285714285,0.3333333333333333,0.5238095238095238,42,-0.7619047619047619,-0.5404761904761906,1.1547619047619047,0.924404761904762,0.35714285714285715,0.6011904761904763,0.5535714285714284
2024-05-08 00:00:00,NWSL,Houston Dash,Gotham FC,0,1,0.2,2.4,nwsl,AWAY_WIN,0.9642857142857143,1.2678571428571428,1.2732142857142856,1.4857142857142858,0.23214285714285715,0.32142857142857145,0.44642857142857145,56,-0.3035714285714285,-0.21250000000000013,1.3333333333333333,0.9,1.3611111111111112,1.2633333333333334,0.4666666666666667,0.28888888888888886,0.24444444444444444,90,0.43333333333333324,0.09777777777777774,-0.7369047619047617,-0.3102777777777779,-0.23452380952380952,-0.36904761904761896,-0.36785714285714277
2024-05-08 00:00:00,NWSL,San Diego Wave,Royals,2,0,2.4,0.7,nwsl,HOME_WIN,1.4375,1.40625,1.44375,1.278125,0.40625,0.21875,0.375,32,0.03125,0.16562500000000013,0.9032258064516129,1.7096774193548387,1.1548387096774193,1.9548387096774194,0.1935483870967742,0.1935483870967742,0.6129032258064516,31,-0.8064516129032259,-0.8,0.8377016129032259,0.9656250000000002,0.2127016129032258,0.5342741935483871,0.30342741935483875
2024-05-08 00:00:00,NWSL,Seattle Reign FC,Current,0,0,0.2,1.2,nwsl,DRAW,1.3157894736842106,1.087719298245614,1.4789473684210526,1.2333333333333334,0.47368421052631576,0.21052631578947367,0.3157894736842105,57,0.22807017543859653,0.24561403508771917,1.53125,1.25,1.559375,1.09375,0.46875,0.1875,0.34375,32,0.28125,0.46562499999999996,-0.053179824561403466,-0.22001096491228078,0.004934210526315763,-0.21546052631578938,0.16228070175438591
2024-05-10 00:00:00,NWSL,Racing Louisville,Spirit,1,2,1.4,0.9,nwsl,AWAY_WIN,1.3488372093023255,1.2325581395348837,1.3534883720930233,1.3372093023255813,0.4186046511627907,0.2558139534883721,0.32558139534883723,43,0.11627906976744184,0.016279069767441978,1.3818181818181818,1.1636363636363636,1.3563636363636362,1.3800000000000001,0.4727272727272727,0.2545454545454545,0.2727272727272727,55,0.21818181818181825,-0.0236363636363639,-0.10190274841437641,0.03991543340380588,-0.054122621564482,-0.0329809725158563,-0.06892177589852011
2024-05-11 00:00:00,NWSL,Orlando Pride,Bay FC,1,0,2.0,1.0,nwsl,HOME_WIN,1.5535714285714286,1.1607142857142858,1.7142857142857142,1.3303571428571428,0.5,0.16071428571428573,0.3392857142857143,56,0.3928571428571428,0.3839285714285714,1.15,1.5,1.365,1.3725,0.375,0.1,0.525,40,-0.3500000000000001,-0.007500000000000062,0.7428571428571429,0.39142857142857146,0.125,0.4035714285714287,0.3392857142857142
2024-05-11 00:00:00,NWSL,Portland Thorns FC,Reign,4,0,1.4,0.8,nwsl,HOME_WIN,1.75,0.9642857142857143,1.9107142857142858,1.075,0.5535714285714286,0.21428571428571427,0.23214285714285715,56,0.7857142857142857,0.8357142857142859,1.1428571428571428,1.3928571428571428,1.2678571428571428,1.4535714285714287,0.32142857142857145,0.21428571428571427,0.4642857142857143,56,-0.25,-0.18571428571428594,1.0357142857142856,1.0214285714285718,0.23214285714285715,0.6071428571428572,0.4285714285714285
2024-05-12 00:00:00,NWSL,Angel City FC,Dash,0,1,0.9,1.1,nwsl,AWAY_WIN,1.3225806451612903,1.6129032258064515,1.3516129032258064,1.5193548387096774,0.2903225806451613,0.22580645161290322,0.4838709677419355,31,-0.29032258064516125,-0.16774193548387095,0.8867924528301887,1.471698113207547,1.0830188679245283,1.679245283018868,0.32075471698113206,0.1320754716981132,0.5471698113207547,53,-0.5849056603773584,-0.5962264150943397,0.2945830797321971,0.42848447961046876,-0.03043213633597075,0.43578819233110155,-0.14120511259890445
2024-05-12 00:00:00,NWSL,Chicago Stars,Royals,3,1,2.6,1.1,nwsl,HOME_WIN,1.2698412698412698,1.492063492063492,1.2841269841269842,1.4936507936507935,0.4126984126984127,0.12698412698412698,0.4603174603174603,63,-0.22222222222222232,-0.20952380952380922,0.9032258064516129,1.7096774193548387,1.1548387096774193,1.9548387096774194,0.1935483870967742,0.1935483870967742,0.6129032258064516,31,-0.8064516129032259,-0.8,0.5842293906810035,0.5904761904761908,0.2191500256016385,0.3666154633896569,0.21761392729134665
2024-05-12 00:00:00,NWSL,Kansas City Current,Courage,1,0,2.9,0.3,nwsl,HOME_WIN,1.8372093023255813,1.2325581395348837,1.8162790697674418,1.1232558139534883,0.5581395348837209,0.16279069767441862,0.27906976744186046,43,0.6046511627906976,0.6930232558139535,1.2105263157894737,1.280701754385965,1.5385964912280703,1.4421052631578948,0.3333333333333333,0.14035087719298245,0.5263157894736842,57,-0.07017543859649122,0.09649122807017552,0.6748266013871889,0.596532027743778,0.2248062015503876,0.6266829865361077,0.04814361485108121
2024-05-12 00:00:00,NWSL,San Diego Wave,Gotham FC,1,1,1.4,1.6,nwsl,DRAW,1.4375,1.40625,1.44375,1.278125,0.40625,0.21875,0.375,32,0.03125,0.16562500000000013,1.3333333333333333,0.9,1.3611111111111112,1.2633333333333334,0.4666666666666667,0.28888888888888886,0.24444444444444444,90,0.43333333333333324,0.09777777777777774,-0.40208333333333324,0.06784722222222239,-0.060416666666666674,0.10416666666666674,-0.50625
2024-05-17 00:00:00,NWSL,Bay FC,Wave,2,1,0.4,1.5,nwsl,HOME_WIN,1.15,1.5,1.365,1.3725,0.375,0.1,0.525,40,-0.3500000000000001,-0.007500000000000062,1.1333333333333333,0.9666666666666667,1.09,1.2833333333333334,0.36666666666666664,0.23333333333333334,0.4,30,0.16666666666666663,-0.19333333333333336,-0.5166666666666667,0.1858333333333333,0.00833333333333336,0.016666666666666607,-0.5333333333333333
2024-05-17 00:00:00,NWSL,Houston Dash,Thorns,0,2,1.1,2.8,nwsl,AWAY_WIN,0.9642857142857143,1.2678571428571428,1.2732142857142856,1.4857142857142858,0.23214285714285715,0.32142857142857145,0.44642857142857145,56,-0.3035714285714285,-0.21250000000000013,1.2678571428571428,1.4107142857142858,1.5160714285714287,1.3607142857142858,0.32142857142857145,0.23214285714285715,0.44642857142857145,56,-0.14285714285714302,0.15535714285714297,-0.16071428571428548,-0.3678571428571431,-0.0892857142857143,-0.3035714285714285,0.14285714285714302
2024-05-17 00:00:00,NWSL,North Carolina Courage,Royals,1,0,3.1,0.2,nwsl,HOME_WIN,1.7894736842105263,0.8421052631578947,1.7719298245614035,1.036842105263158,0.5789473684210527,0.24561403508771928,0.17543859649122806,57,0.9473684210526316,0.7350877192982455,0.9032258064516129,1.7096774193548387,1.1548387096774193,1.9548387096774194,0.1935483870967742,0.1935483870967742,0.6129032258064516,31,-0.8064516129032259,-0.8,1.7538200339558574,1.5350877192982455,0.38539898132427847,0.8862478777589134,0.867572156196944
2024-05-18 00:00:00,NWSL,Kansas City Current,Louisville,3,3,2.0,0.5,nwsl,DRAW,1.8372093023255813,1.2325581395348837,1.8162790697674418,1.1232558139534883,0.5581395348837209,0.16279069767441862,0.27906976744186046,43,0.6046511627906976,0.6930232558139535,0.9523809523809523,1.7142857142857142,1.2214285714285713,1.7619047619047619,0.14285714285714285,0.3333333333333333,0.5238095238095238,42,-0.7619047619047619,-0.5404761904761906,1.3665559246954595,1.233499446290144,0.4152823920265781,0.884828349944629,0.4817275747508305
2024-05-18 00:00:00,NWSL,Washington Spirit,Angel City,4,2,2.7,1.4,nwsl,HOME_WIN,1.5714285714285714,1.0714285714285714,1.7017857142857142,1.3267857142857142,0.5357142857142857,0.21428571428571427,0.25,56,0.5,0.375,1.2580645161290323,1.5161290322580645,1.2645161290322582,1.4580645161290324,0.3225806451612903,0.2903225806451613,0.3870967741935484,31,-0.25806451612903225,-0.19354838709677424,0.7580645161290323,0.5685483870967742,0.21313364055299538,0.31336405529953915,0.4447004608294931
2024-05-19 00:00:00,NWSL,Gotham FC,Red Stars,2,1,1.9,1.2,nwsl,HOME_WIN,1.3333333333333333,0.9,1.3611111111111112,1.2633333333333334,0.4666666666666667,0.28888888888888886,0.24444444444444444,90,0.43333333333333324,0.09777777777777774,1.2307692307692308,1.6730769230769231,1.294230769230769,1.7326923076923075,0.38461538461538464,0.1346153846153846,0.4807692307692308,52,-0.4423076923076923,-0.43846153846153846,0.8756410256410255,0.5362393162393162,0.08205128205128204,0.10256410256410242,0.7730769230769231
2024-05-19 00:00:00,NWSL,Seattle Reign FC,Pride,2,3,1.6,1.4,nwsl,AWAY_WIN,1.3157894736842106,1.087719298245614,1.4789473684210526,1.2333333333333334,0.47368421052631576,0.21052631578947367,0.3157894736842105,57,0.22807017543859653,0.24561403508771917,1.1636363636363636,1.4727272727272727,1.1709090909090911,1.6145454545454545,0.38181818181818183,0.18181818181818182,0.43636363636363634,55,-0.3090909090909091,-0.4436363636363634,0.5371610845295056,0.6892503987240826,0.09186602870813393,0.15215311004784704,0.3850079744816586
2024-05-23 00:00:00,NWSL,Angel City FC,Wave,0,0,1.1,1.9,nwsl,DRAW,1.3225806451612903,1.6129032258064515,1.3516129032258064,1.5193548387096774,0.2903225806451613,0.22580645161290322,0.4838709677419355,31,-0.29032258064516125,-0.16774193548387095,1.1333333333333333,0.9666666666666667,1.09,1.2833333333333334,0.36666666666666664,0.23333333333333334,0.4,30,0.16666666666666663,-0.19333333333333336,-0.4569892473118279,0.025591397849462405,-0.07634408602150533,0.18924731182795695,-0.6462365591397848
2024-05-24 00:00:00,NWSL,Bay FC,Gotham FC,0,2,0.8,2.1,nwsl,AWAY_WIN,1.15,1.5,1.365,1.3725,0.375,0.1,0.525,40,-0.3500000000000001,-0.007500000000000062,1.3333333333333333,0.9,1.3611111111111112,1.2633333333333334,0.4666666666666667,0.28888888888888886,0.24444444444444444,90,0.43333333333333324,0.09777777777777774,-0.7833333333333333,-0.1052777777777778,-0.09166666666666667,-0.18333333333333335,-0.6
2024-05-24 00:00:00,NWSL,Houston Dash,Courage,3,0,1.7,1.0,nwsl,HOME_WIN,0.9642857142857143,1.2678571428571428,1.2732142857142856,1.4857142857142858,0.23214285714285715,0.32142857142857145,0.44642857142857145,56,-0.3035714285714285,-0.21250000000000013,1.2105263157894737,1.280701754385965,1.5385964912280703,1.4421052631578948,0.3333333333333333,0.14035087719298245,0.5263157894736842,57,-0.07017543859649122,0.09649122807017552,-0.23339598997493727,-0.30899122807017565,-0.10119047619047616,-0.24624060150375937,0.012844611528822103
2024-05-24 00:00:00,NWSL,Orlando Pride,Thorns,2,1,2.4,2.5,nwsl,HOME_WIN,1.5535714285714286,1.1607142857142858,1.7142857142857142,1.3303571428571428,0.5,0.16071428571428573,0.3392857142857143,56,0.3928571428571428,0.3839285714285714,1.2678571428571428,1.4107142857142858,1.5160714285714287,1.3607142857142858,0.32142857142857145,0.23214285714285715,0.44642857142857145,56,-0.14285714285714302,0.15535714285714297,0.5357142857142858,0.22857142857142843,0.17857142857142855,0.2857142857142858,0.25
2024-05-24 00:00:00,NWSL,Washington Spirit,Reign,3,2,2.2,1.0,nwsl,HOME_WIN,1.5714285714285714,1.0714285714285714,1.7017857142857142,1.3267857142857142,0.5357142857142857,0.21428571428571427,0.25,56,0.5,0.375,1.1428571428571428,1.3928571428571428,1.2678571428571428,1.4535714285714287,0.32142857142857145,0.21428571428571427,0.4642857142857143,56,-0.25,-0.18571428571428594,0.75,0.5607142857142859,0.21428571428571425,0.4285714285714286,0.3214285714285714
2024-05-25 00:00:00,NWSL,Chicago Stars,Louisville,0,1,1.4,2.1,nwsl,AWAY_WIN,1.2698412698412698,1.492063492063492,1.2841269841269842,1.4936507936507935,0.4126984126984127,0.12698412698412698,0.4603174603174603,63,-0.22222222222222232,-0.20952380952380922,0.9523809523809523,1.7142857142857142,1.2214285714285713,1.7619047619047619,0.14285714285714285,0.3333333333333333,0.5238095238095238,42,-0.7619047619047619,-0.5404761904761906,0.5396825396825395,0.33095238095238133,0.2698412698412698,0.31746031746031744,0.2222222222222221
2024-05-25 00:00:00,NWSL,Utah Royals,Current,0,1,0.3,3.9,nwsl,AWAY_WIN,0.9375,1.28125,1.225,1.496875,0.375,0.125,0.5,32,-0.34375,-0.27187499999999987,1.53125,1.25,1.559375,1.09375,0.46875,0.1875,0.34375,32,0.28125,0.46562499999999996,-0.625,-0.7374999999999998,-0.09375,-0.59375,-0.03125
2024-06-07 00:00:00,NWSL,Racing Louisville,Dash,2,0,1.3,1.5,nwsl,HOME_WIN,1.3488372093023255,1.2325581395348837,1.3534883720930233,1.3372093023255813,0.4186046511627907,0.2558139534883721,0.32558139534883723,43,0.11627906976744184,0.016279069767441978,0.8867924528301887,1.471698113207547,1.0830188679245283,1.679245283018868,0.32075471698113206,0.1320754716981132,0.5471698113207547,53,-0.5849056603773584,-0.5962264150943397,0.7011847301448002,0.6125054848617817,0.09784993418165866,0.46204475647213683,0.23913997367266338
2024-06-07 00:00:00,NWSL,San Diego Wave,Pride,1,1,1.0,0.6,nwsl,DRAW,1.4375,1.40625,1.44375,1.278125,0.40625,0.21875,0.375,32,0.03125,0.16562500000000013,1.1636363636363636,1.4727272727272727,1.1709090909090911,1.6145454545454545,0.38181818181818183,0.18181818181818182,0.43636363636363634,55,-0.3090909090909091,-0.4436363636363634,0.3403409090909091,0.6092613636363635,0.024431818181818166,0.2738636363636364,0.06647727272727266
2024-06-08 00:00:00,NWSL,Chicago Stars,Bay FC,1,2,1.2,3.2,nwsl,AWAY_WIN,1.2698412698412698,1.492063492063492,1.2841269841269842,1.4936507936507935,0.4126984126984127,0.12698412698412698,0.4603174603174603,63,-0.22222222222222232,-0.20952380952380922,1.15,1.5,1.365,1.3725,0.375,0.1,0.525,40,-0.3500000000000001,-0.007500000000000062,0.12777777777777777,-0.20202380952380916,0.037698412698412676,0.11984126984126986,0.007936507936507908
2024-06-08 00:00:00,NWSL,Gotham FC,Angel City,2,1,1.9,0.5,nwsl,HOME_WIN,1.3333333333333333,0.9,1.3611111111111112,1.2633333333333334,0.4666666666666667,0.28888888888888886,0.24444444444444444,90,0.43333333333333324,0.09777777777777774,1.2580645161290323,1.5161290322580645,1.2645161290322582,1.4580645161290324,0.3225806451612903,0.2903225806451613,0.3870967741935484,31,-0.25806451612903225,-0.19354838709677424,0.6913978494623655,0.291326164874552,0.14408602150537636,0.07526881720430101,0.6161290322580645
2024-06-08 00:00:00,NWSL,Portland Thorns FC,Courage,1,0,1.4,0.4,nwsl,HOME_WIN,1.75,0.9642857142857143,1.9107142857142858,1.075,0.5535714285714286,0.21428571428571427,0.23214285714285715,56,0.7857142857142857,0.8357142857142859,1.2105263157894737,1.280701754385965,1.5385964912280703,1.4421052631578948,0.3333333333333333,0.14035087719298245,0.5263157894736842,57,-0.07017543859649122,0.09649122807017552,0.8558897243107769,0.7392230576441103,0.2202380952380953,0.5394736842105263,0.3164160401002506
2024-06-08 00:00:00,NWSL,Utah Royals,Spirit,0,1,0.8,1.4,nwsl,AWAY_WIN,0.9375,1.28125,1.225,1.496875,0.375,0.125,0.5,32,-0.34375,-0.27187499999999987,1.3818181818181818,1.1636363636363636,1.3563636363636362,1.3800000000000001,0.4727272727272727,0.2545454545454545,0.2727272727272727,55,0.21818181818181825,-0.0236363636363639,-0.5619318181818183,-0.24823863636363597,-0.09772727272727272,-0.44431818181818183,-0.11761363636363642
2024-06-09 00:00:00,NWSL,Kansas City Current,Reign,5,2,2.9,1.9,nwsl,HOME_WIN,1.8372093023255813,1.2325581395348837,1.8162790697674418,1.1232558139534883,0.5581395348837209,0.16279069767441862,0.27906976744186046,43,0.6046511627906976,0.6930232558139535,1.1428571428571428,1.3928571428571428,1.2678571428571428,1.4535714285714287,0.32142857142857145,0.21428571428571427,0.4642857142857143,56,-0.25,-0.18571428571428594,0.8546511627906976,0.8787375415282395,0.23671096345514947,0.6943521594684385,0.1602990033222591
2024-06-14 00:00:00,NWSL,Kansas City Current,Red Stars,2,2,2.2,0.3,nwsl,DRAW,1.8372093023255813,1.2325581395348837,1.8162790697674418,1.1232558139534883,0.5581395348837209,0.16279069767441862,0.27906976744186046,43,0.6046511627906976,0.6930232558139535,1.2307692307692308,1.6730769230769231,1.294230769230769,1.7326923076923075,0.38461538461538464,0.1346153846153846,0.4807692307692308,52,-0.4423076923076923,-0.43846153846153846,1.04695885509839,1.131484794275492,0.17352415026833629,0.6064400715563505,0.44051878354203944
2024-06-15 00:00:00,NWSL,Houston Dash,Angel City,0,0,0.7,2.0,nwsl,DRAW,0.9642857142857143,1.2678571428571428,1.2732142857142856,1.4857142857142858,0.23214285714285715,0.32142857142857145,0.44642857142857145,56,-0.3035714285714285,-0.21250000000000013,1.2580645161290323,1.5161290322580645,1.2645161290322582,1.4580645161290324,0.3225806451612903,0.2903225806451613,0.3870967741935484,31,-0.25806451612903225,-0.19354838709677424,-0.04550691244239624,-0.01895161290322589,-0.09043778801843316,-0.29377880184331795,0.2482718894009217
2024-06-15 00:00:00,NWSL,Racing Louisville,Gotham FC,0,2,0.4,1.2,nwsl,AWAY_WIN,1.3488372093023255,1.2325581395348837,1.3534883720930233,1.3372093023255813,0.4186046511627907,0.2558139534883721,0.32558139534883723,43,0.11627906976744184,0.016279069767441978,1.3333333333333333,0.9,1.3611111111111112,1.2633333333333334,0.4666666666666667,0.28888888888888886,0.24444444444444444,90,0.43333333333333324,0.09777777777777774,-0.3170542635658914,-0.08149870801033576,-0.048062015503875954,0.015503875968992276,-0.33255813953488367
2024-06-15 00:00:00,NWSL,Washington Spirit,Wave,1,1,1.5,1.0,nwsl,DRAW,1.5714285714285714,1.0714285714285714,1.7017857142857142,1.3267857142857142,0.5357142857142857,0.21428571428571427,0.25,56,0.5,0.375,1.1333333333333333,0.9666666666666667,1.09,1.2833333333333334,0.36666666666666664,0.23333333333333334,0.4,30,0.16666666666666663,-0.19333333333333336,0.33333333333333337,0.5683333333333334,0.16904761904761906,0.4380952380952381,-0.10476190476190472
2024-06-15 00:00:00,NWSL,North Carolina Courage,Pride,0,0,1.0,2.0,nwsl,DRAW,1.7894736842105263,0.8421052631578947,1.7719298245614035,1.036842105263158,0.5789473684210527,0.24561403508771928,0.17543859649122806,57,0.9473684210526316,0.7350877192982455,1.1636363636363636,1.4727272727272727,1.1709090909090911,1.6145454545454545,0.38181818181818183,0.18181818181818182,0.43636363636363634,55,-0.3090909090909091,-0.4436363636363634,1.2564593301435407,1.1787240829346088,0.19712918660287082,0.6258373205741627,0.630622009569378
2024-06-16 00:00:00,NWSL,Bay FC,Royals,0,1,0.8,0.8,nwsl,AWAY_WIN,1.15,1.5,1.365,1.3725,0.375,0.1,0.525,40,-0.3500000000000001,-0.007500000000000062,0.9032258064516129,1.7096774193548387,1.1548387096774193,1.9548387096774194,0.1935483870967742,0.1935483870967742,0.6129032258064516,31,-0.8064516129032259,-0.8,0.4564516129032258,0.7925,0.1814516129032258,0.24677419354838703,0.20967741935483875
2024-06-16 00:00:00,NWSL,Seattle Reign FC,Thorns,0,0,0.5,0.7,nwsl,DRAW,1.3157894736842106,1.087719298245614,1.4789473684210526,1.2333333333333334,0.47368421052631576,0.21052631578947367,0.3157894736842105,57,0.22807017543859653,0.24561403508771917,1.2678571428571428,1.4107142857142858,1.5160714285714287,1.3607142857142858,0.32142857142857145,0.23214285714285715,0.44642857142857145,56,-0.14285714285714302,0.15535714285714297,0.37092731829573955,0.0902568922305762,0.1522556390977443,0.047932330827067826,0.3229949874686717
2024-06-19 00:00:00,NWSL,Angel City FC,Louisville,3,2,1.5,2.0,nwsl,HOME_WIN,1.3225806451612903,1.6129032258064515,1.3516129032258064,1.5193548387096774,0.2903225806451613,0.22580645161290322,0.4838709677419355,31,-0.29032258064516125,-0.16774193548387095,0.9523809523809523,1.7142857142857142,1.2214285714285713,1.7619047619047619,0.14285714285714285,0.3333333333333333,0.5238095238095238,42,-0.7619047619047619,-0.5404761904761906,0.4715821812596006,0.3727342549923196,0.14746543778801846,0.37019969278033793,0.10138248847926268
2024-06-19 00:00:00,NWSL,Gotham FC,Wave,2,1,0.9,0.3,nwsl,HOME_WIN,1.3333333333333333,0.9,1.3611111111111112,1.2633333333333334,0.4666666666666667,0.28888888888888886,0.24444444444444444,90,0.43333333333333324,0.09777777777777774,1.1333333333333333,0.9666666666666667,1.09,1.2833333333333334,0.36666666666666664,0.23333333333333334,0.4,30,0.16666666666666663,-0.19333333333333336,0.2666666666666666,0.2911111111111111,0.10000000000000003,0.19999999999999996,0.06666666666666665
2024-06-21 00:00:00,NWSL,Orlando Pride,Royals,6,0,3.9,0.4,nwsl,HOME_WIN,1.5535714285714286,1.1607142857142858,1.7142857142857142,1.3303571428571428,0.5,0.16071428571428573,0.3392857142857143,56,0.3928571428571428,0.3839285714285714,0.9032258064516129,1.7096774193548387,1.1548387096774193,1.9548387096774194,0.1935483870967742,0.1935483870967742,0.6129032258064516,31,-0.8064516129032259,-0.8,1.1993087557603688,1.1839285714285714,0.3064516129032258,0.6503456221198157,0.5489631336405529
2024-06-22 00:00:00,NWSL,Bay FC,Angel City,1,0,1.1,1.2,nwsl,HOME_WIN,1.15,1.5,1.365,1.3725,0.375,0.1,0.525,40,-0.3500000000000001,-0.007500000000000062,1.2580645161290323,1.5161290322580645,1.2645161290322582,1.4580645161290324,0.3225806451612903,0.2903225806451613,0.3870967741935484,31,-0.25806451612903225,-0.19354838709677424,-0.09193548387096784,0.18604838709677418,0.052419354838709686,-0.10806451612903234,0.016129032258064502
2024-06-22 00:00:00,NWSL,Houston Dash,Wave,0,0,0.6,0.5,nwsl,DRAW,0.9642857142857143,1.2678571428571428,1.2732142857142856,1.4857142857142858,0.23214285714285715,0.32142857142857145,0.44642857142857145,56,-0.3035714285714285,-0.21250000000000013,1.1333333333333333,0.9666666666666667,1.09,1.2833333333333334,0.36666666666666664,0.23333333333333334,0.4,30,0.16666666666666663,-0.19333333333333336,-0.4702380952380951,-0.019166666666666776,-0.1345238095238095,-0.169047619047619,-0.3011904761904761
2024-06-23 00:00:00,NWSL,Gotham FC,Spirit,0,2,1.2,1.6,nwsl,AWAY_WIN,1.3333333333333333,0.9,1.3611111111111112,1.2633333333333334,0.4666666666666667,0.28888888888888886,0.24444444444444444,90,0.43333333333333324,0.09777777777777774,1.3818181818181818,1.1636363636363636,1.3563636363636362,1.3800000000000001,0.4727272727272727,0.2545454545454545,0.2727272727272727,55,0.21818181818181825,-0.0236363636363639,0.21515151515151498,0.12141414141414164,-0.006060606060606044,-0.048484848484848575,0.26363636363636356
2024-06-23 00:00:00,NWSL,Portland Thorns FC,Current,1,4,0.7,2.2,nwsl,AWAY_WIN,1.75,0.9642857142857143,1.9107142857142858,1.075,0.5535714285714286,0.21428571428571427,0.23214285714285715,56,0.7857142857142857,0.8357142857142859,1.53125,1.25,1.559375,1.09375,0.46875,0.1875,0.34375,32,0.28125,0.46562499999999996,0.5044642857142857,0.3700892857142859,0.0848214285714286,0.21875,0.2857142857142857
2024-06-23 00:00:00,NWSL,Seattle Reign FC,Louisville,1,1,2.0,0.7,nwsl,DRAW,1.3157894736842106,1.087719298245614,1.4789473684210526,1.2333333333333334,0.47368421052631576,0.21052631578947367,0.3157894736842105,57,0.22807017543859653,0.24561403508771917,0.9523809523809523,1.7142857142857142,1.2214285714285713,1.7619047619047619,0.14285714285714285,0.3333333333333333,0.5238095238095238,42,-0.7619047619047619,-0.5404761904761906,0.9899749373433584,0.7860902255639097,0.3308270676691729,0.3634085213032583,0.6265664160401001
2024-06-23 00:00:00,NWSL,North Carolina Courage,Red Stars,3,1,1.2,0.7,nwsl,HOME_WIN,1.7894736842105263,0.8421052631578947,1.7719298245614035,1.036842105263158,0.5789473684210527,0.24561403508771928,0.17543859649122806,57,0.9473684210526316,0.7350877192982455,1.2307692307692308,1.6730769230769231,1.294230769230769,1.7326923076923075,0.38461538461538464,0.1346153846153846,0.4807692307692308,52,-0.4423076923076923,-0.43846153846153846,1.389676113360324,1.173549257759784,0.19433198380566802,0.5587044534412955,0.8309716599190284
2024-06-28 00:00:00,NWSL,Kansas City Current,Dash,2,0,3.1,0.3,nwsl,HOME_WIN,1.8372093023255813,1.2325581395348837,1.8162790697674418,1.1232558139534883,0.5581395348837209,0.16279069767441862,0.27906976744186046,43,0.6046511627906976,0.6930232558139535,0.8867924528301887,1.471698113207547,1.0830188679245283,1.679245283018868,0.32075471698113206,0.1320754716981132,0.5471698113207547,53,-0.5849056603773584,-0.5962264150943397,1.189556823168056,1.2892496709082932,0.23738481790258886,0.9504168494953926,0.23913997367266338
2024-06-28 00:00:00,NWSL,San Diego Wave,Red Stars,0,3,2.1,1.7,nwsl,AWAY_WIN,1.4375,1.40625,1.44375,1.278125,0.40625,0.21875,0.375,32,0.03125,0.16562500000000013,1.2307692307692308,1.6730769230769231,1.294230769230769,1.7326923076923075,0.38461538461538464,0.1346153846153846,0.4807692307692308,52,-0.4423076923076923,-0.43846153846153846,0.4735576923076923,0.6040865384615386,0.021634615384615363,0.20673076923076916,0.26682692307692313
2024-06-29 00:00:00,NWSL,Racing Louisville,Bay FC,0,1,0.5,1.2,nwsl,AWAY_WIN,1.3488372093023255,1.2325581395348837,1.3534883720930233,1.3372093023255813,0.4186046511627907,0.2558139534883721,0.32558139534883723,43,0.11627906976744184,0.016279069767441978,1.15,1.5,1.365,1.3725,0.375,0.1,0.525,40,-0.3500000000000001,-0.007500000000000062,0.46627906976744193,0.02377906976744204,0.04360465116279072,0.19883720930232562,0.2674418604651163
2024-06-29 00:00:00,NWSL,Utah Royals,Thorns,0,0,1.8,0.9,nwsl,DRAW,0.9375,1.28125,1.225,1.496875,0.375,0.125,0.5,32,-0.34375,-0.27187499999999987,1.2678571428571428,1.4107142857142858,1.5160714285714287,1.3607142857142858,0.32142857142857145,0.23214285714285715,0.44642857142857145,56,-0.14285714285714302,0.15535714285714297,-0.20089285714285698,-0.42723214285714284,0.05357142857142855,-0.3303571428571428,0.1294642857142858
2024-06-29 00:00:00,NWSL,Washington Spirit,Courage,0,1,1.3,0.4,nwsl,AWAY_WIN,1.5714285714285714,1.0714285714285714,1.7017857142857142,1.3267857142857142,0.5357142857142857,0.21428571428571427,0.25,56,0.5,0.375,1.2105263157894737,1.280701754385965,1.5385964912280703,1.4421052631578948,0.3333333333333333,0.14035087719298245,0.5263157894736842,57,-0.07017543859649122,0.09649122807017552,0.5701754385964912,0.2785087719298245,0.20238095238095238,0.3609022556390977,0.2092731829573935
2024-06-30 00:00:00,NWSL,Angel City FC,Pride,0,3,1.2,2.4,nwsl,AWAY_WIN,1.3225806451612903,1.6129032258064515,1.3516129032258064,1.5193548387096774,0.2903225806451613,0.22580645161290322,0.4838709677419355,31,-0.29032258064516125,-0.16774193548387095,1.1636363636363636,1.4727272727272727,1.1709090909090911,1.6145454545454545,0.38181818181818183,0.18181818181818182,0.43636363636363634,55,-0.3090909090909091,-0.4436363636363634,0.01876832844574783,0.27589442815249243,-0.09149560117302052,0.15894428152492668,-0.14017595307917885
2024-06-30 00:00:00,NWSL,Gotham FC,Reign,1,1,1.1,0.7,nwsl,DRAW,1.3333333333333333,0.9,1.3611111111111112,1.2633333333333334,0.4666666666666667,0.28888888888888886,0.24444444444444444,90,0.43333333333333324,0.09777777777777774,1.1428571428571428,1.3928571428571428,1.2678571428571428,1.4535714285714287,0.32142857142857145,0.21428571428571427,0.4642857142857143,56,-0.25,-0.18571428571428594,0.6833333333333332,0.2834920634920637,0.14523809523809522,0.19047619047619047,0.49285714285714277
2024-07-05 00:00:00,NWSL,Portland Thorns FC,Wave,1,0,2.4,1.0,nwsl,HOME_WIN,1.75,0.9642857142857143,1.9107142857142858,1.075,0.5535714285714286,0.21428571428571427,0.23214285714285715,56,0.7857142857142857,0.8357142857142859,1.1333333333333333,0.9666666666666667,1.09,1.2833333333333334,0.36666666666666664,0.23333333333333334,0.4,30,0.16666666666666663,-0.19333333333333336,0.6190476190476191,1.0290476190476192,0.18690476190476196,0.6166666666666667,0.0023809523809523725
2024-07-06 00:00:00,NWSL,Angel City FC,Gotham FC,1,2,1.6,2.6,nwsl,AWAY_WIN,1.3225806451612903,1.6129032258064515,1.3516129032258064,1.5193548387096774,0.2903225806451613,0.22580645161290322,0.4838709677419355,31,-0.29032258064516125,-0.16774193548387095,1.3333333333333333,0.9,1.3611111111111112,1.2633333333333334,0.4666666666666667,0.28888888888888886,0.24444444444444444,90,0.43333333333333324,0.09777777777777774,-0.7236559139784945,-0.2655197132616487,-0.17634408602150536,-0.010752688172043001,-0.7129032258064515
2024-07-06 00:00:00,NWSL,Bay FC,Spirit,0,3,1.4,2.4,nwsl,AWAY_WIN,1.15,1.5,1.365,1.3725,0.375,0.1,0.525,40,-0.3500000000000001,-0.007500000000000062,1.3818181818181818,1.1636363636363636,1.3563636363636362,1.3800000000000001,0.4727272727272727,0.2545454545454545,0.2727272727272727,55,0.21818181818181825,-0.0236363636363639,-0.5681818181818183,0.016136363636363837,-0.09772727272727272,-0.23181818181818192,-0.3363636363636364
2024-07-06 00:00:00,NWSL,Chicago Stars,Dash,1,0,0.9,0.8,nwsl,HOME_WIN,1.2698412698412698,1.492063492063492,1.2841269841269842,1.4936507936507935,0.4126984126984127,0.12698412698412698,0.4603174603174603,63,-0.22222222222222232,-0.20952380952380922,0.8867924528301887,1.471698113207547,1.0830188679245283,1.679245283018868,0.32075471698113206,0.1320754716981132,0.5471698113207547,53,-0.5849056603773584,-0.5962264150943397,0.36268343815513604,0.3867026055705305,0.09194369571728062,0.38304881701108107,-0.020365378855945027
2024-07-06 00:00:00,NWSL,Kansas City Current,Pride,1,2,1.4,2.1,nwsl,AWAY_WIN,1.8372093023255813,1.2325581395348837,1.8162790697674418,1.1232558139534883,0.5581395348837209,0.16279069767441862,0.27906976744186046,43,0.6046511627906976,0.6930232558139535,1.1636363636363636,1.4727272727272727,1.1709090909090911,1.6145454545454545,0.38181818181818183,0.18181818181818182,0.43636363636363634,55,-0.3090909090909091,-0.4436363636363634,0.9137420718816067,1.136659619450317,0.1763213530655391,0.6735729386892177,0.24016913319238897
2024-07-07 00:00:00,NWSL,Seattle Reign FC,Royals,1,1,2.4,1.6,nwsl,DRAW,1.3157894736842106,1.087719298245614,1.4789473684210526,1.2333333333333334,0.47368421052631576,0.21052631578947367,0.3157894736842105,57,0.22807017543859653,0.24561403508771917,0.9032258064516129,1.7096774193548387,1.1548387096774193,1.9548387096774194,0.1935483870967742,0.1935483870967742,0.6129032258064516,31,-0.8064516129032259,-0.8,1.0345217883418223,1.0456140350877192,0.2801358234295416,0.41256366723259774,0.6219581211092247
2024-07-07 00:00:00,NWSL,North Carolina Courage,Louisville,3,1,1.9,0.8,nwsl,HOME_WIN,1.7894736842105263,0.8421052631578947,1.7719298245614035,1.036842105263158,0.5789473684210527,0.24561403508771928,0.17543859649122806,57,0.9473684210526316,0.7350877192982455,0.9523809523809523,1.7142857142857142,1.2214285714285713,1.7619047619047619,0.14285714285714285,0.3333333333333333,0.5238095238095238,42,-0.7619047619047619,-0.5404761904761906,1.7092731829573935,1.275563909774436,0.4360902255639098,0.837092731829574,0.8721804511278195
2024-08-23 00:00:00,NWSL,Houston Dash,Pride,0,1,1.3,2.6,nwsl,AWAY_WIN,0.9642857142857143,1.2678571428571428,1.2732142857142856,1.4857142857142858,0.23214285714285715,0.32142857142857145,0.44642857142857145,56,-0.3035714285714285,-0.21250000000000013,1.1636363636363636,1.4727272727272727,1.1709090909090911,1.6145454545454545,0.38181818181818183,0.18181818181818182,0.43636363636363634,55,-0.3090909090909091,-0.4436363636363634,0.005519480519480591,0.23113636363636325,-0.14967532467532468,-0.19935064935064928,0.20487012987012987
2024-08-23 00:00:00,NWSL,Utah Royals,Bay FC,2,1,0.8,1.4,nwsl,HOME_WIN,0.9375,1.28125,1.225,1.496875,0.375,0.125,0.5,32,-0.34375,-0.27187499999999987,1.15,1.5,1.365,1.3725,0.375,0.1,0.525,40,-0.3500000000000001,-0.007500000000000062,0.006250000000000089,-0.2643749999999998,0.0,-0.2124999999999999,0.21875
2024-08-24 00:00:00,NWSL,Gotham FC,Thorns,2,0,1.0,0.4,nwsl,HOME_WIN,1.3333333333333333,0.9,1.3611111111111112,1.2633333333333334,0.4666666666666667,0.28888888888888886,0.24444444444444444,90,0.43333333333333324,0.09777777777777774,1.2678571428571428,1.4107142857142858,1.5160714285714287,1.3607142857142858,0.32142857142857145,0.23214285714285715,0.44642857142857145,56,-0.14285714285714302,0.15535714285714297,0.5761904761904763,-0.05757936507936523,0.14523809523809522,0.06547619047619047,0.5107142857142858
2024-08-24 00:00:00,NWSL,Racing Louisville,Red Stars,3,1,2.0,0.6,nwsl,HOME_WIN,1.3488372093023255,1.2325581395348837,1.3534883720930233,1.3372093023255813,0.4186046511627907,0.2558139534883721,0.32558139534883723,43,0.11627906976744184,0.016279069767441978,1.2307692307692308,1.6730769230769231,1.294230769230769,1.7326923076923075,0.38461538461538464,0.1346153846153846,0.4807692307692308,52,-0.4423076923076923,-0.43846153846153846,0.5585867620751341,0.45474060822898044,0.03398926654740608,0.1180679785330947,0.44051878354203944
2024-08-24 00:00:00,NWSL,San Diego Wave,Angel City,1,2,0.9,2.7,nwsl,AWAY_WIN,1.4375,1.40625,1.44375,1.278125,0.40625,0.21875,0.375,32,0.03125,0.16562500000000013,1.2580645161290323,1.5161290322580645,1.2645161290322582,1.4580645161290324,0.3225806451612903,0.2903225806451613,0.3870967741935484,31,-0.25806451612903225,-0.19354838709677424,0.28931451612903225,0.3591733870967744,0.08366935483870969,0.17943548387096775,0.1098790322580645
2024-08-25 00:00:00,NWSL,Seattle Reign FC,Courage,1,0,2.1,0.4,nwsl,HOME_WIN,1.3157894736842106,1.087719298245614,1.4789473684210526,1.2333333333333334,0.47368421052631576,0.21052631578947367,0.3157894736842105,57,0.22807017543859653,0.24561403508771917,1.2105263157894737,1.280701754385965,1.5385964912280703,1.4421052631578948,0.3333333333333333,0.14035087719298245,0.5263157894736842,57,-0.07017543859649122,0.09649122807017552,0.29824561403508776,0.14912280701754366,0.14035087719298245,0.10526315789473695,0.1929824561403508
2024-08-25 00:00:00,NWSL,Washington Spirit,Current,4,1,0.6,0.9,nwsl,HOME_WIN,1.5714285714285714,1.0714285714285714,1.7017857142857142,1.3267857142857142,0.5357142857142857,0.21428571428571427,0.25,56,0.5,0.375,1.53125,1.25,1.559375,1.09375,0.46875,0.1875,0.34375,32,0.28125,0.46562499999999996,0.21875,-0.09062499999999996,0.0669642857142857,0.0401785714285714,0.1785714285714286
2024-08-30 00:00:00,NWSL,Portland Thorns FC,Bay FC,1,3,1.1,2.3,nwsl,AWAY_WIN,1.75,0.9642857142857143,1.9107142857142858,1.075,0.5535714285714286,0.21428571428571427,0.23214285714285715,56,0.7857142857142857,0.8357142857142859,1.15,1.5,1.365,1.3725,0.375,0.1,0.525,40,-0.3500000000000001,-0.007500000000000062,1.1357142857142857,0.8432142857142859,0.1785714285714286,0.6000000000000001,0.5357142857142857
2024-08-31 00:00:00,NWSL,Houston Dash,Royals,1,3,1.7,3.4,nwsl,AWAY_WIN,0.9642857142857143,1.2678571428571428,1.2732142857142856,1.4857142857142858,0.23214285714285715,0.32142857142857145,0.44642857142857145,56,-0.3035714285714285,-0.21250000000000013,0.9032258064516129,1.7096774193548387,1.1548387096774193,1.9548387096774194,0.1935483870967742,0.1935483870967742,0.6129032258064516,31,-0.8064516129032259,-0.8,0.5028801843317974,0.5874999999999999,0.03859447004608296,0.06105990783410142,0.44182027649769595
2024-08-31 00:00:00,NWSL,Racing Louisville,Reign,2,3,2.0,1.0,nwsl,AWAY_WIN,1.3488372093023255,1.2325581395348837,1.3534883720930233,1.3372093023255813,0.4186046511627907,0.2558139534883721,0.32558139534883723,43,0.11627906976744184,0.016279069767441978,1.1428571428571428,1.3928571428571428,1.2678571428571428,1.4535714285714287,0.32142857142857145,0.21428571428571427,0.4642857142857143,56,-0.25,-0.18571428571428594,0.36627906976744184,0.20199335548172792,0.09717607973421927,0.20598006644518274,0.1602990033222591
2024-09-01 00:00:00,NWSL,Angel City FC,Red Stars,2,1,1.4,1.3,nwsl,HOME_WIN,1.3225806451612903,1.6129032258064515,1.3516129032258064,1.5193548387096774,0.2903225806451613,0.22580645161290322,0.4838709677419355,31,-0.29032258064516125,-0.16774193548387095,1.2307692307692308,1.6730769230769231,1.294230769230769,1.7326923076923075,0.38461538461538464,0.1346153846153846,0.4807692307692308,52,-0.4423076923076923,-0.43846153846153846,0.15198511166253104,0.2707196029776675,-0.09429280397022333,0.09181141439205942,0.060173697270471616
2024-09-01 00:00:00,NWSL,Orlando Pride,Gotham FC,2,0,0.8,0.8,nwsl,HOME_WIN,1.5535714285714286,1.1607142857142858,1.7142857142857142,1.3303571428571428,0.5,0.16071428571428573,0.3392857142857143,56,0.3928571428571428,0.3839285714285714,1.3333333333333333,0.9,1.3611111111111112,1.2633333333333334,0.4666666666666667,0.28888888888888886,0.24444444444444444,90,0.43333333333333324,0.09777777777777774,-0.04047619047619044,0.28615079365079366,0.033333333333333326,0.22023809523809534,-0.2607142857142858
2024-09-01 00:00:00,NWSL,San Diego Wave,Spirit,1,1,0.6,2.1,nwsl,DRAW,1.4375,1.40625,1.44375,1.278125,0.40625,0.21875,0.375,32,0.03125,0.16562500000000013,1.3818181818181818,1.1636363636363636,1.3563636363636362,1.3800000000000001,0.4727272727272727,0.2545454545454545,0.2727272727272727,55,0.21818181818181825,-0.0236363636363639,-0.18693181818181825,0.18926136363636403,-0.06647727272727272,0.055681818181818166,-0.24261363636363642
2024-09-01 00:00:00,NWSL,North Carolina Courage,Current,2,1,1.4,2.2,nwsl,HOME_WIN,1.7894736842105263,0.8421052631578947,1.7719298245614035,1.036842105263158,0.5789473684210527,0.24561403508771928,0.17543859649122806,57,0.9473684210526316,0.7350877192982455,1.53125,1.25,1.559375,1.09375,0.46875,0.1875,0.34375,32,0.28125,0.46562499999999996,0.6661184210526316,0.2694627192982455,0.11019736842105265,0.2582236842105263,0.4078947368421053
2024-09-06 00:00:00,NWSL,Angel City FC,Reign,2,3,1.3,2.4,nwsl,AWAY_WIN,1.3225806451612903,1.6129032258064515,1.3516129032258064,1.5193548387096774,0.2903225806451613,0.22580645161290322,0.4838709677419355,31,-0.29032258064516125,-0.16774193548387095,1.1428571428571428,1.3928571428571428,1.2678571428571428,1.4535714285714287,0.32142857142857145,0.21428571428571427,0.4642857142857143,56,-0.25,-0.18571428571428594,-0.040322580645161255,0.01797235023041499,-0.031105990783410142,0.17972350230414746,-0.22004608294930872
2024-09-07 00:00:00,NWSL,Bay FC,Louisville,1,0,1.5,1.1,nwsl,HOME_WIN,1.15,1.5,1.365,1.3725,0.375,0.1,0.525,40,-0.3500000000000001,-0.007500000000000062,0.9523809523809523,1.7142857142857142,1.2214285714285713,1.7619047619047619,0.14285714285714285,0.3333333333333333,0.5238095238095238,42,-0.7619047619047619,-0.5404761904761906,0.4119047619047618,0.5329761904761905,0.23214285714285715,0.19761904761904758,0.2142857142857142
2024-09-07 00:00:00,NWSL,Kansas City Current,Royals,1,0,1.8,1.2,nwsl,HOME_WIN,1.8372093023255813,1.2325581395348837,1.8162790697674418,1.1232558139534883,0.5581395348837209,0.16279069767441862,0.27906976744186046,43,0.6046511627906976,0.6930232558139535,0.9032258064516129,1.7096774193548387,1.1548387096774193,1.9548387096774194,0.1935483870967742,0.1935483870967742,0.6129032258064516,31,-0.8064516129032259,-0.8,1.4111027756939234,1.4930232558139536,0.36459114778694673,0.9339834958739685,0.47711927981995506
2024-09-07 00:00:00,NWSL,Washington Spirit,Thorns,2,1,3.3,1.8,nwsl,HOME_WIN,1.5714285714285714,1.0714285714285714,1.7017857142857142,1.3267857142857142,0.5357142857142857,0.21428571428571427,0.25,56,0.5,0.375,1.2678571428571428,1.4107142857142858,1.5160714285714287,1.3607142857142858,0.32142857142857145,0.23214285714285715,0.44642857142857145,56,-0.14285714285714302,0.15535714285714297,0.642857142857143,0.21964285714285703,0.21428571428571425,0.3035714285714286,0.3392857142857144
2024-09-08 00:00:00,NWSL,Chicago Stars,Pride,0,1,0.1,1.3,nwsl,AWAY_WIN,1.2698412698412698,1.492063492063492,1.2841269841269842,1.4936507936507935,0.4126984126984127,0.12698412698412698,0.4603174603174603,63,-0.22222222222222232,-0.20952380952380922,1.1636363636363636,1.4727272727272727,1.1709090909090911,1.6145454545454545,0.38181818181818183,0.18181818181818182,0.43636363636363634,55,-0.3090909090909091,-0.4436363636363634,0.08686868686868676,0.23411255411255416,0.03088023088023084,0.10620490620490619,-0.01933621933621943
2024-09-08 00:00:00,NWSL,Gotham FC,Dash,2,1,1.6,0.6,nwsl,HOME_WIN,1.3333333333333333,0.9,1.3611111111111112,1.2633333333333334,0.4666666666666667,0.28888888888888886,0.24444444444444444,90,0.43333333333333324,0.09777777777777774,0.8867924528301887,1.471698113207547,1.0830188679245283,1.679245283018868,0.32075471698113206,0.1320754716981132,0.5471698113207547,53,-0.5849056603773584,-0.5962264150943397,1.0182389937106917,0.6940041928721175,0.14591194968553461,0.44654088050314455,0.571698113207547
2024-09-08 00:00:00,NWSL,San Diego Wave,Courage,1,4,1.4,2.1,nwsl,AWAY_WIN,1.4375,1.40625,1.44375,1.278125,0.40625,0.21875,0.375,32,0.03125,0.16562500000000013,1.2105263157894737,1.280701754385965,1.5385964912280703,1.4421052631578948,0.3333333333333333,0.14035087719298245,0.5263157894736842,57,-0.07017543859649122,0.09649122807017552,0.10142543859649122,0.06913377192982462,0.07291666666666669,0.22697368421052633,-0.1255482456140351
2024-09-13 00:00:00,NWSL,Orlando Pride,Current,0,0,0.7,1.0,nwsl,DRAW,1.5535714285714286,1.1607142857142858,1.7142857142857142,1.3303571428571428,0.5,0.16071428571428573,0.3392857142857143,56,0.3928571428571428,0.3839285714285714,1.53125,1.25,1.559375,1.09375,0.46875,0.1875,0.34375,32,0.28125,0.46562499999999996,0.1116071428571428,-0.08169642857142856,0.03125,0.022321428571428603,0.08928571428571419
2024-09-13 00:00:00,NWSL,Portland Thorns FC,Red Stars,0,1,0.8,1.9,nwsl,AWAY_WIN,1.75,0.9642857142857143,1.9107142857142858,1.075,0.5535714285714286,0.21428571428571427,0.23214285714285715,56,0.7857142857142857,0.8357142857142859,1.2307692307692308,1.6730769230769231,1.294230769230769,1.7326923076923075,0.38461538461538464,0.1346153846153846,0.4807692307692308,52,-0.4423076923076923,-0.43846153846153846,1.228021978021978,1.2741758241758243,0.16895604395604397,0.5192307692307692,0.7087912087912088
2024-09-13 00:00:00,NWSL,North Carolina Courage,Bay FC,1,1,0.7,2.1,nwsl,DRAW,1.7894736842105263,0.8421052631578947,1.7719298245614035,1.036842105263158,0.5789473684210527,0.24561403508771928,0.17543859649122806,57,0.9473684210526316,0.7350877192982455,1.15,1.5,1.365,1.3725,0.375,0.1,0.525,40,-0.3500000000000001,-0.007500000000000062,1.2973684210526317,0.7425877192982455,0.20394736842105265,0.6394736842105264,0.6578947368421053
2024-09-14 00:00:00,NWSL,Racing Louisville,Angel City,2,1,0.5,1.2,nwsl,HOME_WIN,1.3488372093023255,1.2325581395348837,1.3534883720930233,1.3372093023255813,0.4186046511627907,0.2558139534883721,0.32558139534883723,43,0.11627906976744184,0.016279069767441978,1.2580645161290323,1.5161290322580645,1.2645161290322582,1.4580645161290324,0.3225806451612903,0.2903225806451613,0.3870967741935484,31,-0.25806451612903225,-0.19354838709677424,0.3743435858964741,0.20982745686421622,0.0960240060015004,0.09077269317329328,0.2835708927231808
2024-09-14 00:00:00,NWSL,Utah Royals,Wave,1,2,1.1,1.5,nwsl,AWAY_WIN,0.9375,1.28125,1.225,1.496875,0.375,0.125,0.5,32,-0.34375,-0.27187499999999987,1.1333333333333333,0.9666666666666667,1.09,1.2833333333333334,0.36666666666666664,0.23333333333333334,0.4,30,0.16666666666666663,-0.19333333333333336,-0.5104166666666666,-0.07854166666666651,0.00833333333333336,-0.1958333333333333,-0.3145833333333333
2024-09-15 00:00:00,NWSL,Washington Spirit,Dash,3,0,2.2,0.8,nwsl,HOME_WIN,1.5714285714285714,1.0714285714285714,1.7017857142857142,1.3267857142857142,0.5357142857142857,0.21428571428571427,0.25,56,0.5,0.375,0.8867924528301887,1.471698113207547,1.0830188679245283,1.679245283018868,0.32075471698113206,0.1320754716981132,0.5471698113207547,53,-0.5849056603773584,-0.5962264150943397,1.0849056603773584,0.9712264150943397,0.21495956873315364,0.6846361185983827,0.40026954177897567
2024-09-16 00:00:00,NWSL,Seattle Reign FC,Gotham FC,0,2,0.3,1.1,nwsl,AWAY_WIN,1.3157894736842106,1.087719298245614,1.4789473684210526,1.2333333333333334,0.47368421052631576,0.21052631578947367,0.3157894736842105,57,0.22807017543859653,0.24561403508771917,1.3333333333333333,0.9,1.3611111111111112,1.2633333333333334,0.4666666666666667,0.28888888888888886,0.24444444444444444,90,0.43333333333333324,0.09777777777777774,-0.2052631578947367,0.14783625730994143,0.007017543859649089,-0.01754385964912264,-0.18771929824561406
2024-09-20 00:00:00,NWSL,Bay FC,Pride,0,1,1.0,1.3,nwsl,AWAY_WIN,1.15,1.5,1.365,1.3725,0.375,0.1,0.525,40,-0.3500000000000001,-0.007500000000000062,1.1636363636363636,1.4727272727272727,1.1709090909090911,1.6145454545454545,0.38181818181818183,0.18181818181818182,0.43636363636363634,55,-0.3090909090909091,-0.4436363636363634,-0.040909090909091006,0.4361363636363633,-0.006818181818181834,-0.013636363636363669,-0.027272727272727337
2024-09-20 00:00:00,NWSL,Kansas City Current,Spirit,3,0,1.0,0.6,nwsl,HOME_WIN,1.8372093023255813,1.2325581395348837,1.8162790697674418,1.1232558139534883,0.5581395348837209,0.16279069767441862,0.27906976744186046,43,0.6046511627906976,0.6930232558139535,1.3818181818181818,1.1636363636363636,1.3563636363636362,1.3800000000000001,0.4727272727272727,0.2545454545454545,0.2727272727272727,55,0.21818181818181825,-0.0236363636363639,0.3864693446088794,0.7166596194503174,0.0854122621564482,0.4553911205073995,-0.06892177589852011
2024-09-21 00:00:00,NWSL,Chicago Stars,Wave,1,0,1.3,3.4,nwsl,HOME_WIN,1.2698412698412698,1.492063492063492,1.2841269841269842,1.4936507936507935,0.4126984126984127,0.12698412698412698,0.4603174603174603,63,-0.22222222222222232,-0.20952380952380922,1.1333333333333333,0.9666666666666667,1.09,1.2833333333333334,0.36666666666666664,0.23333333333333334,0.4,30,0.16666666666666663,-0.19333333333333336,-0.38888888888888895,-0.016190476190475867,0.046031746031746035,0.13650793650793647,-0.5253968253968254
2024-09-21 00:00:00,NWSL,Houston Dash,Reign,1,0,0.8,1.3,nwsl,HOME_WIN,0.9642857142857143,1.2678571428571428,1.2732142857142856,1.4857142857142858,0.23214285714285715,0.32142857142857145,0.44642857142857145,56,-0.3035714285714285,-0.21250000000000013,1.1428571428571428,1.3928571428571428,1.2678571428571428,1.4535714285714287,0.32142857142857145,0.21428571428571427,0.4642857142857143,56,-0.25,-0.18571428571428594,-0.05357142857142849,-0.02678571428571419,-0.0892857142857143,-0.1785714285714285,0.125
2024-09-21 00:00:00,NWSL,Racing Louisville,Courage,2,1,2.6,1.2,nwsl,HOME_WIN,1.3488372093023255,1.2325581395348837,1.3534883720930233,1.3372093023255813,0.4186046511627907,0.2558139534883721,0.32558139534883723,43,0.11627906976744184,0.016279069767441978,1.2105263157894737,1.280701754385965,1.5385964912280703,1.4421052631578948,0.3333333333333333,0.14035087719298245,0.5263157894736842,57,-0.07017543859649122,0.09649122807017552,0.18645450836393307,-0.08021215830273354,0.0852713178294574,0.13831089351285186,0.04814361485108121
2024-09-22 00:00:00,NWSL,Gotham FC,Royals,1,0,0.7,1.6,nwsl,HOME_WIN,1.3333333333333333,0.9,1.3611111111111112,1.2633333333333334,0.4666666666666667,0.28888888888888886,0.24444444444444444,90,0.43333333333333324,0.09777777777777774,0.9032258064516129,1.7096774193548387,1.1548387096774193,1.9548387096774194,0.1935483870967742,0.1935483870967742,0.6129032258064516,31,-0.8064516129032259,-0.8,1.239784946236559,0.8977777777777778,0.2731182795698925,0.4301075268817204,0.8096774193548387
2024-09-23 00:00:00,NWSL,Angel City FC,Thorns,2,2,1.6,1.6,nwsl,DRAW,1.3225806451612903,1.6129032258064515,1.3516129032258064,1.5193548387096774,0.2903225806451613,0.22580645161290322,0.4838709677419355,31,-0.29032258064516125,-0.16774193548387095,1.2678571428571428,1.4107142857142858,1.5160714285714287,1.3607142857142858,0.32142857142857145,0.23214285714285715,0.44642857142857145,56,-0.14285714285714302,0.15535714285714297,-0.14746543778801824,-0.3230990783410139,-0.031105990783410142,0.054723502304147464,-0.2021889400921657
2024-09-27 00:00:00,NWSL,Angel City FC,Spirit,1,2,1.7,1.7,nwsl,AWAY_WIN,1.3225806451612903,1.6129032258064515,1.3516129032258064,1.5193548387096774,0.2903225806451613,0.22580645161290322,0.4838709677419355,31,-0.29032258064516125,-0.16774193548387095,1.3818181818181818,1.1636363636363636,1.3563636363636362,1.3800000000000001,0.4727272727272727,0.2545454545454545,0.2727272727272727,55,0.21818181818181825,-0.0236363636363639,-0.5085043988269795,-0.14410557184750705,-0.1824046920821114,-0.059237536656891576,-0.44926686217008793
2024-09-28 00:00:00,NWSL,Kansas City Current,Gotham FC,1,1,2.6,0.8,nwsl,DRAW,1.8372093023255813,1.2325581395348837,1.8162790697674418,1.1232558139534883,0.5581395348837209,0.16279069767441862,0.27906976744186046,43,0.6046511627906976,0.6930232558139535,1.3333333333333333,0.9,1.3611111111111112,1.2633333333333334,0.4666666666666667,0.28888888888888886,0.24444444444444444,90,0.43333333333333324,0.09777777777777774,0.1713178294573644,0.5952454780361758,0.09147286821705425,0.5038759689922481,-0.33255813953488367
2024-09-28 00:00:00,NWSL,Orlando Pride,Dash,3,1,3.2,1.2,nwsl,HOME_WIN,1.5535714285714286,1.1607142857142858,1.7142857142857142,1.3303571428571428,0.5,0.16071428571428573,0.3392857142857143,56,0.3928571428571428,0.3839285714285714,0.8867924528301887,1.471698113207547,1.0830188679245283,1.679245283018868,0.32075471698113206,0.1320754716981132,0.5471698113207547,53,-0.5849056603773584,-0.5962264150943397,0.9777628032345012,0.9801549865229111,0.17924528301886794,0.6667789757412399,0.31098382749326126
2024-09-28 00:00:00,NWSL,San Diego Wave,Thorns,2,0,1.7,1.0,nwsl,HOME_WIN,1.4375,1.40625,1.44375,1.278125,0.40625,0.21875,0.375,32,0.03125,0.16562500000000013,1.2678571428571428,1.4107142857142858,1.5160714285714287,1.3607142857142858,0.32142857142857145,0.23214285714285715,0.44642857142857145,56,-0.14285714285714302,0.15535714285714297,0.17410714285714302,0.010267857142857162,0.08482142857142855,0.1696428571428572,0.0044642857142858094
2024-09-28 00:00:00,NWSL,Utah Royals,Louisville,1,0,2.1,1.1,nwsl,HOME_WIN,0.9375,1.28125,1.225,1.496875,0.375,0.125,0.5,32,-0.34375,-0.27187499999999987,0.9523809523809523,1.7142857142857142,1.2214285714285713,1.7619047619047619,0.14285714285714285,0.3333333333333333,0.5238095238095238,42,-0.7619047619047619,-0.5404761904761906,0.41815476190476186,0.2686011904761907,0.23214285714285715,-0.014880952380952328,0.4330357142857142
2024-09-29 00:00:00,NWSL,Chicago Stars,Courage,1,3,1.2,1.0,nwsl,AWAY_WIN,1.2698412698412698,1.492063492063492,1.2841269841269842,1.4936507936507935,0.4126984126984127,0.12698412698412698,0.4603174603174603,63,-0.22222222222222232,-0.20952380952380922,1.2105263157894737,1.280701754385965,1.5385964912280703,1.4421052631578948,0.3333333333333333,0.14035087719298245,0.5263157894736842,57,-0.07017543859649122,0.09649122807017552,-0.1520467836257311,-0.30601503759398474,0.07936507936507936,0.0593149540517961,-0.2113617376775272
2024-09-29 00:00:00,NWSL,Seattle Reign FC,Bay FC,0,1,0.6,2.1,nwsl,AWAY_WIN,1.3157894736842106,1.087719298245614,1.4789473684210526,1.2333333333333334,0.47368421052631576,0.21052631578947367,0.3157894736842105,57,0.22807017543859653,0.24561403508771917,1.15,1.5,1.365,1.3725,0.375,0.1,0.525,40,-0.3500000000000001,-0.007500000000000062,0.5780701754385966,0.25311403508771924,0.09868421052631576,0.1657894736842107,0.4122807017543859
2024-10-04 00:00:00,NWSL,Houston Dash,Red Stars,0,2,3.0,1.8,nwsl,AWAY_WIN,0.9642857142857143,1.2678571428571428,1.2732142857142856,1.4857142857142858,0.23214285714285715,0.32142857142857145,0.44642857142857145,56,-0.3035714285714285,-0.21250000000000013,1.2307692307692308,1.6730769230769231,1.294230769230769,1.7326923076923075,0.38461538461538464,0.1346153846153846,0.4807692307692308,52,-0.4423076923076923,-0.43846153846153846,0.1387362637362638,0.22596153846153832,-0.15247252747252749,-0.26648351648351654,0.40521978021978033
2024-10-04 00:00:00,NWSL,Seattle Reign FC,Angel City,0,1,0.6,1.2,nwsl,AWAY_WIN,1.3157894736842106,1.087719298245614,1.4789473684210526,1.2333333333333334,0.47368421052631576,0.21052631578947367,0.3157894736842105,57,0.22807017543859653,0.24561403508771917,1.2580645161290323,1.5161290322580645,1.2645161290322582,1.4580645161290324,0.3225806451612903,0.2903225806451613,0.3870967741935484,31,-0.25806451612903225,-0.19354838709677424,0.4861346915676288,0.4391624221844934,0.15110356536502545,0.05772495755517837,0.4284097340124504
2024-10-05 00:00:00,NWSL,Gotham FC,Bay FC,5,1,4.0,1.9,nwsl,HOME_WIN,1.3333333333333333,0.9,1.3611111111111112,1.2633333333333334,0.4666666666666667,0.28888888888888886,0.24444444444444444,90,0.43333333333333324,0.09777777777777774,1.15,1.5,1.365,1.3725,0.375,0.1,0.525,40,-0.3500000000000001,-0.007500000000000062,0.7833333333333333,0.1052777777777778,0.09166666666666667,0.18333333333333335,0.6
2024-10-05 00:00:00,NWSL,Portland Thorns FC,Royals,1,2,2.0,1.7,nwsl,AWAY_WIN,1.75,0.9642857142857143,1.9107142857142858,1.075,0.5535714285714286,0.21428571428571427,0.23214285714285715,56,0.7857142857142857,0.8357142857142859,0.9032258064516129,1.7096774193548387,1.1548387096774193,1.9548387096774194,0.1935483870967742,0.1935483870967742,0.6129032258064516,31,-0.8064516129032259,-0.8,1.5921658986175116,1.635714285714286,0.3600230414746544,0.8467741935483871,0.7453917050691244
2024-10-05 00:00:00,NWSL,Racing Louisville,Current,0,2,0.6,1.4,nwsl,AWAY_WIN,1.3488372093023255,1.2325581395348837,1.3534883720930233,1.3372093023255813,0.4186046511627907,0.2558139534883721,0.32558139534883723,43,0.11627906976744184,0.016279069767441978,1.53125,1.25,1.559375,1.09375,0.46875,0.1875,0.34375,32,0.28125,0.46562499999999996,-0.16497093023255816,-0.449345930232558,-0.05014534883720928,-0.18241279069767447,0.01744186046511631
2024-10-05 00:00:00,NWSL,North Carolina Courage,Wave,2,1,2.1,2.5,nwsl,HOME_WIN,1.7894736842105263,0.8421052631578947,1.7719298245614035,1.036842105263158,0.5789473684210527,0.24561403508771928,0.17543859649122806,57,0.9473684210526316,0.7350877192982455,1.1333333333333333,0.9666666666666667,1.09,1.2833333333333334,0.36666666666666664,0.23333333333333334,0.4,30,0.16666666666666663,-0.19333333333333336,0.780701754385965,0.9284210526315788,0.21228070175438601,0.656140350877193,0.12456140350877198
2024-10-06 00:00:00,NWSL,Orlando Pride,Spirit,2,0,1.5,1.0,nwsl,HOME_WIN,1.5535714285714286,1.1607142857142858,1.7142857142857142,1.3303571428571428,0.5,0.16071428571428573,0.3392857142857143,56,0.3928571428571428,0.3839285714285714,1.3818181818181818,1.1636363636363636,1.3563636363636362,1.3800000000000001,0.4727272727272727,0.2545454545454545,0.2727272727272727,55,0.21818181818181825,-0.0236363636363639,0.17467532467532454,0.4075649350649353,0.027272727272727282,0.17175324675324677,0.0029220779220777704
2024-10-11 00:00:00,NWSL,Portland Thorns FC,Pride,2,0,1.3,0.5,nwsl,HOME_WIN,1.75,0.9642857142857143,1.9107142857142858,1.075,0.5535714285714286,0.21428571428571427,0.23214285714285715,56,0.7857142857142857,0.8357142857142859,1.1636363636363636,1.4727272727272727,1.1709090909090911,1.6145454545454545,0.38181818181818183,0.18181818181818182,0.43636363636363634,55,-0.3090909090909091,-0.4436363636363634,1.0948051948051947,1.2793506493506492,0.17175324675324677,0.5863636363636364,0.5084415584415584
2024-10-12 00:00:00,NWSL,Bay FC,Current,0,1,0.8,1.3,nwsl,AWAY_WIN,1.15,1.5,1.365,1.3725,0.375,0.1,0.525,40,-0.3500000000000001,-0.007500000000000062,1.53125,1.25,1.559375,1.09375,0.46875,0.1875,0.34375,32,0.28125,0.46562499999999996,-0.6312500000000001,-0.473125,-0.09375,-0.3812500000000001,-0.25
2024-10-12 00:00:00,NWSL,Chicago Stars,Gotham FC,0,2,0.2,2.2,nwsl,AWAY_WIN,1.2698412698412698,1.492063492063492,1.2841269841269842,1.4936507936507935,0.4126984126984127,0.12698412698412698,0.4603174603174603,63,-0.22222222222222232,-0.20952380952380922,1.3333333333333333,0.9,1.3611111111111112,1.2633333333333334,0.4666666666666667,0.28888888888888886,0.24444444444444444,90,0.43333333333333324,0.09777777777777774,-0.6555555555555556,-0.30730158730158696,-0.053968253968254,-0.06349206349206349,-0.5920634920634921
2024-10-12 00:00:00,NWSL,North Carolina Courage,Angel City,1,1,1.6,1.0,nwsl,DRAW,1.7894736842105263,0.8421052631578947,1.7719298245614035,1.036842105263158,0.5789473684210527,0.24561403508771928,0.17543859649122806,57,0.9473684210526316,0.7350877192982455,1.2580645161290323,1.5161290322580645,1.2645161290322582,1.4580645161290324,0.3225806451612903,0.2903225806451613,0.3870967741935484,31,-0.25806451612903225,-0.19354838709677424,1.2054329371816639,0.9286361063950197,0.25636672325976234,0.5314091680814941,0.6740237691001698
2024-10-13 00:00:00,NWSL,San Diego Wave,Dash,0,2,1.1,1.5,nwsl,AWAY_WIN,1.4375,1.40625,1.44375,1.278125,0.40625,0.21875,0.375,32,0.03125,0.16562500000000013,0.8867924528301887,1.471698113207547,1.0830188679245283,1.679245283018868,0.32075471698113206,0.1320754716981132,0.5471698113207547,53,-0.5849056603773584,-0.5962264150943397,0.6161556603773584,0.7618514150943398,0.08549528301886794,0.5507075471698113,0.06544811320754707
2024-10-13 00:00:00,NWSL,Utah Royals,Reign,3,0,2.5,0.1,nwsl,HOME_WIN,0.9375,1.28125,1.225,1.496875,0.375,0.125,0.5,32,-0.34375,-0.27187499999999987,1.1428571428571428,1.3928571428571428,1.2678571428571428,1.4535714285714287,0.32142857142857145,0.21428571428571427,0.4642857142857143,56,-0.25,-0.18571428571428594,-0.09375,-0.08616071428571392,0.05357142857142855,-0.2053571428571428,0.1116071428571428
2024-10-13 00:00:00,NWSL,Washington Spirit,Louisville,4,1,3.4,1.4,nwsl,HOME_WIN,1.5714285714285714,1.0714285714285714,1.7017857142857142,1.3267857142857142,0.5357142857142857,0.21428571428571427,0.25,56,0.5,0.375,0.9523809523809523,1.7142857142857142,1.2214285714285713,1.7619047619047619,0.14285714285714285,0.3333333333333333,0.5238095238095238,42,-0.7619047619047619,-0.5404761904761906,1.2619047619047619,0.9154761904761906,0.39285714285714285,0.6190476190476191,0.6428571428571428
2024-10-18 00:00:00,NWSL,Seattle Reign FC,Dash,2,1,1.6,1.5,nwsl,HOME_WIN,1.3157894736842106,1.087719298245614,1.4789473684210526,1.2333333333333334,0.47368421052631576,0.21052631578947367,0.3157894736842105,57,0.22807017543859653,0.24561403508771917,0.8867924528301887,1.471698113207547,1.0830188679245283,1.679245283018868,0.32075471698113206,0.1320754716981132,0.5471698113207547,53,-0.5849056603773584,-0.5962264150943397,0.8129758358159549,0.8418404501820589,0.1529294935451837,0.4289970208540219,0.383978814961933
2024-10-19 00:00:00,NWSL,Bay FC,Courage,1,0,1.7,0.7,nwsl,HOME_WIN,1.15,1.5,1.365,1.3725,0.375,0.1,0.525,40,-0.3500000000000001,-0.007500000000000062,1.2105263157894737,1.280701754385965,1.5385964912280703,1.4421052631578948,0.3333333333333333,0.14035087719298245,0.5263157894736842,57,-0.07017543859649122,0.09649122807017552,-0.27982456140350886,-0.10399122807017558,0.041666666666666685,-0.06052631578947376,-0.2192982456140351
2024-10-19 00:00:00,NWSL,Kansas City Current,Wave,4,1,2.5,1.0,nwsl,HOME_WIN,1.8372093023255813,1.2325581395348837,1.8162790697674418,1.1232558139534883,0.5581395348837209,0.16279069767441862,0.27906976744186046,43,0.6046511627906976,0.6930232558139535,1.1333333333333333,0.9666666666666667,1.09,1.2833333333333334,0.36666666666666664,0.23333333333333334,0.4,30,0.16666666666666663,-0.19333333333333336,0.437984496124031,0.8863565891472869,0.19147286821705428,0.703875968992248,-0.265891472868217
2024-10-19 00:00:00,NWSL,Racing Louisville,Thorns,1,0,0.9,1.0,nwsl,HOME_WIN,1.3488372093023255,1.2325581395348837,1.3534883720930233,1.3372093023255813,0.4186046511627907,0.2558139534883721,0.32558139534883723,43,0.11627906976744184,0.016279069767441978,1.2678571428571428,1.4107142857142858,1.5160714285714287,1.3607142857142858,0.32142857142857145,0.23214285714285715,0.44642857142857145,56,-0.14285714285714302,0.15535714285714297,0.25913621262458486,-0.139078073089701,0.09717607973421927,0.08098006644518274,0.17815614617940212
2024-10-20 00:00:00,NWSL,Angel City FC,Royals,1,1,1.2,1.4,nwsl,DRAW,1.3225806451612903,1.6129032258064515,1.3516129032258064,1.5193548387096774,0.2903225806451613,0.22580645161290322,0.4838709677419355,31,-0.29032258064516125,-0.16774193548387095,0.9032258064516129,1.7096774193548387,1.1548387096774193,1.9548387096774194,0.1935483870967742,0.1935483870967742,0.6129032258064516,31,-0.8064516129032259,-0.8,0.5161290322580646,0.6322580645161291,0.09677419354838712,0.4193548387096774,0.09677419354838723
2024-10-20 00:00:00,NWSL,Gotham FC,Pride,3,1,2.0,1.0,nwsl,HOME_WIN,1.3333333333333333,0.9,1.3611111111111112,1.2633333333333334,0.4666666666666667,0.28888888888888886,0.24444444444444444,90,0.43333333333333324,0.09777777777777774,1.1636363636363636,1.4727272727272727,1.1709090909090911,1.6145454545454545,0.38181818181818183,0.18181818181818182,0.43636363636363634,55,-0.3090909090909091,-0.4436363636363634,0.7424242424242423,0.5414141414141411,0.08484848484848484,0.16969696969696968,0.5727272727272726
2024-10-20 00:00:00,NWSL,Washington Spirit,Red Stars,2,0,2.5,0.6,nwsl,HOME_WIN,1.5714285714285714,1.0714285714285714,1.7017857142857142,1.3267857142857142,0.5357142857142857,0.21428571428571427,0.25,56,0.5,0.375,1.2307692307692308,1.6730769230769231,1.294230769230769,1.7326923076923075,0.38461538461538464,0.1346153846153846,0.4807692307692308,52,-0.4423076923076923,-0.43846153846153846,0.9423076923076923,0.8134615384615385,0.15109890109890106,0.34065934065934056,0.6016483516483517
2024-11-01 00:00:00,NWSL,Portland Thorns FC,Angel City,3,0,1.5,0.9,nwsl,HOME_WIN,1.75,0.9642857142857143,1.9107142857142858,1.075,0.5535714285714286,0.21428571428571427,0.23214285714285715,56,0.7857142857142857,0.8357142857142859,1.2580645161290323,1.5161290322580645,1.2645161290322582,1.4580645161290324,0.3225806451612903,0.2903225806451613,0.3870967741935484,31,-0.25806451612903225,-0.19354838709677424,1.043778801843318,1.02926267281106,0.2309907834101383,0.49193548387096775,0.5518433179723502
2024-11-01 00:00:00,NWSL,Utah Royals,Gotham FC,1,4,1.1,3.4,nwsl,AWAY_WIN,0.9375,1.28125,1.225,1.496875,0.375,0.125,0.5,32,-0.34375,-0.27187499999999987,1.3333333333333333,0.9,1.3611111111111112,1.2633333333333334,0.4666666666666667,0.28888888888888886,0.24444444444444444,90,0.43333333333333324,0.09777777777777774,-0.7770833333333332,-0.3696527777777776,-0.09166666666666667,-0.39583333333333326,-0.38125
2024-11-02 00:00:00,NWSL,Houston Dash,Bay FC,2,3,1.1,2.1,nwsl,AWAY_WIN,0.9642857142857143,1.2678571428571428,1.2732142857142856,1.4857142857142858,0.23214285714285715,0.32142857142857145,0.44642857142857145,56,-0.3035714285714285,-0.21250000000000013,1.15,1.5,1.365,1.3725,0.375,0.1,0.525,40,-0.3500000000000001,-0.007500000000000062,0.0464285714285716,-0.20500000000000007,-0.14285714285714285,-0.1857142857142856,0.2321428571428572
2024-11-02 00:00:00,NWSL,Orlando Pride,Reign,3,2,2.9,1.4,nwsl,HOME_WIN,1.5535714285714286,1.1607142857142858,1.7142857142857142,1.3303571428571428,0.5,0.16071428571428573,0.3392857142857143,56,0.3928571428571428,0.3839285714285714,1.1428571428571428,1.3928571428571428,1.2678571428571428,1.4535714285714287,0.32142857142857145,0.21428571428571427,0.4642857142857143,56,-0.25,-0.18571428571428594,0.6428571428571428,0.5696428571428573,0.17857142857142855,0.4107142857142858,0.23214285714285698
2024-11-02 00:00:00,NWSL,North Carolina Courage,Spirit,0,1,0.4,0.7,nwsl,AWAY_WIN,1.7894736842105263,0.8421052631578947,1.7719298245614035,1.036842105263158,0.5789473684210527,0.24561403508771928,0.17543859649122806,57,0.9473684210526316,0.7350877192982455,1.3818181818181818,1.1636363636363636,1.3563636363636362,1.3800000000000001,0.4727272727272727,0.2545454545454545,0.2727272727272727,55,0.21818181818181825,-0.0236363636363639,0.7291866028708134,0.7587240829346094,0.10622009569377994,0.4076555023923445,0.3215311004784689
2024-11-03 00:00:00,NWSL,Chicago Stars,Current,1,3,1.3,1.9,nwsl,AWAY_WIN,1.2698412698412698,1.492063492063492,1.2841269841269842,1.4936507936507935,0.4126984126984127,0.12698412698412698,0.4603174603174603,63,-0.22222222222222232,-0.20952380952380922,1.53125,1.25,1.559375,1.09375,0.46875,0.1875,0.34375,32,0.28125,0.46562499999999996,-0.5034722222222223,-0.6751488095238092,-0.056051587301587324,-0.26140873015873023,-0.2420634920634921
2024-11-03 00:00:00,NWSL,San Diego Wave,Louisville,3,1,1.8,1.8,nwsl,HOME_WIN,1.4375,1.40625,1.44375,1.278125,0.40625,0.21875,0.375,32,0.03125,0.16562500000000013,0.9523809523809523,1.7142857142857142,1.2214285714285713,1.7619047619047619,0.14285714285714285,0.3333333333333333,0.5238095238095238,42,-0.7619047619047619,-0.5404761904761906,0.7931547619047619,0.7061011904761907,0.26339285714285715,0.48511904761904767,0.3080357142857142
2024-11-08 00:00:00,NWSL,Orlando Pride,Red Stars,4,1,4.9,1.2,nwsl,HOME_WIN,1.5535714285714286,1.1607142857142858,1.7142857142857142,1.3303571428571428,0.5,0.16071428571428573,0.3392857142857143,56,0.3928571428571428,0.3839285714285714,1.2307692307692308,1.6730769230769231,1.294230769230769,1.7326923076923075,0.38461538461538464,0.1346153846153846,0.4807692307692308,52,-0.4423076923076923,-0.43846153846153846,0.8351648351648351,0.8223901098901099,0.11538461538461536,0.32280219780219777,0.5123626373626373
2024-11-09 00:00:00,NWSL,Kansas City Current,Courage,1,0,1.7,2.4,nwsl,HOME_WIN,1.8372093023255813,1.2325581395348837,1.8162790697674418,1.1232558139534883,0.5581395348837209,0.16279069767441862,0.27906976744186046,43,0.6046511627906976,0.6930232558139535,1.2105263157894737,1.280701754385965,1.5385964912280703,1.4421052631578948,0.3333333333333333,0.14035087719298245,0.5263157894736842,57,-0.07017543859649122,0.09649122807017552,0.6748266013871889,0.596532027743778,0.2248062015503876,0.6266829865361077,0.04814361485108121
2024-11-10 00:00:00,NWSL,Gotham FC,Thorns,2,1,0.8,2.0,nwsl,HOME_WIN,1.3333333333333333,0.9,1.3611111111111112,1.2633333333333334,0.4666666666666667,0.28888888888888886,0.24444444444444444,90,0.43333333333333324,0.09777777777777774,1.2678571428571428,1.4107142857142858,1.5160714285714287,1.3607142857142858,0.32142857142857145,0.23214285714285715,0.44642857142857145,56,-0.14285714285714302,0.15535714285714297,0.5761904761904763,-0.05757936507936523,0.14523809523809522,0.06547619047619047,0.5107142857142858
2024-11-10 00:00:00,NWSL,Washington Spirit,Bay FC,2,1,1.7,0.8,nwsl,HOME_WIN,1.5714285714285714,1.0714285714285714,1.7017857142857142,1.3267857142857142,0.5357142857142857,0.21428571428571427,0.25,56,0.5,0.375,1.15,1.5,1.365,1.3725,0.375,0.1,0.525,40,-0.3500000000000001,-0.007500000000000062,0.8500000000000001,0.38250000000000006,0.1607142857142857,0.4214285714285715,0.4285714285714286
2024-11-17 00:00:00,NWSL,Orlando Pride,Current,3,2,2.4,2.6,nwsl,HOME_WIN,1.5535714285714286,1.1607142857142858,1.7142857142857142,1.3303571428571428,0.5,0.16071428571428573,0.3392857142857143,56,0.3928571428571428,0.3839285714285714,1.53125,1.25,1.559375,1.09375,0.46875,0.1875,0.34375,32,0.28125,0.46562499999999996,0.1116071428571428,-0.08169642857142856,0.03125,0.022321428571428603,0.08928571428571419
2025-03-14 00:00:00,NWSL,Houston Dash,Spirit,1,2,1.0,1.4,nwsl,AWAY_WIN,0.9642857142857143,1.2678571428571428,1.2732142857142856,1.4857142857142858,0.23214285714285715,0.32142857142857145,0.44642857142857145,56,-0.3035714285714285,-0.21250000000000013,1.3818181818181818,1.1636363636363636,1.3563636363636362,1.3800000000000001,0.4727272727272727,0.2545454545454545,0.2727272727272727,55,0.21818181818181825,-0.0236363636363639,-0.5217532467532467,-0.18886363636363623,-0.24058441558441557,-0.41753246753246753,-0.10422077922077921
2025-03-14 00:00:00,NWSL,Orlando Pride,Chicago Stars,6,0,2.1,1.1,nwsl,HOME_WIN,1.5535714285714286,1.1607142857142858,1.7142857142857142,1.3303571428571428,0.5,0.16071428571428573,0.3392857142857143,56,0.3928571428571428,0.3839285714285714,1.2698412698412698,1.492063492063492,1.2841269841269842,1.4936507936507935,0.4126984126984127,0.12698412698412698,0.4603174603174603,63,-0.22222222222222232,-0.20952380952380922,0.6150793650793651,0.5934523809523806,0.08730158730158732,0.28373015873015883,0.3313492063492063
2025-03-15 00:00:00,NWSL,Kansas City Current,Thorns,3,1,1.9,1.2,nwsl,HOME_WIN,1.8372093023255813,1.2325581395348837,1.8162790697674418,1.1232558139534883,0.5581395348837209,0.16279069767441862,0.27906976744186046,43,0.6046511627906976,0.6930232558139535,1.2678571428571428,1.4107142857142858,1.5160714285714287,1.3607142857142858,0.32142857142857145,0.23214285714285715,0.44642857142857145,56,-0.14285714285714302,0.15535714285714297,0.7475083056478407,0.5376661129568105,0.23671096345514947,0.5693521594684385,0.17815614617940212
2025-03-15 00:00:00,NWSL,Racing Louisville,Courage,1,1,1.7,1.2,nwsl,DRAW,1.3488372093023255,1.2325581395348837,1.3534883720930233,1.3372093023255813,0.4186046511627907,0.2558139534883721,0.32558139534883723,43,0.11627906976744184,0.016279069767441978,1.2105263157894737,1.280701754385965,1.5385964912280703,1.4421052631578948,0.3333333333333333,0.14035087719298245,0.5263157894736842,57,-0.07017543859649122,0.09649122807017552,0.18645450836393307,-0.08021215830273354,0.0852713178294574,0.13831089351285186,0.04814361485108121
2025-03-15 00:00:00,NWSL,Seattle Reign FC,Gotham FC,1,1,0.5,1.3,nwsl,DRAW,1.3157894736842106,1.087719298245614,1.4789473684210526,1.2333333333333334,0.47368421052631576,0.21052631578947367,0.3157894736842105,57,0.22807017543859653,0.24561403508771917,1.3333333333333333,0.9,1.3611111111111112,1.2633333333333334,0.4666666666666667,0.28888888888888886,0.24444444444444444,90,0.43333333333333324,0.09777777777777774,-0.2052631578947367,0.14783625730994143,0.007017543859649089,-0.01754385964912264,-0.18771929824561406
2025-03-15 00:00:00,NWSL,Utah Royals,Bay FC,1,1,1.0,0.8,nwsl,DRAW,0.9375,1.28125,1.225,1.496875,0.375,0.125,0.5,32,-0.34375,-0.27187499999999987,1.15,1.5,1.365,1.3725,0.375,0.1,0.525,40,-0.3500000000000001,-0.007500000000000062,0.006250000000000089,-0.2643749999999998,0.0,-0.2124999999999999,0.21875
2025-03-16 00:00:00,NWSL,Angel City FC,Wave,1,1,0.7,1.3,nwsl,DRAW,1.3225806451612903,1.6129032258064515,1.3516129032258064,1.5193548387096774,0.2903225806451613,0.22580645161290322,0.4838709677419355,31,-0.29032258064516125,-0.16774193548387095,1.1333333333333333,0.9666666666666667,1.09,1.2833333333333334,0.36666666666666664,0.23333333333333334,0.4,30,0.16666666666666663,-0.19333333333333336,-0.4569892473118279,0.025591397849462405,-0.07634408602150533,0.18924731182795695,-0.6462365591397848
2025-03-21 00:00:00,NWSL,Portland Thorns FC,Angel City,1,1,1.7,0.5,nwsl,DRAW,1.75,0.9642857142857143,1.9107142857142858,1.075,0.5535714285714286,0.21428571428571427,0.23214285714285715,56,0.7857142857142857,0.8357142857142859,1.2580645161290323,1.5161290322580645,1.2645161290322582,1.4580645161290324,0.3225806451612903,0.2903225806451613,0.3870967741935484,31,-0.25806451612903225,-0.19354838709677424,1.043778801843318,1.02926267281106,0.2309907834101383,0.49193548387096775,0.5518433179723502
2025-03-22 00:00:00,NWSL,Bay FC,Louisville,2,0,0.9,1.4,nwsl,HOME_WIN,1.15,1.5,1.365,1.3725,0.375,0.1,0.525,40,-0.3500000000000001,-0.007500000000000062,0.9523809523809523,1.7142857142857142,1.2214285714285713,1.7619047619047619,0.14285714285714285,0.3333333333333333,0.5238095238095238,42,-0.7619047619047619,-0.5404761904761906,0.4119047619047618,0.5329761904761905,0.23214285714285715,0.19761904761904758,0.2142857142857142
2025-03-22 00:00:00,NWSL,North Carolina Courage,Reign,1,2,1.3,1.1,nwsl,AWAY_WIN,1.7894736842105263,0.8421052631578947,1.7719298245614035,1.036842105263158,0.5789473684210527,0.24561403508771928,0.17543859649122806,57,0.9473684210526316,0.7350877192982455,1.1428571428571428,1.3928571428571428,1.2678571428571428,1.4535714285714287,0.32142857142857145,0.21428571428571427,0.4642857142857143,56,-0.25,-0.18571428571428594,1.1973684210526316,0.9208020050125314,0.2575187969924812,0.6466165413533835,0.5507518796992481
2025-03-22 00:00:00,NWSL,San Diego Wave,Royals,3,2,2.2,1.1,nwsl,HOME_WIN,1.4375,1.40625,1.44375,1.278125,0.40625,0.21875,0.375,32,0.03125,0.16562500000000013,0.9032258064516129,1.7096774193548387,1.1548387096774193,1.9548387096774194,0.1935483870967742,0.1935483870967742,0.6129032258064516,31,-0.8064516129032259,-0.8,0.8377016129032259,0.9656250000000002,0.2127016129032258,0.5342741935483871,0.30342741935483875
2025-03-22 00:00:00,NWSL,Washington Spirit,Current,0,2,1.2,3.1,nwsl,AWAY_WIN,1.5714285714285714,1.0714285714285714,1.7017857142857142,1.3267857142857142,0.5357142857142857,0.21428571428571427,0.25,56,0.5,0.375,1.53125,1.25,1.559375,1.09375,0.46875,0.1875,0.34375,32,0.28125,0.46562499999999996,0.21875,-0.09062499999999996,0.0669642857142857,0.0401785714285714,0.1785714285714286
2025-03-23 00:00:00,NWSL,Chicago Stars,Dash,1,2,1.1,2.2,nwsl,AWAY_WIN,1.2698412698412698,1.492063492063492,1.2841269841269842,1.4936507936507935,0.4126984126984127,0.12698412698412698,0.4603174603174603,63,-0.22222222222222232,-0.20952380952380922,0.8867924528301887,1.471698113207547,1.0830188679245283,1.679245283018868,0.32075471698113206,0.1320754716981132,0.5471698113207547,53,-0.5849056603773584,-0.5962264150943397,0.36268343815513604,0.3867026055705305,0.09194369571728062,0.38304881701108107,-0.020365378855945027
2025-03-23 00:00:00,NWSL,Gotham FC,Pride,0,2,1.1,1.0,nwsl,AWAY_WIN,1.3333333333333333,0.9,1.3611111111111112,1.2633333333333334,0.4666666666666667,0.28888888888888886,0.24444444444444444,90,0.43333333333333324,0.09777777777777774,1.1636363636363636,1.4727272727272727,1.1709090909090911,1.6145454545454545,0.38181818181818183,0.18181818181818182,0.43636363636363634,55,-0.3090909090909091,-0.4436363636363634,0.7424242424242423,0.5414141414141411,0.08484848484848484,0.16969696969696968,0.5727272727272726
2025-03-28 00:00:00,NWSL,Houston Dash,Gotham FC,0,0,0.1,0.4,nwsl,DRAW,0.9642857142857143,1.2678571428571428,1.2732142857142856,1.4857142857142858,0.23214285714285715,0.32142857142857145,0.44642857142857145,56,-0.3035714285714285,-0.21250000000000013,1.3333333333333333,0.9,1.3611111111111112,1.2633333333333334,0.4666666666666667,0.28888888888888886,0.24444444444444444,90,0.43333333333333324,0.09777777777777774,-0.7369047619047617,-0.3102777777777779,-0.23452380952380952,-0.36904761904761896,-0.36785714285714277
2025-03-28 00:00:00,NWSL,Washington Spirit,Bay FC,2,0,1.1,1.3,nwsl,HOME_WIN,1.5714285714285714,1.0714285714285714,1.7017857142857142,1.3267857142857142,0.5357142857142857,0.21428571428571427,0.25,56,0.5,0.375,1.15,1.5,1.365,1.3725,0.375,0.1,0.525,40,-0.3500000000000001,-0.007500000000000062,0.8500000000000001,0.38250000000000006,0.1607142857142857,0.4214285714285715,0.4285714285714286
2025-03-29 00:00:00,NWSL,Kansas City Current,Royals,3,0,3.1,0.2,nwsl,HOME_WIN,1.8372093023255813,1.2325581395348837,1.8162790697674418,1.1232558139534883,0.5581395348837209,0.16279069767441862,0.27906976744186046,43,0.6046511627906976,0.6930232558139535,0.9032258064516129,1.7096774193548387,1.1548387096774193,1.9548387096774194,0.1935483870967742,0.1935483870967742,0.6129032258064516,31,-0.8064516129032259,-0.8,1.4111027756939234,1.4930232558139536,0.36459114778694673,0.9339834958739685,0.47711927981995506
2025-03-29 00:00:00,NWSL,Orlando Pride,Wave,2,1,1.8,0.3,nwsl,HOME_WIN,1.5535714285714286,1.1607142857142858,1.7142857142857142,1.3303571428571428,0.5,0.16071428571428573,0.3392857142857143,56,0.3928571428571428,0.3839285714285714,1.1333333333333333,0.9666666666666667,1.09,1.2833333333333334,0.36666666666666664,0.23333333333333334,0.4,30,0.16666666666666663,-0.19333333333333336,0.22619047619047616,0.5772619047619048,0.13333333333333336,0.4202380952380953,-0.19404761904761914
2025-03-29 00:00:00,NWSL,Portland Thorns FC,Courage,0,0,1.7,2.2,nwsl,DRAW,1.75,0.9642857142857143,1.9107142857142858,1.075,0.5535714285714286,0.21428571428571427,0.23214285714285715,56,0.7857142857142857,0.8357142857142859,1.2105263157894737,1.280701754385965,1.5385964912280703,1.4421052631578948,0.3333333333333333,0.14035087719298245,0.5263157894736842,57,-0.07017543859649122,0.09649122807017552,0.8558897243107769,0.7392230576441103,0.2202380952380953,0.5394736842105263,0.3164160401002506
2025-03-30 00:00:00,NWSL,Angel City FC,Reign,2,1,1.4,1.5,nwsl,HOME_WIN,1.3225806451612903,1.6129032258064515,1.3516129032258064,1.5193548387096774,0.2903225806451613,0.22580645161290322,0.4838709677419355,31,-0.29032258064516125,-0.16774193548387095,1.1428571428571428,1.3928571428571428,1.2678571428571428,1.4535714285714287,0.32142857142857145,0.21428571428571427,0.4642857142857143,56,-0.25,-0.18571428571428594,-0.040322580645161255,0.01797235023041499,-0.031105990783410142,0.17972350230414746,-0.22004608294930872
2025-03-30 00:00:00,NWSL,Chicago Stars,Louisville,0,1,0.9,1.8,nwsl,AWAY_WIN,1.2698412698412698,1.492063492063492,1.2841269841269842,1.4936507936507935,0.4126984126984127,0.12698412698412698,0.4603174603174603,63,-0.22222222222222232,-0.20952380952380922,0.9523809523809523,1.7142857142857142,1.2214285714285713,1.7619047619047619,0.14285714285714285,0.3333333333333333,0.5238095238095238,42,-0.7619047619047619,-0.5404761904761906,0.5396825396825395,0.33095238095238133,0.2698412698412698,0.31746031746031744,0.2222222222222221
2025-04-11 00:00:00,NWSL,Utah Royals,Thorns,0,1,0.8,2.4,nwsl,AWAY_WIN,0.9375,1.28125,1.225,1.496875,0.375,0.125,0.5,32,-0.34375,-0.27187499999999987,1.2678571428571428,1.4107142857142858,1.5160714285714287,1.3607142857142858,0.32142857142857145,0.23214285714285715,0.44642857142857145,56,-0.14285714285714302,0.15535714285714297,-0.20089285714285698,-0.42723214285714284,0.05357142857142855,-0.3303571428571428,0.1294642857142858
2025-04-12 00:00:00,NWSL,Houston Dash,Angel City,1,3,1.8,1.6,nwsl,AWAY_WIN,0.9642857142857143,1.2678571428571428,1.2732142857142856,1.4857142857142858,0.23214285714285715,0.32142857142857145,0.44642857142857145,56,-0.3035714285714285,-0.21250000000000013,1.2580645161290323,1.5161290322580645,1.2645161290322582,1.4580645161290324,0.3225806451612903,0.2903225806451613,0.3870967741935484,31,-0.25806451612903225,-0.19354838709677424,-0.04550691244239624,-0.01895161290322589,-0.09043778801843316,-0.29377880184331795,0.2482718894009217
2025-04-12 00:00:00,NWSL,Racing Louisville,Spirit,0,2,0.9,0.6,nwsl,AWAY_WIN,1.3488372093023255,1.2325581395348837,1.3534883720930233,1.3372093023255813,0.4186046511627907,0.2558139534883721,0.32558139534883723,43,0.11627906976744184,0.016279069767441978,1.3818181818181818,1.1636363636363636,1.3563636363636362,1.3800000000000001,0.4727272727272727,0.2545454545454545,0.2727272727272727,55,0.21818181818181825,-0.0236363636363639,-0.10190274841437641,0.03991543340380588,-0.054122621564482,-0.0329809725158563,-0.06892177589852011
2025-04-12 00:00:00,NWSL,San Diego Wave,Current,0,2,0.6,1.1,nwsl,AWAY_WIN,1.4375,1.40625,1.44375,1.278125,0.40625,0.21875,0.375,32,0.03125,0.16562500000000013,1.53125,1.25,1.559375,1.09375,0.46875,0.1875,0.34375,32,0.28125,0.46562499999999996,-0.25,-0.2999999999999998,-0.0625,-0.09375,-0.15625
2025-04-12 00:00:00,NWSL,Seattle Reign FC,Pride,0,1,1.3,1.5,nwsl,AWAY_WIN,1.3157894736842106,1.087719298245614,1.4789473684210526,1.2333333333333334,0.47368421052631576,0.21052631578947367,0.3157894736842105,57,0.22807017543859653,0.24561403508771917,1.1636363636363636,1.4727272727272727,1.1709090909090911,1.6145454545454545,0.38181818181818183,0.18181818181818182,0.43636363636363634,55,-0.3090909090909091,-0.4436363636363634,0.5371610845295056,0.6892503987240826,0.09186602870813393,0.15215311004784704,0.3850079744816586
2025-04-13 00:00:00,NWSL,Bay FC,Chicago Stars,1,2,1.7,1.5,nwsl,AWAY_WIN,1.15,1.5,1.365,1.3725,0.375,0.1,0.525,40,-0.3500000000000001,-0.007500000000000062,1.2698412698412698,1.492063492063492,1.2841269841269842,1.4936507936507935,0.4126984126984127,0.12698412698412698,0.4603174603174603,63,-0.22222222222222232,-0.20952380952380922,-0.12777777777777777,0.20202380952380916,-0.037698412698412676,-0.11984126984126986,-0.007936507936507908
2025-04-13 00:00:00,NWSL,Gotham FC,Courage,3,1,2.4,0.7,nwsl,HOME_WIN,1.3333333333333333,0.9,1.3611111111111112,1.2633333333333334,0.4666666666666667,0.28888888888888886,0.24444444444444444,90,0.43333333333333324,0.09777777777777774,1.2105263157894737,1.280701754385965,1.5385964912280703,1.4421052631578948,0.3333333333333333,0.14035087719298245,0.5263157894736842,57,-0.07017543859649122,0.09649122807017552,0.5035087719298245,0.0012865497076022248,0.13333333333333336,0.12280701754385959,0.3807017543859649
2025-04-18 00:00:00,NWSL,Angel City FC,Gotham FC,0,4,0.5,1.3,nwsl,AWAY_WIN,1.3225806451612903,1.6129032258064515,1.3516129032258064,1.5193548387096774,0.2903225806451613,0.22580645161290322,0.4838709677419355,31,-0.29032258064516125,-0.16774193548387095,1.3333333333333333,0.9,1.3611111111111112,1.2633333333333334,0.4666666666666667,0.28888888888888886,0.24444444444444444,90,0.43333333333333324,0.09777777777777774,-0.7236559139784945,-0.2655197132616487,-0.17634408602150536,-0.010752688172043001,-0.7129032258064515
2025-04-18 00:00:00,NWSL,Seattle Reign FC,Thorns,1,0,1.1,1.2,nwsl,HOME_WIN,1.3157894736842106,1.087719298245614,1.4789473684210526,1.2333333333333334,0.47368421052631576,0.21052631578947367,0.3157894736842105,57,0.22807017543859653,0.24561403508771917,1.2678571428571428,1.4107142857142858,1.5160714285714287,1.3607142857142858,0.32142857142857145,0.23214285714285715,0.44642857142857145,56,-0.14285714285714302,0.15535714285714297,0.37092731829573955,0.0902568922305762,0.1522556390977443,0.047932330827067826,0.3229949874686717
2025-04-18 00:00:00,NWSL,Utah Royals,Chicago Stars,1,0,1.0,0.5,nwsl,HOME_WIN,0.9375,1.28125,1.225,1.496875,0.375,0.125,0.5,32,-0.34375,-0.27187499999999987,1.2698412698412698,1.492063492063492,1.2841269841269842,1.4936507936507935,0.4126984126984127,0.12698412698412698,0.4603174603174603,63,-0.22222222222222232,-0.20952380952380922,-0.12152777777777768,-0.06235119047619064,-0.037698412698412676,-0.33234126984126977,0.2108134920634921
2025-04-19 00:00:00,NWSL,Kansas City Current,Dash,2,0,1.6,0.6,nwsl,HOME_WIN,1.8372093023255813,1.2325581395348837,1.8162790697674418,1.1232558139534883,0.5581395348837209,0.16279069767441862,0.27906976744186046,43,0.6046511627906976,0.6930232558139535,0.8867924528301887,1.471698113207547,1.0830188679245283,1.679245283018868,0.32075471698113206,0.1320754716981132,0.5471698113207547,53,-0.5849056603773584,-0.5962264150943397,1.189556823168056,1.2892496709082932,0.23738481790258886,0.9504168494953926,0.23913997367266338
2025-04-19 00:00:00,NWSL,North Carolina Courage,Bay FC,0,1,0.3,0.5,nwsl,AWAY_WIN,1.7894736842105263,0.8421052631578947,1.7719298245614035,1.036842105263158,0.5789473684210527,0.24561403508771928,0.17543859649122806,57,0.9473684210526316,0.7350877192982455,1.15,1.5,1.365,1.3725,0.375,0.1,0.525,40,-0.3500000000000001,-0.007500000000000062,1.2973684210526317,0.7425877192982455,0.20394736842105265,0.6394736842105264,0.6578947368421053
2025-04-19 00:00:00,NWSL,Orlando Pride,Spirit,0,1,1.6,1.4,nwsl,AWAY_WIN,1.5535714285714286,1.1607142857142858,1.7142857142857142,1.3303571428571428,0.5,0.16071428571428573,0.3392857142857143,56,0.3928571428571428,0.3839285714285714,1.3818181818181818,1.1636363636363636,1.3563636363636362,1.3800000000000001,0.4727272727272727,0.2545454545454545,0.2727272727272727,55,0.21818181818181825,-0.0236363636363639,0.17467532467532454,0.4075649350649353,0.027272727272727282,0.17175324675324677,0.0029220779220777704
2025-04-19 00:00:00,NWSL,Racing Louisville,Wave,1,4,1.4,0.7,nwsl,AWAY_WIN,1.3488372093023255,1.2325581395348837,1.3534883720930233,1.3372093023255813,0.4186046511627907,0.2558139534883721,0.32558139534883723,43,0.11627906976744184,0.016279069767441978,1.1333333333333333,0.9666666666666667,1.09,1.2833333333333334,0.36666666666666664,0.23333333333333334,0.4,30,0.16666666666666663,-0.19333333333333336,-0.050387596899224785,0.20961240310077534,0.05193798449612408,0.21550387596899223,-0.265891472868217
2025-04-22 00:00:00,NWSL,Portland Thorns FC,Gotham FC,4,1,2.1,0.7,nwsl,HOME_WIN,1.75,0.9642857142857143,1.9107142857142858,1.075,0.5535714285714286,0.21428571428571427,0.23214285714285715,56,0.7857142857142857,0.8357142857142859,1.3333333333333333,0.9,1.3611111111111112,1.2633333333333334,0.4666666666666667,0.28888888888888886,0.24444444444444444,90,0.43333333333333324,0.09777777777777774,0.35238095238095246,0.7379365079365081,0.08690476190476193,0.41666666666666674,-0.06428571428571428
2025-04-25 00:00:00,NWSL,Houston Dash,Royals,1,0,1.0,1.0,nwsl,HOME_WIN,0.9642857142857143,1.2678571428571428,1.2732142857142856,1.4857142857142858,0.23214285714285715,0.32142857142857145,0.44642857142857145,56,-0.3035714285714285,-0.21250000000000013,0.9032258064516129,1.7096774193548387,1.1548387096774193,1.9548387096774194,0.1935483870967742,0.1935483870967742,0.6129032258064516,31,-0.8064516129032259,-0.8,0.5028801843317974,0.5874999999999999,0.03859447004608296,0.06105990783410142,0.44182027649769595
2025-04-25 00:00:00,NWSL,Orlando Pride,Angel City,3,2,1.3,0.8,nwsl,HOME_WIN,1.5535714285714286,1.1607142857142858,1.7142857142857142,1.3303571428571428,0.5,0.16071428571428573,0.3392857142857143,56,0.3928571428571428,0.3839285714285714,1.2580645161290323,1.5161290322580645,1.2645161290322582,1.4580645161290324,0.3225806451612903,0.2903225806451613,0.3870967741935484,31,-0.25806451612903225,-0.19354838709677424,0.650921658986175,0.5774769585253456,0.1774193548387097,0.29550691244239635,0.3554147465437787
2025-04-26 00:00:00,NWSL,Bay FC,Reign,1,1,0.6,1.1,nwsl,DRAW,1.15,1.5,1.365,1.3725,0.375,0.1,0.525,40,-0.3500000000000001,-0.007500000000000062,1.1428571428571428,1.3928571428571428,1.2678571428571428,1.4535714285714287,0.32142857142857145,0.21428571428571427,0.4642857142857143,56,-0.25,-0.18571428571428594,-0.10000000000000009,0.17821428571428588,0.05357142857142855,0.0071428571428571175,-0.1071428571428572
2025-04-26 00:00:00,NWSL,Chicago Stars,Wave,0,3,0.7,0.9,nwsl,AWAY_WIN,1.2698412698412698,1.492063492063492,1.2841269841269842,1.4936507936507935,0.4126984126984127,0.12698412698412698,0.4603174603174603,63,-0.22222222222222232,-0.20952380952380922,1.1333333333333333,0.9666666666666667,1.09,1.2833333333333334,0.36666666666666664,0.23333333333333334,0.4,30,0.16666666666666663,-0.19333333333333336,-0.38888888888888895,-0.016190476190475867,0.046031746031746035,0.13650793650793647,-0.5253968253968254
2025-04-26 00:00:00,NWSL,North Carolina Courage,Current,3,2,1.2,1.1,nwsl,HOME_WIN,1.7894736842105263,0.8421052631578947,1.7719298245614035,1.036842105263158,0.5789473684210527,0.24561403508771928,0.17543859649122806,57,0.9473684210526316,0.7350877192982455,1.53125,1.25,1.559375,1.09375,0.46875,0.1875,0.34375,32,0.28125,0.46562499999999996,0.6661184210526316,0.2694627192982455,0.11019736842105265,0.2582236842105263,0.4078947368421053
2025-04-26 00:00:00,NWSL,Washington Spirit,Gotham FC,0,3,2.6,1.9,nwsl,AWAY_WIN,1.5714285714285714,1.0714285714285714,1.7017857142857142,1.3267857142857142,0.5357142857142857,0.21428571428571427,0.25,56,0.5,0.375,1.3333333333333333,0.9,1.3611111111111112,1.2633333333333334,0.4666666666666667,0.28888888888888886,0.24444444444444444,90,0.43333333333333324,0.09777777777777774,0.06666666666666676,0.27722222222222226,0.06904761904761902,0.23809523809523814,-0.17142857142857137
2025-04-27 00:00:00,NWSL,Portland Thorns FC,Louisville,3,3,2.3,2.9,nwsl,DRAW,1.75,0.9642857142857143,1.9107142857142858,1.075,0.5535714285714286,0.21428571428571427,0.23214285714285715,56,0.7857142857142857,0.8357142857142859,0.9523809523809523,1.7142857142857142,1.2214285714285713,1.7619047619047619,0.14285714285714285,0.3333333333333333,0.5238095238095238,42,-0.7619047619047619,-0.5404761904761906,1.5476190476190474,1.3761904761904764,0.41071428571428575,0.7976190476190477,0.7499999999999999
2025-05-02 00:00:00,NWSL,Houston Dash,Louisville,1,2,1.0,0.8,nwsl,AWAY_WIN,0.9642857142857143,1.2678571428571428,1.2732142857142856,1.4857142857142858,0.23214285714285715,0.32142857142857145,0.44642857142857145,56,-0.3035714285714285,-0.21250000000000013,0.9523809523809523,1.7142857142857142,1.2214285714285713,1.7619047619047619,0.14285714285714285,0.3333333333333333,0.5238095238095238,42,-0.7619047619047619,-0.5404761904761906,0.45833333333333337,0.3279761904761904,0.0892857142857143,0.011904761904761973,0.4464285714285714
2025-05-02 00:00:00,NWSL,Seattle Reign FC,Current,1,0,0.3,0.7,nwsl,HOME_WIN,1.3157894736842106,1.087719298245614,1.4789473684210526,1.2333333333333334,0.47368421052631576,0.21052631578947367,0.3157894736842105,57,0.22807017543859653,0.24561403508771917,1.53125,1.25,1.559375,1.09375,0.46875,0.1875,0.34375,32,0.28125,0.46562499999999996,-0.053179824561403466,-0.22001096491228078,0.004934210526315763,-0.21546052631578938,0.16228070175438591
2025-05-02 00:00:00,NWSL,Washington Spirit,Angel City,3,4,2.4,2.3,nwsl,AWAY_WIN,1.5714285714285714,1.0714285714285714,1.7017857142857142,1.3267857142857142,0.5357142857142857,0.21428571428571427,0.25,56,0.5,0.375,1.2580645161290323,1.5161290322580645,1.2645161290322582,1.4580645161290324,0.3225806451612903,0.2903225806451613,0.3870967741935484,31,-0.25806451612903225,-0.19354838709677424,0.7580645161290323,0.5685483870967742,0.21313364055299538,0.31336405529953915,0.4447004608294931
2025-05-03 00:00:00,NWSL,Portland Thorns FC,Pride,1,0,1.6,1.0,nwsl,HOME_WIN,1.75,0.9642857142857143,1.9107142857142858,1.075,0.5535714285714286,0.21428571428571427,0.23214285714285715,56,0.7857142857142857,0.8357142857142859,1.1636363636363636,1.4727272727272727,1.1709090909090911,1.6145454545454545,0.38181818181818183,0.18181818181818182,0.43636363636363634,55,-0.3090909090909091,-0.4436363636363634,1.0948051948051947,1.2793506493506492,0.17175324675324677,0.5863636363636364,0.5084415584415584
2025-05-03 00:00:00,NWSL,Utah Royals,Courage,0,2,0.6,2.9,nwsl,AWAY_WIN,0.9375,1.28125,1.225,1.496875,0.375,0.125,0.5,32,-0.34375,-0.27187499999999987,1.2105263157894737,1.280701754385965,1.5385964912280703,1.4421052631578948,0.3333333333333333,0.14035087719298245,0.5263157894736842,57,-0.07017543859649122,0.09649122807017552,-0.2735745614035088,-0.3683662280701754,0.041666666666666685,-0.2730263157894737,-0.0005482456140351033
2025-05-04 00:00:00,NWSL,Gotham FC,Chicago Stars,0,0,1.2,0.2,nwsl,DRAW,1.3333333333333333,0.9,1.3611111111111112,1.2633333333333334,0.4666666666666667,0.28888888888888886,0.24444444444444444,90,0.43333333333333324,0.09777777777777774,1.2698412698412698,1.492063492063492,1.2841269841269842,1.4936507936507935,0.4126984126984127,0.12698412698412698,0.4603174603174603,63,-0.22222222222222232,-0.20952380952380922,0.6555555555555556,0.30730158730158696,0.053968253968254,0.06349206349206349,0.5920634920634921
2025-05-04 00:00:00,NWSL,San Diego Wave,Bay FC,2,1,1.9,0.8,nwsl,HOME_WIN,1.4375,1.40625,1.44375,1.278125,0.40625,0.21875,0.375,32,0.03125,0.16562500000000013,1.15,1.5,1.365,1.3725,0.375,0.1,0.525,40,-0.3500000000000001,-0.007500000000000062,0.3812500000000001,0.1731250000000002,0.03125,0.2875000000000001,0.09375
2025-05-09 00:00:00,NWSL,Angel City FC,Royals,2,0,1.8,1.0,nwsl,HOME_WIN,1.3225806451612903,1.6129032258064515,1.3516129032258064,1.5193548387096774,0.2903225806451613,0.22580645161290322,0.4838709677419355,31,-0.29032258064516125,-0.16774193548387095,0.9032258064516129,1.7096774193548387,1.1548387096774193,1.9548387096774194,0.1935483870967742,0.1935483870967742,0.6129032258064516,31,-0.8064516129032259,-0.8,0.5161290322580646,0.6322580645161291,0.09677419354838712,0.4193548387096774,0.09677419354838723
2025-05-09 00:00:00,NWSL,Racing Louisville,Gotham FC,1,0,0.7,1.0,nwsl,HOME_WIN,1.3488372093023255,1.2325581395348837,1.3534883720930233,1.3372093023255813,0.4186046511627907,0.2558139534883721,0.32558139534883723,43,0.11627906976744184,0.016279069767441978,1.3333333333333333,0.9,1.3611111111111112,1.2633333333333334,0.4666666666666667,0.28888888888888886,0.24444444444444444,90,0.43333333333333324,0.09777777777777774,-0.3170542635658914,-0.08149870801033576,-0.048062015503875954,0.015503875968992276,-0.33255813953488367
2025-05-10 00:00:00,NWSL,Chicago Stars,Spirit,2,3,2.1,1.5,nwsl,AWAY_WIN,1.2698412698412698,1.492063492063492,1.2841269841269842,1.4936507936507935,0.4126984126984127,0.12698412698412698,0.4603174603174603,63,-0.22222222222222232,-0.20952380952380922,1.3818181818181818,1.1636363636363636,1.3563636363636362,1.3800000000000001,0.4727272727272727,0.2545454545454545,0.2727272727272727,55,0.21818181818181825,-0.0236363636363639,-0.4404040404040406,-0.18588744588744532,-0.06002886002886004,-0.11197691197691206,-0.3284271284271285
2025-05-10 00:00:00,NWSL,North Carolina Courage,Pride,1,1,1.0,2.0,nwsl,DRAW,1.7894736842105263,0.8421052631578947,1.7719298245614035,1.036842105263158,0.5789473684210527,0.24561403508771928,0.17543859649122806,57,0.9473684210526316,0.7350877192982455,1.1636363636363636,1.4727272727272727,1.1709090909090911,1.6145454545454545,0.38181818181818183,0.18181818181818182,0.43636363636363634,55,-0.3090909090909091,-0.4436363636363634,1.2564593301435407,1.1787240829346088,0.19712918660287082,0.6258373205741627,0.630622009569378
2025-05-10 00:00:00,NWSL,San Diego Wave,Thorns,1,1,0.6,2.7,nwsl,DRAW,1.4375,1.40625,1.44375,1.278125,0.40625,0.21875,0.375,32,0.03125,0.16562500000000013,1.2678571428571428,1.4107142857142858,1.5160714285714287,1.3607142857142858,0.32142857142857145,0.23214285714285715,0.44642857142857145,56,-0.14285714285714302,0.15535714285714297,0.17410714285714302,0.010267857142857162,0.08482142857142855,0.1696428571428572,0.0044642857142858094
2025-05-11 00:00:00,NWSL,Kansas City Current,Bay FC,4,1,2.5,0.7,nwsl,HOME_WIN,1.8372093023255813,1.2325581395348837,1.8162790697674418,1.1232558139534883,0.5581395348837209,0.16279069767441862,0.27906976744186046,43,0.6046511627906976,0.6930232558139535,1.15,1.5,1.365,1.3725,0.375,0.1,0.525,40,-0.3500000000000001,-0.007500000000000062,0.9546511627906977,0.7005232558139536,0.18313953488372092,0.6872093023255814,0.2674418604651163
2025-05-11 00:00:00,NWSL,Seattle Reign FC,Dash,0,1,0.6,1.0,nwsl,AWAY_WIN,1.3157894736842106,1.087719298245614,1.4789473684210526,1.2333333333333334,0.47368421052631576,0.21052631578947367,0.3157894736842105,57,0.22807017543859653,0.24561403508771917,0.8867924528301887,1.471698113207547,1.0830188679245283,1.679245283018868,0.32075471698113206,0.1320754716981132,0.5471698113207547,53,-0.5849056603773584,-0.5962264150943397,0.8129758358159549,0.8418404501820589,0.1529294935451837,0.4289970208540219,0.383978814961933
2025-05-16 00:00:00,NWSL,Gotham FC,Wave,0,1,0.5,0.3,nwsl,AWAY_WIN,1.3333333333333333,0.9,1.3611111111111112,1.2633333333333334,0.4666666666666667,0.28888888888888886,0.24444444444444444,90,0.43333333333333324,0.09777777777777774,1.1333333333333333,0.9666666666666667,1.09,1.2833333333333334,0.36666666666666664,0.23333333333333334,0.4,30,0.16666666666666663,-0.19333333333333336,0.2666666666666666,0.2911111111111111,0.10000000000000003,0.19999999999999996,0.06666666666666665
2025-05-16 00:00:00,NWSL,Houston Dash,Thorns,1,4,1.0,1.6,nwsl,AWAY_WIN,0.9642857142857143,1.2678571428571428,1.2732142857142856,1.4857142857142858,0.23214285714285715,0.32142857142857145,0.44642857142857145,56,-0.3035714285714285,-0.21250000000000013,1.2678571428571428,1.4107142857142858,1.5160714285714287,1.3607142857142858,0.32142857142857145,0.23214285714285715,0.44642857142857145,56,-0.14285714285714302,0.15535714285714297,-0.16071428571428548,-0.3678571428571431,-0.0892857142857143,-0.3035714285714285,0.14285714285714302
2025-05-16 00:00:00,NWSL,Orlando Pride,Current,0,1,1.4,1.0,nwsl,AWAY_WIN,1.5535714285714286,1.1607142857142858,1.7142857142857142,1.3303571428571428,0.5,0.16071428571428573,0.3392857142857143,56,0.3928571428571428,0.3839285714285714,1.53125,1.25,1.559375,1.09375,0.46875,0.1875,0.34375,32,0.28125,0.46562499999999996,0.1116071428571428,-0.08169642857142856,0.03125,0.022321428571428603,0.08928571428571419
2025-05-16 00:00:00,NWSL,Racing Louisville,Reign,0,1,1.1,0.6,nwsl,AWAY_WIN,1.3488372093023255,1.2325581395348837,1.3534883720930233,1.3372093023255813,0.4186046511627907,0.2558139534883721,0.32558139534883723,43,0.11627906976744184,0.016279069767441978,1.1428571428571428,1.3928571428571428,1.2678571428571428,1.4535714285714287,0.32142857142857145,0.21428571428571427,0.4642857142857143,56,-0.25,-0.18571428571428594,0.36627906976744184,0.20199335548172792,0.09717607973421927,0.20598006644518274,0.1602990033222591
2025-05-17 00:00:00,NWSL,Bay FC,Angel City,2,0,1.3,1.1,nwsl,HOME_WIN,1.15,1.5,1.365,1.3725,0.375,0.1,0.525,40,-0.3500000000000001,-0.007500000000000062,1.2580645161290323,1.5161290322580645,1.2645161290322582,1.4580645161290324,0.3225806451612903,0.2903225806451613,0.3870967741935484,31,-0.25806451612903225,-0.19354838709677424,-0.09193548387096784,0.18604838709677418,0.052419354838709686,-0.10806451612903234,0.016129032258064502
2025-05-17 00:00:00,NWSL,North Carolina Courage,Chicago Stars,2,0,1.4,0.9,nwsl,HOME_WIN,1.7894736842105263,0.8421052631578947,1.7719298245614035,1.036842105263158,0.5789473684210527,0.24561403508771928,0.17543859649122806,57,0.9473684210526316,0.7350877192982455,1.2698412698412698,1.492063492063492,1.2841269841269842,1.4936507936507935,0.4126984126984127,0.12698412698412698,0.4603174603174603,63,-0.22222222222222232,-0.20952380952380922,1.169590643274854,0.9446115288220547,0.16624895572263998,0.5196324143692566,0.6499582289055974
2025-05-17 00:00:00,NWSL,Washington Spirit,Royals,3,3,3.9,0.7,nwsl,DRAW,1.5714285714285714,1.0714285714285714,1.7017857142857142,1.3267857142857142,0.5357142857142857,0.21428571428571427,0.25,56,0.5,0.375,0.9032258064516129,1.7096774193548387,1.1548387096774193,1.9548387096774194,0.1935483870967742,0.1935483870967742,0.6129032258064516,31,-0.8064516129032259,-0.8,1.306451612903226,1.175,0.3421658986175115,0.6682027649769585,0.6382488479262673
2025-05-23 00:00:00,NWSL,Seattle Reign FC,Spirit,1,2,0.7,2.3,nwsl,AWAY_WIN,1.3157894736842106,1.087719298245614,1.4789473684210526,1.2333333333333334,0.47368421052631576,0.21052631578947367,0.3157894736842105,57,0.22807017543859653,0.24561403508771917,1.3818181818181818,1.1636363636363636,1.3563636363636362,1.3800000000000001,0.4727272727272727,0.2545454545454545,0.2727272727272727,55,0.21818181818181825,-0.0236363636363639,0.00988835725677828,0.2692503987240831,0.000956937799043045,-0.06602870813397121,0.0759170653907495
2025-05-23 00:00:00,NWSL,Utah Royals,Pride,1,3,0.7,3.8,nwsl,AWAY_WIN,0.9375,1.28125,1.225,1.496875,0.375,0.125,0.5,32,-0.34375,-0.27187499999999987,1.1636363636363636,1.4727272727272727,1.1709090909090911,1.6145454545454545,0.38181818181818183,0.18181818181818182,0.43636363636363634,55,-0.3090909090909091,-0.4436363636363634,-0.03465909090909092,0.17176136363636352,-0.006818181818181834,-0.22613636363636358,0.19147727272727266
2025-05-24 00:00:00,NWSL,Angel City FC,Louisville,2,3,1.6,1.5,nwsl,AWAY_WIN,1.3225806451612903,1.6129032258064515,1.3516129032258064,1.5193548387096774,0.2903225806451613,0.22580645161290322,0.4838709677419355,31,-0.29032258064516125,-0.16774193548387095,0.9523809523809523,1.7142857142857142,1.2214285714285713,1.7619047619047619,0.14285714285714285,0.3333333333333333,0.5238095238095238,42,-0.7619047619047619,-0.5404761904761906,0.4715821812596006,0.3727342549923196,0.14746543778801846,0.37019969278033793,0.10138248847926268
2025-05-24 00:00:00,NWSL,Chicago Stars,Current,1,3,0.1,1.9,nwsl,AWAY_WIN,1.2698412698412698,1.492063492063492,1.2841269841269842,1.4936507936507935,0.4126984126984127,0.12698412698412698,0.4603174603174603,63,-0.22222222222222232,-0.20952380952380922,1.53125,1.25,1.559375,1.09375,0.46875,0.1875,0.34375,32,0.28125,0.46562499999999996,-0.5034722222222223,-0.6751488095238092,-0.056051587301587324,-0.26140873015873023,-0.2420634920634921
2025-05-24 00:00:00,NWSL,Houston Dash,Bay FC,2,2,0.8,2.2,nwsl,DRAW,0.9642857142857143,1.2678571428571428,1.2732142857142856,1.4857142857142858,0.23214285714285715,0.32142857142857145,0.44642857142857145,56,-0.3035714285714285,-0.21250000000000013,1.15,1.5,1.365,1.3725,0.375,0.1,0.525,40,-0.3500000000000001,-0.007500000000000062,0.0464285714285716,-0.20500000000000007,-0.14285714285714285,-0.1857142857142856,0.2321428571428572
2025-05-25 00:00:00,NWSL,San Diego Wave,Courage,5,2,1.6,1.8,nwsl,HOME_WIN,1.4375,1.40625,1.44375,1.278125,0.40625,0.21875,0.375,32,0.03125,0.16562500000000013,1.2105263157894737,1.280701754385965,1.5385964912280703,1.4421052631578948,0.3333333333333333,0.14035087719298245,0.5263157894736842,57,-0.07017543859649122,0.09649122807017552,0.10142543859649122,0.06913377192982462,0.07291666666666669,0.22697368421052633,-0.1255482456140351
2025-06-06 00:00:00,NWSL,Racing Louisville,Royals,3,2,1.9,1.1,nwsl,HOME_WIN,1.3488372093023255,1.2325581395348837,1.3534883720930233,1.3372093023255813,0.4186046511627907,0.2558139534883721,0.32558139534883723,43,0.11627906976744184,0.016279069767441978,0.9032258064516129,1.7096774193548387,1.1548387096774193,1.9548387096774194,0.1935483870967742,0.1935483870967742,0.6129032258064516,31,-0.8064516129032259,-0.8,0.9227306826706677,0.816279069767442,0.22505626406601653,0.44561140285071266,0.47711927981995506
2025-06-06 00:00:00,NWSL,San Diego Wave,Reign,1,2,0.9,0.6,nwsl,AWAY_WIN,1.4375,1.40625,1.44375,1.278125,0.40625,0.21875,0.375,32,0.03125,0.16562500000000013,1.1428571428571428,1.3928571428571428,1.2678571428571428,1.4535714285714287,0.32142857142857145,0.21428571428571427,0.4642857142857143,56,-0.25,-0.18571428571428594,0.28125,0.3513392857142861,0.08482142857142855,0.2946428571428572,-0.013392857142857206
2025-06-07 00:00:00,NWSL,Angel City FC,Chicago Stars,2,2,1.5,0.5,nwsl,DRAW,1.3225806451612903,1.6129032258064515,1.3516129032258064,1.5193548387096774,0.2903225806451613,0.22580645161290322,0.4838709677419355,31,-0.29032258064516125,-0.16774193548387095,1.2698412698412698,1.492063492063492,1.2841269841269842,1.4936507936507935,0.4126984126984127,0.12698412698412698,0.4603174603174603,63,-0.22222222222222232,-0.20952380952380922,-0.06810035842293893,0.04178187403993827,-0.12237583205325137,0.05273937532002049,-0.12083973374295942
2025-06-07 00:00:00,NWSL,Bay FC,Thorns,1,0,0.9,1.1,nwsl,HOME_WIN,1.15,1.5,1.365,1.3725,0.375,0.1,0.525,40,-0.3500000000000001,-0.007500000000000062,1.2678571428571428,1.4107142857142858,1.5160714285714287,1.3607142857142858,0.32142857142857145,0.23214285714285715,0.44642857142857145,56,-0.14285714285714302,0.15535714285714297,-0.20714285714285707,-0.16285714285714303,0.05357142857142855,-0.11785714285714288,-0.08928571428571419
2025-06-07 00:00:00,NWSL,Gotham FC,Current,1,2,0.9,1.9,nwsl,AWAY_WIN,1.3333333333333333,0.9,1.3611111111111112,1.2633333333333334,0.4666666666666667,0.28888888888888886,0.24444444444444444,90,0.43333333333333324,0.09777777777777774,1.53125,1.25,1.559375,1.09375,0.46875,0.1875,0.34375,32,0.28125,0.46562499999999996,0.15208333333333324,-0.3678472222222222,-0.002083333333333326,-0.19791666666666674,0.35
2025-06-07 00:00:00,NWSL,Orlando Pride,Dash,1,0,1.4,0.6,nwsl,HOME_WIN,1.5535714285714286,1.1607142857142858,1.7142857142857142,1.3303571428571428,0.5,0.16071428571428573,0.3392857142857143,56,0.3928571428571428,0.3839285714285714,0.8867924528301887,1.471698113207547,1.0830188679245283,1.679245283018868,0.32075471698113206,0.1320754716981132,0.5471698113207547,53,-0.5849056603773584,-0.5962264150943397,0.9777628032345012,0.9801549865229111,0.17924528301886794,0.6667789757412399,0.31098382749326126
2025-06-08 00:00:00,NWSL,Washington Spirit,Courage,3,1,1.5,2.7,nwsl,HOME_WIN,1.5714285714285714,1.0714285714285714,1.7017857142857142,1.3267857142857142,0.5357142857142857,0.21428571428571427,0.25,56,0.5,0.375,1.2105263157894737,1.280701754385965,1.5385964912280703,1.4421052631578948,0.3333333333333333,0.14035087719298245,0.5263157894736842,57,-0.07017543859649122,0.09649122807017552,0.5701754385964912,0.2785087719298245,0.20238095238095238,0.3609022556390977,0.2092731829573935
2025-06-13 00:00:00,NWSL,Bay FC,Pride,0,1,1.7,0.4,nwsl,AWAY_WIN,1.15,1.5,1.365,1.3725,0.375,0.1,0.525,40,-0.3500000000000001,-0.007500000000000062,1.1636363636363636,1.4727272727272727,1.1709090909090911,1.6145454545454545,0.38181818181818183,0.18181818181818182,0.43636363636363634,55,-0.3090909090909091,-0.4436363636363634,-0.040909090909091006,0.4361363636363633,-0.006818181818181834,-0.013636363636363669,-0.027272727272727337
2025-06-13 00:00:00,NWSL,Houston Dash,Wave,2,3,0.8,1.9,nwsl,AWAY_WIN,0.9642857142857143,1.2678571428571428,1.2732142857142856,1.4857142857142858,0.23214285714285715,0.32142857142857145,0.44642857142857145,56,-0.3035714285714285,-0.21250000000000013,1.1333333333333333,0.9666666666666667,1.09,1.2833333333333334,0.36666666666666664,0.23333333333333334,0.4,30,0.16666666666666663,-0.19333333333333336,-0.4702380952380951,-0.019166666666666776,-0.1345238095238095,-0.169047619047619,-0.3011904761904761
2025-06-13 00:00:00,NWSL,Utah Royals,Gotham FC,0,3,0.6,1.6,nwsl,AWAY_WIN,0.9375,1.28125,1.225,1.496875,0.375,0.125,0.5,32,-0.34375,-0.27187499999999987,1.3333333333333333,0.9,1.3611111111111112,1.2633333333333334,0.4666666666666667,0.28888888888888886,0.24444444444444444,90,0.43333333333333324,0.09777777777777774,-0.7770833333333332,-0.3696527777777776,-0.09166666666666667,-0.39583333333333326,-0.38125
2025-06-14 00:00:00,NWSL,Angel City FC,Courage,1,2,1.4,2.9,nwsl,AWAY_WIN,1.3225806451612903,1.6129032258064515,1.3516129032258064,1.5193548387096774,0.2903225806451613,0.22580645161290322,0.4838709677419355,31,-0.29032258064516125,-0.16774193548387095,1.2105263157894737,1.280701754385965,1.5385964912280703,1.4421052631578948,0.3333333333333333,0.14035087719298245,0.5263157894736842,57,-0.07017543859649122,0.09649122807017552,-0.22014714204867003,-0.26423316355404647,-0.043010752688172005,0.11205432937181659,-0.3322014714204866
2025-06-14 00:00:00,NWSL,Chicago Stars,Reign,2,2,1.0,1.1,nwsl,DRAW,1.2698412698412698,1.492063492063492,1.2841269841269842,1.4936507936507935,0.4126984126984127,0.12698412698412698,0.4603174603174603,63,-0.22222222222222232,-0.20952380952380922,1.1428571428571428,1.3928571428571428,1.2678571428571428,1.4535714285714287,0.32142857142857145,0.21428571428571427,0.4642857142857143,56,-0.25,-0.18571428571428594,0.02777777777777768,-0.02380952380952328,0.09126984126984122,0.12698412698412698,-0.0992063492063493
2025-06-14 00:00:00,NWSL,Kansas City Current,Louisville,4,2,2.1,1.1,nwsl,HOME_WIN,1.8372093023255813,1.2325581395348837,1.8162790697674418,1.1232558139534883,0.5581395348837209,0.16279069767441862,0.27906976744186046,43,0.6046511627906976,0.6930232558139535,0.9523809523809523,1.7142857142857142,1.2214285714285713,1.7619047619047619,0.14285714285714285,0.3333333333333333,0.5238095238095238,42,-0.7619047619047619,-0.5404761904761906,1.3665559246954595,1.233499446290144,0.4152823920265781,0.884828349944629,0.4817275747508305
2025-06-15 00:00:00,NWSL,Portland Thorns FC,Spirit,2,0,1.7,1.1,nwsl,HOME_WIN,1.75,0.9642857142857143,1.9107142857142858,1.075,0.5535714285714286,0.21428571428571427,0.23214285714285715,56,0.7857142857142857,0.8357142857142859,1.3818181818181818,1.1636363636363636,1.3563636363636362,1.3800000000000001,0.4727272727272727,0.2545454545454545,0.2727272727272727,55,0.21818181818181825,-0.0236363636363639,0.5675324675324674,0.8593506493506498,0.08084415584415588,0.36818181818181817,0.19935064935064928
2025-06-20 00:00:00,NWSL,Kansas City Current,Angel City,1,0,2.1,0.8,nwsl,HOME_WIN,1.8372093023255813,1.2325581395348837,1.8162790697674418,1.1232558139534883,0.5581395348837209,0.16279069767441862,0.27906976744186046,43,0.6046511627906976,0.6930232558139535,1.2580645161290323,1.5161290322580645,1.2645161290322582,1.4580645161290324,0.3225806451612903,0.2903225806451613,0.3870967741935484,31,-0.25806451612903225,-0.19354838709677424,0.8627156789197299,0.8865716429107278,0.2355588897224306,0.5791447861965491,0.2835708927231808
2025-06-20 00:00:00,NWSL,Racing Louisville,Pride,2,0,2.5,0.9,nwsl,HOME_WIN,1.3488372093023255,1.2325581395348837,1.3534883720930233,1.3372093023255813,0.4186046511627907,0.2558139534883721,0.32558139534883723,43,0.11627906976744184,0.016279069767441978,1.1636363636363636,1.4727272727272727,1.1709090909090911,1.6145454545454545,0.38181818181818183,0.18181818181818182,0.43636363636363634,55,-0.3090909090909091,-0.4436363636363634,0.42536997885835093,0.45991543340380536,0.036786469344608885,0.18520084566596196,0.24016913319238897
2025-06-21 00:00:00,NWSL,Gotham FC,Bay FC,2,1,0.9,2.8,nwsl,HOME_WIN,1.3333333333333333,0.9,1.3611111111111112,1.2633333333333334,0.4666666666666667,0.28888888888888886,0.24444444444444444,90,0.43333333333333324,0.09777777777777774,1.15,1.5,1.365,1.3725,0.375,0.1,0.525,40,-0.3500000000000001,-0.007500000000000062,0.7833333333333333,0.1052777777777778,0.09166666666666667,0.18333333333333335,0.6
2025-06-21 00:00:00,NWSL,North Carolina Courage,Dash,2,1,2.1,0.5,nwsl,HOME_WIN,1.7894736842105263,0.8421052631578947,1.7719298245614035,1.036842105263158,0.5789473684210527,0.24561403508771928,0.17543859649122806,57,0.9473684210526316,0.7350877192982455,0.8867924528301887,1.471698113207547,1.0830188679245283,1.679245283018868,0.32075471698113206,0.1320754716981132,0.5471698113207547,53,-0.5849056603773584,-0.5962264150943397,1.53227408142999,1.3313141343925852,0.2581926514399206,0.9026812313803376,0.6295928500496524
2025-06-21 00:00:00,NWSL,Portland Thorns FC,Chicago Stars,1,0,0.9,0.3,nwsl,HOME_WIN,1.75,0.9642857142857143,1.9107142857142858,1.075,0.5535714285714286,0.21428571428571427,0.23214285714285715,56,0.7857142857142857,0.8357142857142859,1.2698412698412698,1.492063492063492,1.2841269841269842,1.4936507936507935,0.4126984126984127,0.12698412698412698,0.4603174603174603,63,-0.22222222222222232,-0.20952380952380922,1.007936507936508,1.045238095238095,0.14087301587301593,0.48015873015873023,0.5277777777777778
2025-06-21 00:00:00,NWSL,Utah Royals,Reign,1,4,1.8,2.2,nwsl,AWAY_WIN,0.9375,1.28125,1.225,1.496875,0.375,0.125,0.5,32,-0.34375,-0.27187499999999987,1.1428571428571428,1.3928571428571428,1.2678571428571428,1.4535714285714287,0.32142857142857145,0.21428571428571427,0.4642857142857143,56,-0.25,-0.18571428571428594,-0.09375,-0.08616071428571392,0.05357142857142855,-0.2053571428571428,0.1116071428571428
2025-06-22 00:00:00,NWSL,San Diego Wave,Spirit,0,0,0.8,0.8,nwsl,DRAW,1.4375,1.40625,1.44375,1.278125,0.40625,0.21875,0.375,32,0.03125,0.16562500000000013,1.3818181818181818,1.1636363636363636,1.3563636363636362,1.3800000000000001,0.4727272727272727,0.2545454545454545,0.2727272727272727,55,0.21818181818181825,-0.0236363636363639,-0.18693181818181825,0.18926136363636403,-0.06647727272727272,0.055681818181818166,-0.24261363636363642
